EVENT_LOG	PRECISION	FITNESS	FILTER_FREQ	FILTER_RAND	TOTAL_TRACES	DISCOVERY_ALG_ENC	DISCOVERY_ALG	EDIT_DISTANCE	EDIT_DISTANCE_WEIGHTED	EDIT_DISTANCE_WEIGHTED_MODIF	EDIT_DISTANCE_WEIGHTED_FIT	ALIGNMENT_DFG	DIST_NODES_PERCENT	DIST_EDGES_PERCENT	DIST_EDGES_WEIGHTED_FIT	DIST_EDGES_BTW	DIST_EDGES_CC	DIST_EDGES_DEGREE	CLUST_DIFF	CLUST_MAX_DIFF	DEGREE_DIFF	DEGREE_MAX_DIFF	BETWEEN_DIFF	BETWEEN_MAX_DIFF	ASSORT_DIFF	ENTROPY_DIFF	ENTROPY_DIFF_BTW	EXCEEDING_EDGES	EXCEEDING_EDGES_BTW	EXCEEDING_EDGES_CC	EXCEEDING_EDGES_DEGREE	ESCAPING_EDGES_DFG	ESCAPING_EDGES_DFG_NO_ALGN	FOURIER_ENTROPY_DIFF	FOURIER_ENTROPY_DIFF_WEIGHTED	CLUST_DIFF_WEIGHTED	BETWEEN_DIFF_WEIGHTED	BETWEEN_DIFF_WEIGHTED_NORM	PN_SILENT_TRANS	PN_TRANS	PN_PLACES	PN_ARCS_MEAN	PN_ARCS_MAX	PN_SIMPLICITY	PN_GENERALIZATION	LOG_BTW_MAX	LOG_BTW_MEDIAN	LOG_BTW_ENTROPY	LOG_CC_MAX	LOG_CC_MEDIAN	LOG_CC_ENTROPY	LOG_DEGREE_MAX	LOG_DEGREE_MEDIAN	LOG_DEGREE_ENTROPY	LOG_LINK_DENSITY	LOG_NODE_DEGREE_RATIO	LOG_FOURIER_ENTROPY	LOG_TRACES	LOG_VARIANTS	LOG_ACTIVITIES
Production_Data.xes.gz	0.3028	0.643	0.8	0.8	180	0	IMf	1.16597510373444	0.275166384288709	0.617647058823529	0.105851784907366	0.74178095390926	0.272727272727273	0.771952817824377	0.158382286488929	0.174694	0.159644	0.162032	-0.1919	-0.4852	4.9864	-2	-0.0168	-0.183	-0.0075	-1.0223	0.0701	2.95650700406687	0.165851	0.164311	0.165295	0.217827098621801	0.2811004784689	-0.8369	-1.0677	-0.061376552707902	4170.73766233766	1.27133880867744	145	40	107	3.4953	23	0.6404	0.6291	0.2179	0.0264	2.7837	0.0159	0.0053	4.4674	815	47.5	4.8797	0.195	0.1192	4.0817	225	221	55
4a_VARA_DE_SUCESSOES_E_REGISTROS_PUBLICOS_DA_CAPITAL_-_TJPE.xes	0.2727	0.785	0.7	0.6	21	0	IMf	0.852941176470588	0.205341312427216	0.481481481481482	0.074971164936563	0.806227485965839	0.285714285714286	0.611111111111111	0.07843137254902	0.085591	0.081732	0.080757	0.053	-0.3993	3.5238	3	-0.0573	-0.4257	0.191	-1.6017	-0.0967	1.40215301806997	0.136911	0.136	0.138093	0.257471264367816	0.117117117117117	-0.898	-0.7263	-0.18689459136027	771.283333333333	1.76487227684596	55	15	51	3.0196	4	0.6471	0.7506	0.5612	0.0234	2.8087	0.0276	0.0106	3.7414	396	24.5	4.1219	0.2816	0.1869	3.323	36	36	21
edited_hh104_labour.xes.gz	0.207	0.4377	0.8	0.6	25	0	IMf	0.610169491525424	0.078049092327379	0.144230769230769	0.165022853019004	0.440448203784041	0.052631578947369	0.634042553191489	0.204474380562906	0.219439	0.211359	0.219662	-0.3162	-0.3521	-5.6433	-6	-0.0003	0.0164	0.3945	-0.985	0.0063	0.364686071686312	0.032089	0.032384	0.032087	0.331681003061671	-1	0.0937	-0.1382	-0.04457486529346	169.837301587302	0.481047048449009	67	18	56	3.1429	5	0.6682	0.7984	0.2	0.0395	3.0106	0.0214	0.0146	4.2479	526	74	4.0374	0.5409	0.1027	3.0802	43	43	19
3a_VARA_DE_EXECUCOES_FISCAIS_DA_COMARCA_DE_FORTALEZA_-_TJCE.xes	0.3667	0.7833	0.6	0.7	38	0	IMf	1.22972972972973	0.390557701984665	0.684210526315789	0.318885448916409	0.863422464995875	0.185185185185185	0.655172413793103	0.218266253869969	0.257943	0.228516	0.228229	-0.0529	-0.4222	2.4276	0	-0.0385	-0.4365	0.1692	-0.322	0.0171	2.03405572755418	0.190316	0.189212	0.190764	0.332710280373832	0.32	-0.5103	-0.6231	0.025424619409064	1120.35396825397	1.60820024420024	52	22	45	3.4222	11	0.6296	0.6523	0.4705	0.0684	2.6676	0.0687	0.0213	3.9346	126	9	3.8554	0.1703	0.2553	3.42	58	53	27
activitylog_uci_detailed_labour.xes.gz	0.3513	0.7468	0.6	0.7	17	0	IMf	0.608	0.187808299161762	0.231884057971014	0.407461594732992	-1	0.25	0.552845528455285	0.219458668617411	0.237759	0.238643	0.241112	0.0288	0.0731	-1.0625	-1	-0.0281	-0.0006	0.3248	-0.877	-0.1273	0.427212874908559	0.051512	0.050641	0.050829	-1	-1	-0.4202	-0.3716	-0.227250162557075	293.5	1.05995670995671	35	12	36	2.8889	3	0.664	0.7474	0.2778	0.0762	2.6494	0.0593	0.0345	3.875	174	36	3.375	0.3958	0.1684	2.7267	25	25	16
activitylog_uci_detailed_weekends.xes.gz	0.2829	0.7764	0.9	0.9	9	0	IMf	0.666666666666667	0.188963988127168	0.392405063291139	0.169456066945607	0.768949294906766	0.066666666666667	0.475728155339806	0.131799163179916	0.146743	0.143865	0.141213	0.002	0	0.4429	-1	-0.0339	-0.1094	0.2377	-0.3547	0.0708	1.27196652719665	0.160431	0.158763	0.16109	0.1926817971283	-1	-0.109	-0.1192	-0.262977736203389	208.5	1.07783882783883	46	14	44	2.9545	4	0.6667	0.6806	0.3732	0.0765	2.6826	0.0771	0.0423	3.9069	78	18	3.6402	0.3524	0.2027	2.6561	10	10	15
edited_hh102_labour.xes.gz	0.1333	0.7016	0.8	0.7	12	0	IMf	0.748201438848921	0.18225059639201	0.387096774193548	0.257495590828924	0.701608988073784	0.222222222222222	0.619354838709677	0.243386243386243	0.26822	0.258228	0.267446	-0.0083	-0.2222	-0.0793	-4	-0.0189	-0.1289	0.0897	-0.0571	-0.1518	1.17460317460317	0.121884	0.122212	0.122903	0.149258491468665	-1	-0.5003	-0.6367	-0.165854238305252	248.45	0.54982560331825	42	14	35	3.2	6	0.6842	0.7282	0.2705	0.0377	2.8163	0.1078	0.0311	3.9058	110	26	3.9058	0.3399	0.1731	2.7539	18	18	18
VITORIA_-_5a_VARA_CIVEL_-_TJES.xes	0.1079	0.9526	0.6	0.7	144	0	IMf	0.783625730994152	0.081967349658504	0.329479768786127	0.078860569715142	0.954889026033444	0.642857142857143	0.667605633802817	0.067766116941529	0.07228	0.069186	0.070647	0.1167	-0.0779	4.3904	-23	-0.0238	-0.3579	0.3419	-2.5803	-0.4717	2.45127436281859	0.131942	0.130831	0.131071	0.102063216130137	0.10027228172082	-1.7969	-1.6109	-0.20449345588669	3259.53566433566	1.00812949245876	57	15	46	3.2609	6	0.6484	0.87	0.4168	0.0165	3.3855	0.029	0.0064	4.5203	2217	14	4.5568	0.1878	0.1439	4.0966	206	206	42
Receipt phase of an environmental permit application process (_WABO_) CoSeLoG project.xes.gz	0.9717	0.8983	0.8	0.6	944	0	IMf	0.880952380952381	0.108371973974662	0.2	0.304913901721966	0.924578259950637	0.777777777777778	0.86	0.157496850062999	0.164878	0.165175	0.164621	0.1828	0	-1.1667	-9	-0.0097	-0.119	-0.0912	-1.1602	-0.1024	0.181996360072799	0.013983	0.013827	0.013853	0.930034418552164	0.667062138514015	-1.3965	-1.7233	-0.135285633495167	1688.05	1.91853846153846	1	6	10	1.8	2	0.8947	0.9727	0.25	0.125	1.2516	0.4444	0.0961	1.9183	155	155	1.7925	0.3	0.6667	1.6096	1434	116	27
3a_VARA_DE_FAMILIA_E_REGISTRO_CIVIL_DA_COMARCA_DE_OLINDA_-_TJPE.xes	0.7555	0.984	0.6	0.6	83	0	IMf	0.652173913043478	0.044115562005321	0.083333333333333	0.102934921310081	0.991721159674883	0.5	0.647058823529412	0.022543598468737	0.025779	0.024253	0.024902	-0.2454	-0.5	-0.8333	-3	0.1053	0.0591	0.608	-1.4371	-0.9697	0	0	0	0	0.777846027846028	0.755102040816326	-0.8464	-0.8411	0.242545216567628	170.666666666667	0.406060606060606	16	6	16	2.75	3	0.76	0.9361	0.45	0.225	1.2516	0	0	0	216	156	2.585	0.4	0.5	1.7747	232	33	12
PRIMEIRA_VARA_CRIMINAL_-_COMARCA_DE_VARZEA_GRANDE_-_SDCR_-_TJMT.xes	0.4032	-1	0.6	0.8	37	0	IMf	0.814814814814815	0.141478502938447	0.368715083798883	0.207311320754717	0.678568314094304	0.608695652173913	0.752577319587629	0.290448113207548	0.363456	0.296286	0.317252	-0.0978	-0.417	3.314	-23	-0.0194	-0.5598	0.3159	-1.7498	-0.3912	0.900353773584905	0.056471	0.056419	0.056523	-1	-1	-1.983	-1.645	0.055207787077557	4337.25238095238	1.65456151147328	57	18	51	3.1765	6	0.6364	0.8236	0.4415	0.0248	2.9014	0.0238	0.0053	4.1341	2004	20	4.7666	0.1589	0.1498	4.3475	47	47	46
BPI_Challenge_2014_Control summary.xes.gz	1	0.9972	0.9	0.9	35659	0	IMf	0.789473684210526	0.217413220451829	0.5	0.485572994688819	0.997533491602583	0.428571428571429	0.666666666666667	0.008630668664034	0.009664	0.010497	0.010051	-0.1951	-0.5	-0.7143	-3	0.0715	0.0666	0.3921	-0.6281	-0.2359	0	0	0	0	1	1	-0.2299	-0.4715	0.014398681878645	22	0.2	5	4	8	2.25	3	0.8947	0.9937	0.3333	0.1667	2	0	0	0	39335	23432	2	0.3333	1	1.4882	43808	59	7
8_a_VARA_CIVEL_DE_ARACAJU_-_TJSE.xes	0.3402	-1	0.7	0.7	346	0	IMf	0.813169984686064	0.097458845028071	0.133802816901408	0.257953127166829	0.796448384477657	0.75	0.806930693069307	0.176591318818472	0.198583	0.177993	0.185067	-0.2398	-0.2321	-0.1805	-48	-0.0163	-0.4987	0.1268	-1.7183	-0.2244	0.049077797808903	0.005429	0.005438	0.005437	-1	-1	-2.1993	-1.9552	-0.098424155462922	11349.1161116661	2.02635488103117	34	18	35	3.3143	9	0.6	0.8324	0.4241	0.0061	3.3941	0.0107	0.0021	3.6394	9980	15.5	5.2673	0.1159	0.1288	4.7706	495	495	72
ElectronicInvoicingENG.xes.gz	0.5714	0.6513	0.7	0.6	4230	0	IMf	0.703703703703704	0.403552296650135	0.285714285714286	1.09121307049274	0.68375028084252	0.444444444444444	0.611111111111111	0.558344727323076	0.648425	0.558345	0.673154	0	0	-0.6	-1	0.0338	0.0387	-0.0594	-1.0878	-0.5814	0	0	0	0	0.658425928616867	0.6	-0.5687	-0.3611	0	57	0.363095238095238	5	5	8	2.5	3	0.8182	0.9937	0.3333	0.25	1.9219	0	0	0	8460	8460	0.971	0.35	0.7143	1.3486	20135	7	9
4a_VARA_CIVEL_-_TJGO.xes	0.9849	0.8469	0.7	0.6	213	0	IMf	0.756410256410256	0.227098170646558	0.25	0.60064935064935	0.906655365283684	0.4375	0.738461538461539	0.305194805194805	0.33913	0.319182	0.338551	0.0993	0	-1.6528	-9	-0.0462	-0.4631	-0.1092	-1.394	-0.4391	0.357142857142857	0.034496	0.034438	0.034719	0.991563919532771	0.885764499121265	-0.788	-0.8122	-0.553423263583872	356.666666666667	1.41031746031746	7	9	10	3.4	6	0.619	0.8691	0.1786	0	2.1972	0.1564	0.0407	2.0588	58	7	2.5033	0.1944	0.6429	2.2431	339	98	16
VARA_DA_FAZENDA_PUBLICA_DA_COMARCA_DE_PAULISTA_-_TJPE.xes	0.3576	0.8176	0.7	0.6	68	0	IMf	0.917808219178082	0.203749082557947	0.5	0.319482917820868	0.823359244996449	0.586206896551724	0.729032258064516	0.234995383194829	0.266973	0.244156	0.249875	0.2763	0.1667	2.6322	-11	-0.0345	-0.6164	0.3	-0.8379	-0.6877	1.51754385964912	0.178201	0.178788	0.178237	0.259887262478407	0.175745118191161	-1.5189	-1.4728	-0.341171569070596	1244	0.8997594997595	46	12	38	3.1579	5	0.6667	0.7804	0.7775	0.0083	3.2539	0.0386	0.0072	3.2399	637	39	4.3158	0.1615	0.2476	3.6359	116	112	29
BPI_Challenge_2014_Entitlement application.xes.gz	0.9148	0.9118	0.6	0.7	2950	0	IMf	0.918604651162791	0.232484966215203	0	0.697631167149307	0.9333718486166	0.7	0.947368421052632	0.119905750310269	0.129471	0.12483	0.129523	-0.4737	-0.3788	-6.2667	-15	0.1492	0.2196	0.186	-1.5112	-0.2772	0	0	0	0	0.926774935166004	0.849808521727308	-0.9745	-1.5543	-0.698327293175461	719.333333333333	1.06764132553606	4	6	8	2.5	3	0.8182	0.9939	0.4333	0.1667	1.8424	0.1538	0	1.3788	14750	5900	2.5216	0.2381	0.7	1.8017	15260	2553	20
BPI_Challenge_2014_Inspection.xes.gz	0.4599	0.8478	0.6	0.6	3483	0	IMf	0.951219512195122	0.217135715363836	0.571428571428571	0.173795205793	0.755131631077619	0.2	0.663043478260869	0.179148112697158	0.233948	0.197156	0.20703	-0.1448	0	0.2	-4	-0.0286	-0.3975	0.0843	-0.0182	0.152	0.547114944442132	0.096016	0.096771	0.097302	2.42673030075076	0.306666666666667	-0.2408	-0.3315	-0.035376902093593	324	1.55724275724276	29	12	31	2.8387	4	0.6923	0.9117	0.5	0.0604	2.5996	0.0157	0.0029	3.2402	75739	2038	3.9069	0.3	0.2381	2.5828	5485	3190	15
BPI_Challenge_2014_Geo parcel document.xes.gz	0.3282	0.9187	0.7	0.8	12033	0	IMf	0.693430656934307	0.125803693443995	0.218181818181818	0.278237526612978	0.931254120769933	0.3125	0.686567164179104	0.069040081458854	0.081312	0.070595	0.073872	-0.1051	-0.0667	-2.5625	-7	-0.0074	0.0143	0.5242	-0.7796	-0.0484	0.565894658891049	0.087465	0.089222	0.088512	0.371986437550914	0.270535994346948	-0.2566	-0.5921	-0.3285811890858	254.833333333333	0.572222222222222	23	11	21	3.3333	6	0.6471	0.8879	0.4242	0.3409	2.8731	0.0511	0.013	3.3927	71516	6977	3.5466	0.3397	0.2453	2.5668	29059	9274	16
BPI_Challenge_2012.xes.gz	0.6259	0.6429	0.6	0.6	6888	0	IMf	0.953020134228188	0.222277804316381	0.592592592592593	0.322833412949144	0.807976130046913	0.083333333333333	0.751515151515152	0.353751108934499	0.384022	0.366744	0.383629	-0.1897	-0.3333	-1.5265	-5	-0.0147	-0.027	0.2145	-0.5576	0	1.15653137331251	0.141479	0.139822	0.14124	2.06553925924569	0.425240867638724	-0.0931	-0.3358	-0.17425708188414	1013	1.85143986448334	36	22	43	2.8372	5	0.7063	0.897	0.6434	0.1213	0	0.0632	0.0039	3.0805	8326	186.5	3.6144	0.1503	0.3913	3.1267	13087	4366	24
3a_VARA_DE_FEITOS_TRIBUTARIOS_DO_ESTADO_-_TJMG.xes	0.2823	0.8084	0.6	0.6	21	0	IMf	0.858333333333333	0.243033749003898	0.351351351351351	0.630031659882406	0.776495729919844	0.6	0.754385964912281	0.295341474445952	0.318334	0.303676	0.312063	0.0331	-0.02	-0.8333	-13	-0.0133	-0.2648	0.317	-1.5464	-0.2917	1.38172772501131	0.102091	0.101857	0.101963	-1	-1	-1.0784	-1.3703	-0.140384016095567	1468.1	1.25915808329601	20	12	26	2.9231	4	0.617	0.826	0.3012	0.0237	3.1173	0.0365	0.0201	4.3158	317	15	4.5466	0.2569	0.1557	3.4899	35	35	30
BPI_Challenge_2020_InternationalDeclarations.xes.gz	0.4211	0.9165	0.6	0.7	1564	0	IMf	0.978260869565217	0.26519269544596	0.571428571428571	0.555782167970533	0.925030545625738	0.5	0.808510638297872	0.139965297860035	0.149034	0.144765	0.145937	0.0796	-0.02	-0.8235	-16	-0.0058	-0.2496	0.2674	-0.6364	0.3816	2.79081306505129	0.237782	0.234649	0.236617	0.456401374645429	0.341749407880153	-1.0267	-1.1008	-0.870100560038773	2368.83333333333	1.23544823232323	10	17	22	2.7273	6	0.6901	0.9802	0.7143	0.2405	0.9934	0.1914	0.0493	2.7806	2249	1389	3.625	0.1167	0.5714	2.4969	6449	753	34
DocumentProcessingENG.xes.gz	0.642	0.4248	0.7	0.8	4773	0	IMf	0.758620689655172	0.515451779696858	0.2	1.5830597961773	0.505718268671997	0.6	0.736842105263158	0.791171775876888	0.877618	0.791172	0.908634	0	0	-0.65	-1	0.0625	0.1389	-0.076	-0.6855	-0.9464	0	0	0	0	0.734737340274491	0.6	-0.9395	-0.5702	0	71	0.375	3	4	6	2.3333	3	0.8667	0.9905	0.2857	0.2143	2.1972	0	0	0	18768	18768	0.7642	0.2083	0.6	1.7866	18352	3	10
edited_hh110_labour.xes.gz	0.2222	0.6062	0.7	0.8	16	0	IMf	0.584745762711864	0.098501230692828	0.188679245283019	0.196493791088386	0.601120543362412	0.058823529411765	0.6	0.238130021913806	0.256426	0.250465	0.263137	-0.1469	-0.1667	-2.6287	-6	0.023	0.0698	0.7338	-0.7378	0.0559	0.154127100073046	0.029095	0.029143	0.028692	0.307266210492017	-1	0.0301	-0.4465	-0.336237114534771	161.166666666667	0.520039682539682	47	16	44	2.9545	4	0.6993	0.7082	0.4143	0.0655	2.7744	0.0759	0.0305	4	216	32	3.3278	0.3667	0.1818	2.8176	21	21	17
QUARTA_VARA_CRIMINAL_-_COMARCA_DE_VARZEA_GRANDE_-_SDCR_-_TJMT.xes	0.575	0.7529	0.8	0.8	41	0	IMf	0.901360544217687	0.199366855265592	0.21875	0.586433548047851	0.751308837459789	0.755555555555556	0.923371647509578	0.341264624687787	0.393645	0.346091	0.368109	-0.1851	0	-2.6242	-35	0.0168	-0.3704	0.3925	-2.2213	0.2432	0.700013145786775	0.031472	0.031077	0.031138	-1	-1	-1.9416	-2.3459	-0.437876148279901	4519.27142857143	1.95473589717776	27	11	25	3.12	4	0.6774	0.8457	0.5662	0.0206	2.8667	0.0185	0.0071	3.3978	2146	11	4.5987	0.1226	0.1897	4.4092	52	52	45
edited_hh104_weekends.xes.gz	0.2172	0.4791	0.7	0.7	12	0	IMf	0.767676767676768	0.164476678972416	0.224137931034483	0.460818713450292	0.469950000473871	0.263157894736842	0.778350515463918	0.334502923976608	0.361732	0.350984	0.361043	-0.3077	-0.3333	-5.2782	-7	-0.0018	-0.011	0.2122	-1.4742	-0.3111	0.43859649122807	0.042806	0.043382	0.042963	0.291640477686989	-1	-0.0013	-0.6177	-0.061042429030698	234.303463203463	0.528455259337612	46	14	39	3.1282	5	0.6828	0.7466	0.2177	0.0432	3.0169	0.0461	0.0175	4.0588	254	49	3.9477	0.5033	0.1169	3.1038	18	18	19
1a_VARA_CRIMINAL_DA_CAPITAL_-_TJAM.xes	0.4709	0.7352	0.7	0.8	105	0	IMf	0.950877192982456	0.218812041066947	0.525	0.255438859714929	0.727920068740871	0.41025641025641	0.765193370165746	0.248312078019505	0.309694	0.253383	0.268772	-0.2419	-0.5	1.8333	-9	-0.0223	-0.3294	0.5914	-0.9172	-0.0268	0.756939234808703	0.068126	0.068138	0.068244	-1	-1	-0.9452	-0.9422	0.039058337160031	2502.47510822511	1.64915172795608	48	24	45	3.4222	9	0.6126	0.7728	0.3247	0.0268	3.0128	0.0208	0.0042	3.9107	2139	14	4.6243	0.1689	0.1644	4.1366	131	128	38
VARA_DE_SUCESSOES_DE_CAMPINA_GRANDE_-_TJPB.xes	0.1828	0.8934	0.7	0.8	20	0	IMf	0.90625	0.229600850518285	0.5	0.334203655352481	0.884472636506809	0.28	0.552238805970149	0.127937336814622	0.140659	0.131924	0.137339	0.0539	0	0.2089	-7	-0.0217	-0.1675	0.3252	-1.0851	-0.3458	2.01892950391645	0.129241	0.126401	0.127397	0.118366455557982	-1	-0.356	-0.4867	-0.214393322871492	860.142857142857	1.09636209556286	36	18	37	3.2432	6	0.6107	0.8059	0.2437	0.0534	3.2733	0.04	0.0215	4.3239	315	21	4.0235	0.2533	0.1645	3.4028	25	25	25
BPI_Challenge_2020_PrepaidTravelCost.xes.gz	0.6198	0.9074	0.8	0.7	1459	0	IMf	1.00520833333333	0.289255805842108	0.660377358490566	0.683718337771722	0.916854309519684	0.448275862068966	0.786516853932584	0.107388369356537	0.115782	0.110266	0.111894	-0.0343	-0.3571	-2.3082	-5	-0.0123	-0.1123	0.3291	-1.3917	0.1209	0.864618814640491	0.063748	0.063336	0.063511	0.708084077016116	0.497548299627161	-0.7087	-0.8559	-0.342970222813572	1563.14632034632	1.45204539728349	8	16	20	2.7	5	0.6875	0.9526	0.4	0.0476	0.3373	0.0567	0.0161	2.6494	1462	421	3.625	0.125	0.5333	2.6975	2099	202	29
JUIZO_DA_1a_ESCRIVANIA_CRIMINAL_DE_ARAPOEMA_-_TJTO.xes	0.1065	0.8702	0.8	0.6	26	0	IMf	0.960132890365448	0.278138741747172	0.515942028985507	0.193570929419986	0.903806844221425	0.41025641025641	0.635955056179775	0.160027952480783	0.171462	0.164697	0.163706	0.2295	-0.1657	8.2821	-5	-0.0297	-0.2069	0.2121	-0.9667	0.0928	4.77218728162124	0.258703	0.257105	0.259971	0.089091947458595	0.086673889490791	-1.1769	-0.9795	-0.170352828765939	2461.6873015873	1.15033129506814	38	23	32	3.875	8	0.6	0.8136	0.2199	0.0296	3.16	0.0636	0.0277	4.5069	96	14.5	4.1185	0.2253	0.1531	3.4914	43	41	39
BPI_Challenge_2014_Reference alignment.xes.gz	1	0.9818	0.9	0.9	34987	0	IMf	0.80952380952381	0.255365196232668	0.333333333333333	0.699428922031338	0.990791427295636	0.5	0.8	0.09040494619596	0.113892	0.106175	0.112327	-0.4653	-1	-1.5	-3	0.0834	0.25	0.3268	-1	-0.3333	0	0	0	0	1	1	-0.6247	-0.9837	0.036094108423434	23	0.7	5	3	7	2.2857	3	0.8824	0.9939	0.5	0	1.585	0	0	0	9095	9095	1.585	0.5	1	0.9698	43802	515	6
Hospital Billing - Event Log.xes.gz	0.9527	0.8466	0.6	0.8	43275	0	IMf	0.93167701863354	0.368172397219611	0.2	1.09752418466583	0.884446231609035	0.722222222222222	0.9375	0.341767252297508	0.351503	0.355477	0.357705	-0.0693	-0.3333	-5.9444	-10	-0.0455	-0.1552		-3.7255	-1.1197	0.212711215594307	0.015191	0.015066	0.015151	3.27886773311248	0.753474331229882	-1.0883	-1.6116	-0.093368357503405	662.5	2.43566176470588	4	5	6	3	4	0.7143	0.9955	0.3	0.1	1.9183	0.2632	0.0439	1.4591	54575	54575	1.4591	0.2	1	1.7382	100000	1020	18
COLOMBO_-_VARA_DA_FAZENDA_PUBLICA_-_TJPR.xes	0.0715	0.7616	0.6	0.8	427	0	IMf	0.855172413793103	0.192558809505284	0.48951048951049	0.020299379335524	0.813716972978251	0.217391304347826	0.668341708542714	0.080321285140562	0.095297	0.086127	0.087742	-0.0252	-0.0303	2.6401	-2	-0.0402	-0.3173	0.3865	-0.9068	-0.1479	2.70266520627966	0.227729	0.224587	0.227604	0.318690878961541	0.269314769314769	-0.6435	-0.6507	-0.243848685388251	936.666666666667	1.75375074272133	71	18	58	3.2069	5	0.6533	0.8258	0.408	0.0602	2.8927	0.0192	0.0076	3.9318	3261	125	4.3496	0.2352	0.1933	3.4198	513	395	23
Road_Traffic_Fine_Management_Process.xes.gz	1	0.5105	0.6	0.6	46371	0	IMf	0.962962962962963	0.723452409910693	0	2.15607151544636	0.578320323519384	0.818181818181818	0.985714285714286	0.885789345657991	0.907882	0.973687	0.945139	-0.8213	-1	-5.8636	-9	-0.0313	-0.1396		-3.0958	-1.5503	0	0	0	0	2.67511139189998	1	-0.6336	-1.3445	0.074107666625443	115	1.27777777777778	0	2	3	1.3333	2	1	0.9969	0.3333	0.25	1.9219	0	0	0	56482	56482	0.971	0.2	1.25	1.3486	150370	231	11
BPI_Challenge_2020_PermitLog.xes.gz	0.1972	0.9072	0.8	0.8	4964	0	IMf	1.12251655629139	0.234164388947345	0.637019230769231	0.279780170028673	0.913781653721253	0.215686274509804	0.718253968253968	0.094660194174757	0.099568	0.095788	0.097819	-0.0874	-0.0789	-0.4431	-8	-0.0121	-0.1326	0.1143	-1.0941	0.0872	3.31094370944212	0.181252	0.180487	0.181694	0.322878798289071	0.167725681542801	-0.1057	-0.5331	-0.277253026009179	3647.65549224168	1.20433173763222	55	40	54	3.6296	9	0.6132	0.9316	0.5418	0.0296	0.4844	0.055	0.0081	3.8609	3740	299	5.1362	0.0743	0.3281	3.9067	7065	1478	51
BPI_Challenge_2019_log_IEEE.xes.gz	0.9949	0.8102	0.6	0.6	69479	0	IMf	0.981481481481482	0.313120413918174	0.473684210526316	0.908866982247288	0.934870030251745	0.785714285714286	0.963927855711423	0.296543120052316	0.310585	0.302397	0.30751	-0.1856	-0.3333	-9.746	-24	0.0164	0.0903	-0.1693	-2.6489	-1.1105	0.006602494143309	0.000372	0.000371	0.000372	24.3810719956961	0.871147373714017	-1.3868	-2.1581	-0.959884248252322	4238.49761904762	1.99803861788618	5	9	12	2.5	4	0.7647	0.9967	0.2857	0.119	1.2988	0.1277	0.0788	1.8113	91258	43982.5	3	0.1786	0.8	2.0762	251734	11973	42
SETIMA_VARA_CIVEL_-_COMARCA_DA_CAPITAL_-_SDCR_-_TJMT.xes	0.3652	-1	0.8	0.7	110	0	IMf	0.8984375	0.146097452979925	0.422330097087379	0.262736803384219	0.730880906104862	0.67741935483871	0.807272727272727	0.249540187603458	0.286328	0.251891	0.264351	-0.2443	0	3.0419	-30	-0.0119	-0.3159	0.4887	-0.9453	-0.9259	0.976227699098768	0.057101	0.057041	0.057241	-1	-1	-2.1361	-1.8997	-0.051753990917269	7927.62973403408	1.36151564969774	54	20	48	3.25	5	0.6421	0.8874	0.3798	0.0144	3.2219	0.0112	0.005	3.6985	4685	24	5.1867	0.1344	0.1353	4.6635	159	149	62
Sepsis Cases - Event Log.xes.gz	0.4742	0.8541	0.6	0.6	666	0	IMf	0.587786259541985	0.100194614638459	0.253012048192771	0.117975148263202	0.829090524084711	0.1875	0.595744680851064	0.11959898333804	0.138251	0.123435	0.130625	-0.1525	-0.3222	-0.8029	-5	-0.0366	-0.2531	0.63	-1.1862	0.1402	1.11839875741316	0.107809	0.105986	0.106686	0.582415002421165	0.449215524360033	-0.0236	-0.5062	-0.129135243417973	353.166666666667	1.34126984126984	19	13	26	2.8462	5	0.6444	0.922	0.3937	0.1194	2.0218	0.0398	0.026	3.875	2003	439.5	4	0.4583	0.1455	2.9569	1050	846	16
4_a_VARA_CIVEL_DE_ARACAJU_-_TJSE.xes	0.3038	-1	0.6	0.6	273	0	IMf	0.798586572438163	0.093900131341728	0.16551724137931	0.219576145528191	0.82427931319537	0.746268656716418	0.798507462686567	0.194134027702434	0.209296	0.196127	0.204239	-0.2273	-0.3182	1.0816	-44	-0.0147	-0.4407	0.2602	-1.7598	-0.5528	0.407634443600593	0.024989	0.024944	0.024981	-1	-1	-2.2617	-2.0476	-0.110155808041924	9451.73481240981	1.83344634321907	31	17	32	3.3125	9	0.6061	0.8516	0.5008	0.01	3.3217	0.0149	0.0022	4.2014	7003	8	4.7099	0.1192	0.1446	4.5158	456	456	67
BPI_Challenge_2013_open_problems.xes.gz	0.9996	0.8633	0.6	0.7	340	0	IMf	0.555555555555556	0.244560487380331	0	0.733681462140992	0.894759859226732	0.333333333333333	0.666666666666667	0.385117493472585	0.560705	0.385117	0.54814	0	0	-1	-1	-0.3333	-1	-0.0366	-0.585	-0.585	0	0	0	0	0.998722534491569	0.999675745784695	0.0302	0.0294	0	2	1	4	2	5	2.4	3	0.8462	0.9616	0	0	1.585	0	0	0	328	0	1.585	0.5	1	0.993	819	108	3
BPI_Challenge_2013_incidents.xes.gz	0.8767	0.9909	0.7	0.7	4399	0	IMf	0.333333333333333	0.004800588718904	0	0.014401766156712	0.993867441345929	0.25	0.363636363636364	0.010089860121768	0.015092	0.012009	0.013863	-0.1458	0	-0.4167	-1	-0.1667	-0.3333		-0.5817	-0.415	0	0	0	0	0.862371715014534	0.87505030554816	-0.4333	-0.5724	-0.017909757462959	9	1.5	9	3	10	2.6	3	0.7333	0.9887	1	0	1.585	0	0	0	13437	2796	1.585	1.1667	0.4286	0.97	7554	1511	4
BPI Challenge 2017.xes.gz	-1	-1	0.6	0.6	17446	0	IMf	0.946078431372549	0.190038342776525	0.550561797752809	0.314177652426889	0.85937806202719	0.230769230769231	0.752336448598131	0.120640644778853	0.12803	0.125915	0.12769	0.0658	-0.1	-2.3962	-3	-0.0139	0.1314	-0.1332	-0.988	0	2.14214722427692	0.187392	0.185648	0.185529	0.341702330936496	0.186207873123761	-0.1491	-0.5778	-0.686259829610965	1264	1.69804093567251	44	20	47	2.9362	5	0.6727	0.9346	0.3983	0.0383	0	0.0578	0.0034	4.4697	120801	17808	4.4697	0.2585	0.1548	3.2157	31509	15930	26
BPI_Challenge_2020_DomesticDeclarations.xes.gz	1	0.8905	0.6	0.8	4618	0	IMf	0.875	0.274940837776896	0.25	0.799181487689662	0.890602346939484	0.705882352941176	0.897435897435897	0.272699566798006	0.309859	0.287585	0.299643	-0.3476	-1	-1.4941	-9	0.075	-0.4334	0.0966	-1.365	0.3991	0	0	0	0	1	1	-1.3613	-1.6376	0.222543818629671	430	1	0	5	6	1.6667	2	1	0.99	0.3	0.2	0.65	0	0	0	2473	2473	0.9183	0.1667	1.2	1.6461	10500	99	17
5a_VARA_CIVEL_-_TJMT.xes	0.0823	0.9378	0.7	0.8	23	0	IMf	1.39366515837104	0.444933965016044	0.649171270718232	0.144059869036483	0.923051660345558	0.4	0.688995215311005	0.090739008419083	0.099271	0.094059	0.092027	0.366	-0.0556	11.9238	2	-0.0384	-0.3404	0.2405	-2.7273	-0.5569	7.19176800748363	0.379577	0.372868	0.375113	0.076316856927624	0.068108974358974	-1.2753	-1.0573	0.035349275451039	2220.96785714286	1.85620004780222	44	21	32	4.0625	6	0.5951	0.7703	0.4737	0.0254	3.1689	0.047	0.0228	4.3866	206	12	4.0532	0.1874	0.184	3.7037	29	29	35
VARA_DE_SUCESSOES_E_REGISTROS_PUBLICOS_DA_COMARCA_DE_JABOATAO_DOS_GUARARAPES_-_TJPE.xes	0.3214	0.84	0.7	0.6	16	0	IMf	0.721428571428571	0.188682392423348	0.166666666666667	0.473474044495151	0.828905497626564	0.576923076923077	0.790697674418605	0.158870507701084	0.17318	0.166247	0.168183	0.1317	0.2	-0.5664	-9	-0.0032	-0.4744	0.4598	-0.3929	-1.0076	0.950085567598403	0.091841	0.090697	0.09063	-1	-1	-1.334	-1.3516	-0.620263382381677	1248	1.4	35	11	32	3	5	0.6842	0.7524	0.5451	0.0166	3.1887	0.0227	0.0056	3.6573	459	11.5	4.0535	0.1866	0.233	3.5927	28	28	26
Receipt phase of an environmental permit application process (_WABO_) CoSeLoG project.xes.gz	1	0.5299	0.7	0.6	231	1	HEU_MINER	0.928571428571429	0.215789421585306	0.2	0.637267254654907	0.726514749612378	0.777777777777778	0.94949494949495	0.476410471790564	0.515462	0.491946	0.50877	-0.4176	-1	-2.8334	-11	0.0987	-0.019	-0.1647	-2.4935	-0.1024	0	0	0	0	3.2710942649967	1	-1.2591	-1.9048	0.424379124089939	1682.05	1.61853846153846	1	6	7	2	3	1	0.9635	0.3	0.2	1.2516	0	0	0	713	713	0.9183	0.1667	1.2	1.6461	1434	116	27
3a_VARA_DE_FAMILIA_E_REGISTRO_CIVIL_DA_COMARCA_DE_OLINDA_-_TJPE.xes	0.8057	0.6575	0.8	0.8	134	1	HEU_MINER	0.760869565217391	0.369346377428045	0	1.03572947681838	0.661803276373203	0.666666666666667	0.794117647058823	0.429179072735006	0.478654	0.48735	0.475692	-0.2454	-0.5	-1.0833	-3	0.0387	-0.0576	0.467	-1.6887	-1.41	0	0	0	0	0.715453194650817	-1	-1.0749	-1.2579	0.242545216567628	194.666666666667	1.13939393939394	11	6	13	2.7692	4	0.7143	0.9334	0.45	0.225	1.2516	0	0	0	298	236	2.585	0.4	0.5	1.5095	232	33	12
BPI_Challenge_2014_Control summary.xes.gz	1	0.9012	0.9	0.9	8857	1	HEU_MINER	0.789473684210526	0.217413220451829	0.5	0.485572994688819	0.997533491602583	0.428571428571429	0.666666666666667	0.008630668664034	0.009664	0.010497	0.010051	-0.1951	-0.5	-0.7143	-3	0.0715	0.0666	0.3921	-0.6281	-0.2359	0	0	0	0	1	1	-0.2299	-0.4715	0.014398681878645	22	0.2	2	4	6	2	3	1	0.9938	0.3333	0.1667	2	0	0	0	39335	23432	2	0.3333	1	1.4882	43808	59	7
ElectronicInvoicingENG.xes.gz	0.5569	0.6513	0.8	0.7	6855	1	HEU_MINER	0.592592592592593	0.288562421435957	0.222222222222222	0.815680437529206	0.68375028084252	0.333333333333333	0.5	0.421474930338012	0.498653	0.421475	0.518208	0	0	-0.5	0	0.0004	0.0054	-0.1497	-0.1405	-0.2517	0	0	0	0	0.574282857585444	0.529411764705882	-0.2194	-0.0689	0	51	0.396428571428571	12	9	15	2.8	4	0.75	0.9931	0.2679	0.1429	2.5033	0	0	0	29904	21444	1.5305	0.2222	0.5625	1.8052	20135	7	9
4a_VARA_CIVEL_-_TJGO.xes	1	0.7017	0.7	0.6	182	1	HEU_MINER	0.833333333333333	0.240800865800866	0	0.727272727272727	0.782016647724612	0.625	0.887096774193548	0.625	0.728491	0.65194	0.702893	-0.5753	-1	-2.7083	-10	-0.0637	-0.5714	-0.334	-1.6603	-0.6069	0	0	0	0	1.09111531190926	1	-1.0522	-0.9835	0.628904129391285	377.666666666667	1.7531746031746	6	8	9	3.5556	6	0.561	0.7985	0.2381	0	2.1556	0.0862	0.0305	1.9056	77	13.5	2.4056	0.2143	0.6667	2.1752	339	98	16
BPI_Challenge_2014_Inspection.xes.gz	0.9015	0.054	0.6	0.6	3237	1	HEU_MINER	0.731707317073171	0.312287608940192	0.388888888888889	0.712982229805651	0.858302005917482	0.066666666666667	0.462686567164179	0.117665112988472	0.126301	0.126239	0.124994	-0.4402	-0.4	-1.8953	-4	0.061	0.1708	0.0433	0.1005	-0.0501	0	0	0	0	0.295236885582681	-1	0.1595	0.0147	0.009042329934721	112	0.364468864468865	34	15	24	4.1667	11	0.5748	0.8836	0.4121	0.0604	2.5996	0.0169	0.0037	3.4566	71619	1983	3.9069	0.2952	0.2419	2.5825	5485	3190	15
BPI_Challenge_2012.xes.gz	0.7745	0.7316	0.6	0.6	3588	1	HEU_MINER	0.919463087248322	0.194817677118416	0.545454545454545	0.483547626980527	0.831827512916286	0.375	0.736	0.313199230871131	0.330595	0.325845	0.339758	-0.2338	0	-3.0083	-8	0.0935	0.3875	0.2905	-0.7136	0	0	0	0	0	0.647375124400054	0.606665037571018	-0.7699	-0.5535	-0.039999631202216	970	0.456934369977848	28	16	24	3.7917	8	0.5965	0.9699	0.6167	0.1226	0	0.0811	0.0039	2.954	10059	183	3.5681	0.1104	0.4314	3.3612	13087	4366	24
BPI_Challenge_2020_InternationalDeclarations.xes.gz	0.9662	0.7693	0.6	0.8	3352	1	HEU_MINER	0.952173913043478	0.303484274596265	0.611111111111111	0.849228333992877	0.763986435935472	0.558823529411765	0.908163265306122	0.244482664150254	0.25876	0.251517	0.253144	-0.4048	-0.5	-4.5647	-22	0.0804	-0.0866	0.1406	-2.4859	0.4685	0	0	0	0	1.74804254690501	0.890522875816993	-1.0668	-1.1606	-0.127283751438695	2350.83333333333	0.72093358030858	11	17	19	3.1053	6	0.662	0.952	0.7092	0.1634	0.8795	0.2264	0.0293	2.8	2563	1011	3.8269	0.0936	0.5938	2.5808	6449	753	34
DocumentProcessingENG.xes.gz	0.5438	0.8911	0.7	0.7	9384	1	HEU_MINER	0.379310344827586	0.152973365759998	0.2	0.353656939385258	0.845525809458059	0.1	0.210526315789474	0.075774567183727	0.080934	0.075775	0.099898	0	0	-0.2333	-1	0.0625	0.0913	0.1621	-0.9213	-0.2492	0	0	0	0	0.598581746604348	0.533333333333333	-0.4339	-0.2182	0	-9	-0.458333333333333	13	9	16	2.75	3	0.76	0.9926	0.3333	0.1667	1.5	0	0	0	9546	7159.5	1	0.4167	0.8	1.281	18352	3	10
BPI_Challenge_2020_PrepaidTravelCost.xes.gz	0.9286	0.6606	0.8	0.6	572	1	HEU_MINER	0.958333333333333	0.372292623890197	0.708333333333333	0.980429801201462	0.832624414715265	0.379310344827586	0.852760736196319	0.243203071778039	0.256629	0.249796	0.253958	-0.3123	-0.5	-4.2874	-10	0.0064	0.0733	0.0059	-2.2784	0.0931	0	0	0	0	1.08341119237089	0.853195739014647	-0.1589	-0.5317	-0.005846419640233	1459.14632034632	1.26398517319386	10	18	19	3.2105	6	0.6267	0.8543	0.3952	0.0714	0.3373	0.1396	0.0227	2.8522	1481	492	3.75	0.1208	0.5517	2.6832	2099	202	29
BPI_Challenge_2014_Reference alignment.xes.gz	1	0.9819	0.9	0.9	39085	1	HEU_MINER	0.80952380952381	0.255365196232668	0.333333333333333	0.699428922031338	0.990791427295636	0.5	0.8	0.09040494619596	0.113892	0.106175	0.112327	-0.4653	-1	-1.5	-3	0.0834	0.25	0.3268	-1	-0.3333	0	0	0	0	1	1	-0.6247	-0.9837	0.036094108423434	23	0.7	4	3	6	2.3333	3	0.8667	0.9937	0.5	0	1.585	0	0	0	38572	7838	1.585	0.5	1	0.9935	43802	515	6
Road_Traffic_Fine_Management_Process.xes.gz	1	0.6976	0.8	0.8	66756	1	HEU_MINER	0.962962962962963	0.59870811180225	0.5	1.76755290683532	0.759603371271526	0.727272727272727	0.971428571428571	0.63428849428363	0.656382	0.694346	0.687474	-0.8213	-1	-5.6969	-8	-0.0313	-0.1396	-0.7912	-2.1775	-0.9653	0	0	0	0	6.32158010241405	1	-0.6638	-1.3639	0.074107666625443	115	1.27777777777778	0	3	3	2	3	1	0.9969	0.2	0.075	2.2516	0	0	0	102853	56482	1.7925	0.1667	1.2	1.5513	150370	231	11
BPI_Challenge_2019_log_IEEE.xes.gz	0.988	0.7271	0.6	0.6	67455	1	HEU_MINER	0.977777777777778	0.324193918859917	0.375	0.867124340401536	0.915398387172645	0.80952380952381	0.967871485943775	0.316313405332139	0.335212	0.322227	0.327799	-0.2008	-0.1667	-9.8571	-24	0.059	0.1855	-0.0025	-2.2077	-1.0361	0	0	0	0	26.4487412763242	0.858905614291186	-1.3871	-2.1973	-0.96810965074759	4237.49761904762	1.7718481416957	4	8	10	2.6	4	0.7333	0.9968	0.2857	0	1.0613	0.2661	0.1399	2.4056	73993	48449	2.4056	0.25	0.5714	1.9624	251734	11973	42
BPI_Challenge_2013_open_problems.xes.gz	0.9776	0.9246	0.8	0.7	542	1	HEU_MINER	0.222222222222222	0.063098346388164	0	0.189295039164491	0.985163293496627	0	0.333333333333333	0.056135770234987	0.056136	0.056136	0.079145	0	0	-0.6667	0	-0.1666	-0.5	-0.2033	0	0	0	0	0	0	1.02528663420763	0.977167320727792	0	0.0008	0	1	0.5	3	3	4	3	5	0.7143	0.957	0.5	0	1.585	0	0	0	196	55	1.585	0.6667	0.75	0.9963	819	108	3
BPI_Challenge_2013_incidents.xes.gz	0.9416	0.9809	0.7	0.8	4613	1	HEU_MINER	0.466666666666667	0.008106383345694	0	0.024319150037082	0.985231122090908	0.25	0.545454545454545	0.024146673795685	0.030816	0.030422	0.032181	-0.8125	-1	-1.0833	-1	0	0.1667	-0.1092	0.085	-0.415	0	0	0	0	0.924533100115988	0.945596651079346	-0.3818	-0.5722	0.111584770979789	8	1	7	3	7	2.8571	4	0.7391	0.9882	0.5	0.5	1.585	0.0566	0.0566	0.9183	11760	3191	1.585	1.3333	0.375	0.973	7554	1511	4
BPI_Challenge_2020_DomesticDeclarations.xes.gz	1	0.9162	0.8	0.7	7091	1	HEU_MINER	0.857142857142857	0.213501620297885	0.333333333333333	0.614863835252629	0.914191633063029	0.647058823529412	0.846153846153846	0.15061932646886	0.185944	0.159426	0.173513	-0.2087	-0.5	-1.2941	-8	0.025	-0.4667	0.2299	-0.751	0.3272	0	0	0	0	1	1	-1.1369	-1.1766	-0.062214187448471	426	1.13333333333333	1	6	7	2	3	1	0.9881	0.3333	0	0.7219	0.2576	0.0859	1.5219	6010	6010	1.5219	0.25	1	1.4074	10500	99	17
Production_Data.xes.gz	0.048	0.99	0.6	0.5	111	2	IMd	2.78423236514523	0.982379862377344	0.775472849298353	0.017171260732038	0.989192878716314	0.218181818181818	0.773887240356083	0.012765476728423	0.013006	0.013084	0.012836	0.4025	0	30.3527	6	-0.0191	-0.2235	0.0803	-3.8001	0.0353	20.6381608676007	0.548479	0.541368	0.543759	0.048064164184826	0.047896987234463	-1.4976	-0.953	-0.102889749101283	2203.16464646465	0.182475621345518	20	43	16	7.875	40	0.4566	0.6527	0.3019	0.0229	2.7643	0.0128	0.0067	4.3298	573	38	4.9305	0.1823	0.1371	3.97	225	221	55
4a_VARA_DE_SUCESSOES_E_REGISTROS_PUBLICOS_DA_CAPITAL_-_TJPE.xes	0.0555	0.9998	0.4	0.5	18	2	IMd	2.39705882352941	0.944927536231884	0.739229024943311	0	1	0	0.739229024943311	0	0	0	0	0.4622	0	15.5238	9	-0.0573	-0.4257		-3.4273	0	11.8446751249519	0.595584	0.582893	0.577813	0.056283224639667	0.056283224639667	-0.7265	-0.3878	-0.19264322625885	451.833333333333	1.1890350877193	41	21	30	4.1333	12	0.5897	0.7064	0.508	0.0149	2.8087	0.0297	0.0135	3.7414	317	17.5	4.0219	0.2632	0.2	3.3022	36	36	21
edited_hh104_labour.xes.gz	0.0636	0.9999	0.4	0.6	25	2	IMd	0.504237288135593	0.177520788321071	0.349693251533742	0.007216742843397	1	0	0.334355828220859	0	0	0	0	0.1662	-0.0077	5.7368	2	-0.0193	-0.0522		-2.9461	0	2.98388260764975	0.171096	0.17148	0.171908	0.064317417619368	0.064317417619368	-0.2007	-0.3177	-0.096681443552855	-8.88178419700125E-15	-4.85722573273506E-17	15	19	13	5.2308	16	0.5281	0.8713	0.2641	0.0519	3.0106	0.0205	0.0136	4.2479	550	72	3.8269	0.5468	0.1016	3.1172	43	43	19
3a_VARA_DE_EXECUCOES_FISCAIS_DA_COMARCA_DE_FORTALEZA_-_TJCE.xes	0.0932	0.987	0.5	0.5	30	2	IMd	2.76351351351351	1.10845295055821	0.781065088757396	0.051083591331269	0.992222936150972	0.111111111111111	0.787644787644788	0.020123839009288	0.022207	0.020994	0.020408	0.4596	-0.0696	16.6435	5	-0.047	-0.4841	0.2281	-3.2944	0.0305	12.1733746130031	0.593726	0.586336	0.586184	0.098155035367899	0.098088113050707	-0.9441	-0.4969	0.059596966674962	1212.35396825397	1.84545791406661	14	24	12	6.3333	22	0.4902	0.6894	0.3839	0.0399	2.7737	0.0693	0.0229	4.0537	65	7	3.8293	0.1433	0.2907	3.2948	58	53	27
activitylog_uci_detailed_labour.xes.gz	0.0781	0.9991	0.6	0.5	12	2	IMd	0.992	0.371981324760799	0.533039647577093	0.005852231163131	0.999354838709678	0	0.526315789473684	0.000731528895391	0.000733	0.000776	0.000763	0.2926	0.1064	7.375	4	-0.0539	-0.2642		-2.7842	0	5.78200438917337	0.397871	0.397796	0.39823	0.079650818701914	0.079470539761022	-0.5251	-0.3325	-0.217952744300834	149.25	0.710714285714286	24	16	20	4.1	13	0.5769	0.82	0.2244	0.1214	2.6494	0.0674	0.0396	3.875	108	24	3.75	0.3958	0.1684	2.7183	25	25	16
activitylog_uci_detailed_weekends.xes.gz	0.0792	0.9998	0.9	0.9	9	2	IMd	1.29032258064516	0.512820512820513	0.606060606060606	0	1	0	0.606060606060606	0	0	0	0	0.3773	-0.0714	8	4	-0.0568	-0.228		-2.6234	0	6.47280334728033	0.482802	0.484005	0.482838	0.080986981531941	0.080986981531941	-0.5068	-0.4414	-0.299815917462493	236.5	1.29945054945055	35	15	26	3.8462	11	0.6129	0.7085	0.3535	0.0723	2.6826	0.0792	0.0433	3.7736	80	18	3.5069	0.3667	0.1948	2.6248	10	10	15
edited_hh102_labour.xes.gz	0.0781	0.9806	0.6	0.4	7	2	IMd	0.97841726618705	0.364819430475996	0.52863436123348	0.069664902998236	0.981895862499311	0.111111111111111	0.579591836734694	0.029100529100529	0.030311	0.03171	0.030357	0.2931	-0.0667	7.4653	2	-0.0386	-0.2058		-2.6955	-0.0419	5.94356261022928	0.395716	0.393433	0.395479	0.077872572154656	0.07566722064718	-0.4915	-0.5614	-0.174403768049916	224.116666666667	0.653183356676004	39	16	30	3.7333	10	0.6115	0.7961	0.2635	0.061	2.8163	0.1188	0.0347	3.7947	74	16	3.8366	0.2908	0.2022	2.8023	18	18	18
VITORIA_-_5a_VARA_CIVEL_-_TJES.xes	0.0348	0.9977	0.5	0.5	103	2	IMd	2.95321637426901	1.08299683491588	0.779365079365079	0.0023988005997	0.996728778669539	0.142857142857143	0.78125	0.002773613193403	0.002959	0.002877	0.002798	0.2616	0	27.8571	-2	-0.0282	-0.4238	0.429	-3.9561	-0.0377	15.2496251874063	0.443873	0.438692	0.436108	0.035377086069484	0.035078988457166	-1.3175	-0.4533	-0.044417514318173	1364.3334998335	0.34868358822294	30	36	22	6	19	0.5	0.7704	0.3747	0.0178	3.4004	0.0273	0.0062	4.4659	1691	8	4.4428	0.1787	0.1555	4.0254	206	206	42
Receipt phase of an environmental permit application process (_WABO_) CoSeLoG project.xes.gz	1	0.6859	0.6	0.5	123	2	IMd	0.912698412698413	0.224648840356526	0	0.673946521069579	0.650381422071052	0.777777777777778	0.94949494949495	0.460310793784124	0.494459	0.482285	0.483402	-0.4176	-1	-2.8334	-11	0.0987	-0.019	-0.1647	-2.4935	-0.1024	0	0	0	0	2.73308199811499	1	-1.2591	-1.7577	0.424379124089939	1682.05	1.61853846153846	0	6	7	1.7143	2	1	0.9728	0.3	0.2	1.2516	0	0	0	123	123	0.9183	0.1667	1.2	1.6461	1434	116	27
3a_VARA_DE_FAMILIA_E_REGISTRO_CIVIL_DA_COMARCA_DE_OLINDA_-_TJPE.xes	0.3278	0.9871	0.6	0.6	59	2	IMd	0.717391304347826	0.113210064970267	0.37037037037037	0.045512547851978	0.994476627992395	0.5	0.644444444444444	0.018715440238197	0.02089	0.019892	0.021185	0.5146	0.3	1.6667	1	-0.128	-0.3909		-1.7704	-0.9697	1.74393874946831	0.377819	0.376774	0.364072	0.370498550182396	0.364066879288683	-0.8071	-0.9888	-1.14733549234342	193.666666666667	1.55606060606061	7	6	8	3.25	6	0.6774	0.9489	0.45	0.225	1.2516	0	0	0	217	157.5	2.585	0.4	0.5	1.7747	232	33	12
PRIMEIRA_VARA_CRIMINAL_-_COMARCA_DE_VARZEA_GRANDE_-_SDCR_-_TJMT.xes	0.0256	0.9988	0.4	0.5	23	2	IMd	4.23076923076923	1.6039076193422	0.833333333333333	0.00188679245283	0.994721031524264	0.127659574468085	0.836332958380202	0.002358490566038	0.002717	0.00247	0.00237	0.3322	0	35.3696	2	-0.0219	-0.5868		-4.3439	0.0504	18.3020047169811	0.443635	0.434549	0.432123	-1	-1	-1.6026	-0.4114	0.08023077368446	3168.81904761905	1.46037691080374	39	42	27	6	38	0.5	0.7458	0.4827	0.0129	2.8577	0.0342	0.0085	3.5666	1143	13.5	4.4342	0.1429	0.1794	4.2841	47	47	46
BPI_Challenge_2014_Control summary.xes.gz	1	0.9972	0.9	0.9	35659	2	IMd	0.578947368421053	0.005767964955286	0	0.017303894865859	0.997533491602583	0.428571428571429	0.666666666666667	0.008630668664034	0.009664	0.010497	0.010051	-0.1951	-0.5	-0.7143	-3	0.0715	0.0666	0.3921	-0.6281	-0.2359	0	0	0	0	1	1	-0.2299	-0.4715	0.014398681878645	22	0.2	5	4	8	2.25	3	0.8947	0.994	0.3333	0.1667	2	0	0	0	38138	22235	2	0.3333	1	1.4945	43808	59	7
8_a_VARA_CIVEL_DE_ARACAJU_-_TJSE.xes	-1	-1	0.6	0.6	297	2	IMd	6.62940275650842	2.4802435209865	0.882244897959184	0.000110941616974	0.999756757352441	0.081081081081081	0.88506916192026	0.000360560255166	0.000427	0.000383	0.000361	0.1577	0	61.9306	5	-0.0165	-0.5024		-4.3599	-0.0342	39.9601442241031	0.594745	0.583544	0.574066	-1	-1	-1.8759	-0.3015	0.021576761859827	2316.69544067044	0.357573834356905	77	70	55	5.3818	46	0.5179	0.7612	0.5176	0.0038	3.3913	0.0125	0.0022	3.8853	8328	14	5.1171	0.1106	0.137	4.7365	495	495	72
ElectronicInvoicingENG.xes.gz	0.2114	0.9702	0.6	0.5	10722	2	IMd	1	0.502864106079807	0.604651162790698	0.064147873794977	0.976618861644898	0	0.644444444444444	0.017926928468821	0.021064	0.019919	0.019543	0.5	0.5	2.7778	5	-0.1329	-0.2946	0.0656	-1.2946	0	2.80905519306322	0.511195	0.504088	0.504457	0.23719762486128	0.214570410645195	-0.2752	-0.2731	-1.6784918038183	67	1.19642857142857	13	9	16	2.75	3	0.76	0.9945	0.2857	0.2143	2.5033	0	0	0	21444	21444	0.7642	0.2083	0.6	1.7866	20135	7	9
VARA_DA_FAZENDA_PUBLICA_DA_COMARCA_DE_PAULISTA_-_TJPE.xes	0.0582	0.999	0.5	0.5	58	2	IMd	4.08219178082192	1.68152725493446	0.839260312944524	0.001846722068329	0.999473514990756	0.068965517241379	0.84180790960452	0.001154201292705	0.001386	0.001199	0.001162	0.5924	0.1667	22.0025	7	-0.0489	-0.7073		-3.0602	-0.0128	17.1410433979686	0.68313	0.676723	0.674628	0.059515302296447	0.057945273407564	-1.2801	-0.4977	-0.113128896848349	995.5	1.24248677248677	79	27	57	3.7544	14	0.6151	0.754	0.7344	0.0238	3.0521	0.0456	0.0072	3.0953	619	31	4.3286	0.1453	0.2647	3.6357	116	112	29
BPI_Challenge_2014_Inspection.xes.gz	0.2464	0.9395	0.5	0.5	2820	2	IMd	1.5609756097561	0.617685092991905	0.664864864864865	0.017234383453327	0.95241842339966	0	0.673684210526316	0.039140205584918	0.039685	0.041304	0.040135	0.2167	-0.1142	7.8666	3	-0.0458	-0.4098	0.2041	-1.6539	0	4.06309563444172	0.337763	0.335773	0.33514	0.128731569960267	0.116158100674043	-0.5016	-0.3903	-0.03131261367984	81	0.445054945054945	31	15	30	3.2667	6	0.6333	0.9528	0.4176	0.0659	2.5996	0.0161	0.0039	3.4566	59372	1800	3.7736	0.2952	0.2419	2.5896	5485	3190	15
BPI_Challenge_2014_Geo parcel document.xes.gz	0.3175	0.5744	0.5	0.4	2024	2	IMd	0.656934306569343	0.044467369409936	0.046511627906977	0.108608719800056	0.751227964347391	0.5	0.748091603053435	0.317274831065445	0.366387	0.324908	0.349697	-0.0397	-0.2407	-2.1875	-7	-0.003	0.1206	0.3332	-1.4694	-0.2806	0.037448856799037	0.04821	0.051219	0.049537	0.6658183464787	-1	-0.5493	-0.8447	-0.389955162154243	304.833333333333	0.480158730158731	18	8	18	3	5	0.6875	0.9938	0.4048	0.2143	2.5	0.1305	0.0611	3	14573	3122	3	0.3929	0.3636	1.9837	29059	9274	16
BPI_Challenge_2012.xes.gz	0.5195	0.4734	0.5	0.5	3856	2	IMd	1.06711409395973	0.389706657888856	0.774193548387097	0.898230923315925	0.746228589633546	0.708333333333333	0.877697841726619	0.620417240368829	0.679285	0.639788	0.670859	0.1842	-0.125	-0.7797	-9	-0.0259	-0.0722	0.4293	-2.488	0	0.580559826263583	0.074697	0.074451	0.074398	0.50693447706581	0.455503498680163	-1.4918	-1.4899	-0.275987184677808	1366	2.10382081686429	12	7	13	3.0769	6	0.6667	0.9374	0.3333	0.1333	0	0.2	0.0666	2.5216	2116	623	2.8074	0.3571	0.4667	1.7716	13087	4366	24
edited_hh110_weekends.xes.gz	0.0801	0.9997	0.5	0.6	3	2	IMd	1.61038961038961	0.648265076441872	0.666666666666667	0.00828729281768	1	0	0.655737704918033	0	0	0	0	0.4681	0.138	8.5714	5	-0.0979	-0.321		-1.7871	0	7.20441988950276	0.571772	0.572163	0.57259	0.081216159933361	0.081216159933361	-0.5216	-0.5388	-0.248463477259447	305	1.95512820512821	46	14	33	3.6364	8	0.6327	0.697	0.4637	0.1474	2.4067	0.0615	0.0313	3.3249	44	6	2.2608	0.3022	0.2545	2.7355	6	6	14
3a_VARA_DE_FEITOS_TRIBUTARIOS_DO_ESTADO_-_TJMG.xes	0.0478	0.885	0.4	0.5	17	2	IMd	2.59166666666667	0.987844328142836	0.754017305315204	0.068294889190412	0.993345070310136	0.096774193548387	0.764848484848485	0.012211668928087	0.013149	0.013009	0.012394	0.2802	-0.0102	20.8966	8	-0.0324	-0.3084	0.3581	-3.179	0.0466	14.5730438715513	0.520512	0.516405	0.513757	-1	-1	-0.9259	-0.3094	0.089505702908711	1298.76666666667	1.57764854345314	14	29	14	6.2857	23	0.479	0.7225	0.3358	0.0418	3.0836	0.0365	0.0159	4.3213	335	13	4.1515	0.2156	0.1718	3.6343	35	35	30
BPI_Challenge_2020_InternationalDeclarations.xes.gz	1	0.8424	0.4	0.5	1993	2	IMd	0.934782608695652	0.299143970394465	0.384615384615385	0.871921707101762	0.802171008497232	0.647058823529412	0.933673469387755	0.260311710450215	0.27585	0.267443	0.271682	-0.3759	-0.5	-4.6814	-23	0.0998	-0.1436	0.0555	-2.3968	0.6371	0	0	0	0	1.26269406864264	1	-1.5322	-1.4642	-0.321459295482788	2503.83333333333	0.921433080808081	2	12	13	2.1538	3	0.931	0.9847	0.3397	0.0769	1.0892	0.2646	0.0882	1.8352	1246	935	1.9751	0.0879	0.875	2.1912	6449	753	34
edited_hh110_labour.xes.gz	0.0761	0.9977	0.6	0.4	8	2	IMd	1.16949152542373	0.433425665429947	0.580357142857143	0.013148283418554	0.99812030075188	0.058823529411765	0.574561403508772	0.002921840759679	0.003068	0.003087	0.003043	0.3387	0.0418	8.0588	4	-0.0457	-0.1956	0.075	-1.7962	0.0025	6.28707085463841	0.436324	0.435091	0.434044	0.077295401787919	0.076493979896167	-0.4848	-0.3966	-0.217227696183001	94.3333333333334	0.201785714285714	27	16	21	4.0952	13	0.5926	0.8139	0.2881	0.0702	2.7744	0.1016	0.0302	3.875	100	16	2.875	0.3208	0.2078	2.8256	21	21	17
1a_VARA_DE_FEITOS_TRIBUTARIOS_DO_ESTADO_-_TJMG.xes	0.0496	0.9078	0.6	0.5	14	2	IMd	2.34375	0.848856209150327	0.750764525993884	0.025326797385621	0.938459243194186	0.212121212121212	0.772133526850508	0.066176470588235	0.068578	0.068715	0.066622	0.3119	-0.0355	18.2222	4	-0.0312	-0.2814	0.334	-3.0666	-0.1491	12.8962418300654	0.483185	0.473584	0.472732	-1	-1	-1.1423	-0.4817	0.043833426288985	1353.07619047619	1.25880483674032	27	27	22	5	19	0.5278	0.7207	0.2318	0.0395	3.2709	0.034	0.0134	4.3963	424	10	4.1784	0.205	0.1806	3.644	28	28	32
QUARTA_VARA_CRIMINAL_-_COMARCA_DE_VARZEA_GRANDE_-_SDCR_-_TJMT.xes	0.0276	0.9985	0.6	0.4	20	2	IMd	4.47619047619048	1.71850083828588	0.848783694937541	0.002892073090574	0.997153325053015	0.173913043478261	0.851395197923426	0.004469567503615	0.005141	0.004728	0.004499	0.2577	0	33.4667	-1	-0.0226	-0.6371		-4.0112	0.0018	16.2523991060865	0.4185	0.412979	0.409808	-1	-1	-1.699	-0.4736	0.15298762065377	2917.87142857143	1.24215489512307	40	39	28	5.6429	30	0.512	0.7413	0.4802	0.0255	2.7984	0.0239	0.0116	3.1285	1079	8.5	4.396	0.1462	0.2073	4.058	52	52	45
edited_hh104_weekends.xes.gz	0.0601	0.9999	0.6	0.6	10	2	IMd	0.742424242424242	0.273743016759776	0.450920245398773	0	1	0	0.450920245398773	0	0	0	0	0.2114	-0.0556	7.7368	3	-0.027	-0.1232		-3.3414	0	4.61169590643274	0.2652	0.264419	0.266285	0.060718954248366	0.060718954248366	-0.2972	-0.4048	-0.118607505889623	15.4857142857143	0.050606909430439	15	19	13	5.2308	14	0.5281	0.8149	0.1206	0.0522	3.0169	0.0454	0.0181	3.9058	208	39	3.8366	0.5	0.1176	3.1012	18	18	19
1a_VARA_CRIMINAL_DA_CAPITAL_-_TJAM.xes	0.048	0.998	0.5	0.5	64	2	IMd	2.76491228070175	1.02296778648103	0.769385699899295	0.004688672168042	0.980553142823119	0.205128205128205	0.787878787878788	0.024756189047262	0.027827	0.026068	0.024982	0.2958	0	24.5312	4	-0.0274	-0.421		-3.7864	-0.0613	11.4341710427607	0.37309	0.366827	0.366651	-1	-1	-1.2774	-0.5339	0.045730449937905	1472.50248917749	0.710444575283285	36	32	27	5.1111	27	0.5249	0.779	0.3	0.0316	2.9681	0.0199	0.0055	4.1241	1254	9.5	4.4075	0.1711	0.1771	4.0576	131	128	38
2A._VARA_DE_EXECUTIVO_FISCAL_JOAO_PESSOA_-_TJPB.xes	0.0936	0.9218	0.5	0.6	136	2	IMd	1.58232931726908	0.581491264153803	0.641666666666667	0.002392344497608	0.999564427654422	0.107142857142857	0.645214521452145	0.001104158998896	0.001191	0.001182	0.001119	0.2288	0	16.1071	2	-0.0317	-0.285	0.4096	-3.8647	-0.039	8.11685682738314	0.344159	0.341731	0.342269	0.078817030551276	0.079004511048245	-0.7834	-0.4044	-0.006434552861778	529.72987012987	0.369770406726929	12	25	18	4.5556	21	0.5046	0.7783	0.2692	0.046	3.2399	0.057	0.0233	3.7774	548	48	4.3158	0.3	0.1333	3.3593	229	227	28
VARA_DE_SUCESSOES_DE_CAMPINA_GRANDE_-_TJPB.xes	0.0811	0.8881	0.5	0.4	10	2	IMd	1.23958333333333	0.448828192179609	0.590659340659341	0.077023498694517	0.900664869359109	0.2	0.652284263959391	0.113577023498695	0.117148	0.117534	0.114055	0.2784	-0.045	11.52	2	-0.037	-0.1467	0.1961	-3.0119	-0.2073	6.12402088772846	0.308983	0.304577	0.306609	0.062904262964784	0.05693950177936	-0.7315	-0.4638	-0.037473847640973	716.309523809524	0.862164469143874	20	20	18	4.5556	17	0.5472	0.701	0.3733	0.026	2.9929	0.0473	0.0216	4.0958	141	10	4.0049	0.2489	0.1913	3.2739	25	25	25
BPI_Challenge_2020_PrepaidTravelCost.xes.gz	0.9859	0.8583	0.6	0.4	437	2	IMd	0.911458333333333	0.333070031559485	0.333333333333333	0.972007183997027	0.849575644079459	0.586206896551724	0.914634146341463	0.225490803245185	0.238816	0.232183	0.235502	-0.3414	-0.5	-4.3707	-11	0.0583	0.0556	0.4101	-2.7957	0.1974	0.024153093453892	0.002673	0.00268	0.00269	1.01167220556051	0.944877988356249	-0.6426	-1.2669	-0.163642328413868	1606.14632034632	1.06806271330081	1	12	11	2.3636	4	0.8571	0.9694	0.2778	0.1528	0.469	0.2349	0	1.1568	219	126	2.371	0.1111	1	2.0441	2099	202	29
JUIZO_DA_1a_ESCRIVANIA_CRIMINAL_DE_ARAPOEMA_-_TJTO.xes	0.045	0.9861	0.5	0.4	16	2	IMd	2.10299003322259	0.771869882268845	0.714625445897741	0.029350104821803	0.981569509679483	0.256410256410256	0.726327944572748	0.025157232704403	0.026483	0.025849	0.025396	0.4858	0	22.2821	4	-0.0367	-0.2942		-3.9633	0.0117	15.2229210342418	0.536847	0.527962	0.529253	0.046018601714466	0.045908649173955	-1.1165	-0.7829	-0.053767077015869	2774.07063492063	1.91136223943241	27	29	21	5.4286	23	0.5099	0.7651	0.2333	0.0267	3.2259	0.066	0.0242	4.2028	78	9.5	4.0747	0.1875	0.172	3.5402	43	41	39
BPI_Challenge_2014_Reference alignment.xes.gz	1	0.9818	0.9	0.9	34987	2	IMd	0.80952380952381	0.129397667442787	0.333333333333333	0.321526335661695	0.990791427295636	0.5	0.8	0.09040494619596	0.113892	0.106175	0.112327	-0.4653	-1	-1.5	-3	0.0834	0.25	0.3268	-1	-0.3333	0	0	0	0	1	1	-0.6247	-0.9837	0.036094108423434	23	0.7	5	3	7	2.2857	3	0.8824	0.9941	0.5	0	1.585	0	0	0	34987	6998	1.585	0.5	1	0.9973	43802	515	6
Hospital Billing - Event Log.xes.gz	1	0.771	0.6	0.5	20902	2	IMd	0.944099378881988	0.404809136334442	0	1.21442740900333	0.881604884632496	0.722222222222222	0.972027972027972	0.34316183732308	0.352876	0.362037	0.360287	-0.5693	-0.8333	-7.1444	-13	0.1212	0.1781	-0.1615	-2.7545	-1.1197	0	0	0	0	19.4135481542142	1	-1.0484	-1.693	0.035035069850895	652.5	1.60232843137255	0	5	6	1.6667	2	1	0.9964	0.3	0.2	1.9183	0	0	0	33673	33673	0.9183	0.1667	1.2	1.6461	100000	1020	18
COLOMBO_-_VARA_DA_FAZENDA_PUBLICA_-_TJPR.xes	0.0898	0.9997	0.5	0.5	253	2	IMd	2.5448275862069	0.994632878259187	0.754132231404959	0.000292077400511	0.999966391073469	0.043478260869565	0.753086419753086	0.000146038700256	0.000168	0.000157	0.000148	0.3724	0	16.6957	7	-0.0518	-0.3559		-3.654	-0.013	12.1944505293903	0.578418	0.562616	0.55646	0.092737267561471	0.092851497379834	-0.7981	-0.4837	-0.133903000293935	356.75	0.60748556998557	44	22	30	4.4	12	0.5714	0.8016	0.406	0.0476	2.8454	0.0361	0.0096	3.6247	1895	73	4.0958	0.2186	0.2178	3.4075	513	395	23
Road_Traffic_Fine_Management_Process.xes.gz	1	0.5105	0.5	0.6	46371	2	IMd	0.962962962962963	0.723452409910693	0	2.15607151544636	0.578320323519384	0.818181818181818	0.985714285714286	0.885789345657991	0.907882	0.973687	0.945139	-0.8213	-1	-5.8636	-9	-0.0313	-0.1396		-3.0958	-1.5503	0	0	0	0	2.67511139189998	1	-0.6336	-1.3445	0.074107666625443	115	1.27777777777778	0	2	3	1.3333	2	1	0.9969	0	0	1	0	0	0	46371	23185.5	0	0.5	2	1	150370	231	11
BPI_Challenge_2020_PermitLog.xes.gz	0.2304	0.7681	0.6	0.5	1675	2	IMd	1.00662251655629	0.222802013362276	0.556016597510373	0.463453896071231	0.802934814170209	0.549019607843137	0.784073506891271	0.259595553096232	0.273329	0.261883	0.270472	-0.1203	-0.4656	-0.3648	-13	-0.0027	0.1187	0.152	-2.0423	0.3494	3.3149680567433	0.170763	0.168609	0.168858	0.341138883956572	-1	-1.3158	-1.2463	-0.155652695786751	4179.98882557501	0.766769300069784	22	23	24	3.8333	8	0.6	0.9728	0.4545	0.0425	0.7417	0.1885	0.0167	3.001	2347	293	4.2202	0.0797	0.5455	3.1374	7065	1478	51
BPI_Challenge_2019_log_IEEE.xes.gz	1	0.7702	0.5	0.5	92467	2	IMd	0.983333333333333	0.297900072088077	0.333333333333333	0.907829925702413	0.868942002304812	0.857142857142857	0.981927710843374	0.404408903807429	0.419051	0.412529	0.418375	-0.1379	0	-10.3571	-26	0.0477	0.176	-0.0586	-3.7077	-1.0833	0	0	0	0	63.4276656702324	0.999921820793714	-1.967	-2.6475	-1.80541548664378	4259.49761904762	1.95518147502904	1	6	8	2	3	0.8824	0.9976	0.3571	0.0595	1.2988	0.2476	0	1.2988	27450	18572	2.4056	0.2143	0.6667	1.7613	251734	11973	42
SETIMA_VARA_CIVEL_-_COMARCA_DA_CAPITAL_-_SDCR_-_TJMT.xes	0.0201	0.9996	0.6	0.6	95	2	IMd	5.673828125	2.12766796776545	0.869906429218231	0.000781681074122	0.999334183732515	0.095238095238095	0.868270676691729	0.000643737355159	0.00073	0.00068	0.000646	0.1664	0	49.8626	9	-0.018	-0.3678		-3.589	0.0041	27.048970020232	0.495615	0.480743	0.476139	-1	-1	-1.7533	-0.3436	0.129176242639742	3343.60259450694	0.717762368726415	28	58	20	8.6	48	0.4454	0.7449	0.4767	0.0194	3.2451	0.0132	0.0054	3.4997	3657	25	5.0653	0.1379	0.1395	4.566	159	149	62
Sepsis Cases - Event Log.xes.gz	0.3733	0.8477	0.4	0.5	476	2	IMd	1.04580152671756	0.38436984557707	0.545833333333333	0.013979101948602	0.999904761904762	0	0.526970954356846	7.06015249929398E-05	7.1E-05	7.1E-05	7.3E-05	0.2249	0	7.8125	0	-0.0512	-0.3364	0.2318	-2.9905	0	3.68321095735668	0.257497	0.257731	0.261152	0.188280302642141	0.188242782567091	0.053	-0.2087	-0.117341092614702	33.3333333333333	0.158730158730159	18	16	20	3.8	7	0.551	0.9414	0.2405	0.0262	2.0218	0.0424	0.0264	3.75	1696	378	4	0.425	0.1569	2.9677	1050	846	16
4_a_VARA_CIVEL_DE_ARACAJU_-_TJSE.xes	0.0506	0.9213	0.6	0.6	273	2	IMd	5.57597173144876	2.08632905993777	0.86727625380992	0.000470145745181	0.94767458406047	0.144927536231884	0.87636761487965	0.045025496365412	0.050127	0.046596	0.045461	0.1764	-0.0161	51.7161	1	-0.0179	-0.4927		-3.8052	-0.0106	33.1889262594481	0.565499	0.552379	0.54719	-1	-1	-1.8916	-0.3855	0.003833607851498	2489.73203463204	0.231891886219698	39	61	31	6.5806	48	0.4729	0.7391	0.533	0.0136	3.2718	0.018	0.0028	4.4548	6213	12	4.7375	0.1169	0.1475	4.5251	456	456	67
BPI_Challenge_2013_open_problems.xes.gz	0.9997	0.7245	0.6	0.4	228	2	IMd	0.555555555555556	0.244560487380331	0	0.733681462140992	0.894759859226732	0.333333333333333	0.666666666666667	0.385117493472585	0.560705	0.385117	0.54814	0	0	-1	-1	-0.3333	-1	-0.0366	-0.585	-0.585	0	0	0	0	0.998722534491569	0.999675745784695	0.0302	0.0294	0	2	1	2	2	4	2	3	1	0.9665	0	0	1	0	0	0	178	89	0	0.5	2	1	819	108	3
BPI_Challenge_2013_incidents.xes.gz	0.9804	0.8305	0.4	0.6	2578	2	IMd	0.466666666666667	0.051926847076815	0	0.155780541230446	0.90108078429807	0.25	0.545454545454545	0.187309198157954	0.27422	0.203603	0.235246	-0.3125	-0.5	-1.0833	-2	-0.1667	-0.3333	0.0209	-0.5817	-0.415	0	0	0	0	0.987017631701298	0.982512144344205	-0.4333	-0.5842	0.012491473089443	9	1.5	6	3	7	2.5714	3	0.8	0.991	0.5	0	1.585	0	0	0	2684	1158	1.585	0.8333	0.6	0.9706	7554	1511	4
BPI Challenge 2017.xes.gz	0.1492	0.9736	0.6	0.6	18593	2	IMd	2.06372549019608	0.721184222958009	0.727443609022556	0.01748525314369	0.999953661590565	0.038461538461539	0.680297397769517	5.63737339398919E-05	5.8E-05	5.9E-05	5.8E-05	0.4088	-0.073	14.4338	9	-0.0371	-0.1508	-0.1014	-3.1036	0	11.8391520707097	0.557666	0.552029	0.550611	0.097665680909877	0.096539445532706	-0.8304	-0.3663	-0.152344664778007	873.5	1.35213768115942	27	25	24	4.4167	12	0.5588	0.9686	0.5089	0.0383	0	0.0323	0.0033	4.5466	118489	16287	4.4697	0.2631	0.152	3.2287	31509	15930	26
BPI_Challenge_2020_DomesticDeclarations.xes.gz	1	0.8592	0.5	0.6	2473	2	IMd	0.946428571428571	0.405326767670848	0.8	1.11341620044844	0.85487802861142	0.647058823529412	0.871794871794872	0.262359318196661	0.296664	0.276378	0.289619	-0.3476	-1	-1.4608	-9	0.075	-0.4667	0.1799	-1.4177	0.3272	0	0	0	0	1	1	-1.1346	-1.1294	0.222543818629671	420	0.833333333333333	0	6	7	1.7143	2	1	0.9885	0.3333	0.25	0.7219	0	0	0	4618	4618	0.971	0.2	1.25	1.3486	10500	99	17
5a_VARA_CIVEL_-_TJMT.xes	0.0479	0.9916	0.4	0.4	11	2	IMd	2.81447963800905	1.05711799792792	0.78335535006605	0.026192703461179	0.992916673711436	0.2	0.778497409326425	0.016838166510758	0.018043	0.017463	0.01707	0.4529	0	21.7214	9	-0.0384	-0.3404		-3.4932	-0.1338	14.4200187090739	0.548395	0.535449	0.533964	0.047354147833948	0.048097772521191	-1.0808	-0.6173	0.167248888755346	2220.13452380952	1.94051428781821	19	28	15	6.2667	22	0.4921	0.6664	0.3654	0.0423	2.8839	0.1216	0.046	4.2937	86	6	3.8635	0.18	0.2315	3.3703	29	29	35
VARA_DE_SUCESSOES_E_REGISTROS_PUBLICOS_DA_COMARCA_DE_JABOATAO_DOS_GUARARAPES_-_TJPE.xes	0.0517	0.9978	0.6	0.5	14	2	IMd	2.95	1.17384567141375	0.791748526522593	0.003993154592128	0.98935859866311	0.148148148148148	0.801923076923077	0.004848830576155	0.00543	0.005041	0.004912	0.5154	0.2	16.8237	7	-0.0461	-0.6339	0.1694	-1.3475	-0.2229	12.469195664575	0.608116	0.5911	0.588509	-1	-1	-1.1627	-0.4979	-0.131805091578389	707.090909090909	0.988717211642113	53	24	38	4.0526	14	0.5959	0.7119	0.6012	0.0573	3.0838	0.0317	0.0098	3.2935	454	15.5	4.0958	0.1905	0.25	3.4752	28	28	26
4a_VARA_DE_SUCESSOES_E_REGISTROS_PUBLICOS_DA_CAPITAL_-_TJPE.xes	0.8311	0.5128	-1	-1	36	3	ETM	0.661764705882353	0.089829441296269	0.136363636363636	0.206843521722414	0.861064059686181	0.333333333333333	0.629310344827586	0.118031526336025	0.124413	0.123668	0.124906	-0.3519	-0.4167	-2.3333	-6	0.0695	-0.0283	0.366	-0.3882	-0.0869	0.012687427912341	0.001817	0.00179	0.001802	0.271088216355441	0.23321554770318	-0.4627	-0.441	-0.036140995718683	481.783333333333	-0.175603913630229	16	132	138	2.1449	3	0.9346	0.3832	0.5977	0.0412	2.7793	0.0237	0.0094	3.9161	611	33	4.3923	0.2738	0.1826	3.3178	36	36	21
activitylog_uci_detailed_labour.xes.gz	0.9905	0.6019	-1	-1	25	3	ETM	0.584	0.096246384300987	0.108695652173913	0.242867593269934	0.851821081255477	0	0.577981651376147	0.146305779078274	0.157639	0.154585	0.156327	-0.37	0.1731	-3.9375	-5	0.047	0.2453	0.0578	-0.904	0	0	0	0	0	0.239880952380952	0.211009174311927	0.242	0.0716	-0.042985117580808	-140.5	-0.669047619047619	10	94	100	2.24	11	0.8361	0.3889	0.3056	0.1063	2.6494	0.0395	0.0278	4	270	51	3.875	0.4542	0.1468	2.7288	25	25	16
activitylog_uci_detailed_weekends.xes.gz	0.9773	0.6447	-1	-1	10	3	ETM	0.688172043010753	0.196330865786933	0.3	0.426778242677824	0.773232127288579	0.133333333333333	0.54320987654321	0.238493723849372	0.259609	0.252897	0.259442	-0.2548	0	-2.1231	-4	0.0417	0.1558	-0.1164	-0.3748	0.1325	0.322175732217573	0.034165	0.034096	0.034247	0.269374665954035	-1	-0.1704	-0.0638	0.127457265866486	84.5	0.052197802197802	6	61	66	2.0606	3	0.9568	0.4113	0.4089	0.0737	2.6826	0.078	0.0457	3.7736	88	20	3.6402	0.3714	0.1923	2.5841	10	10	15
VITORIA_-_5a_VARA_CIVEL_-_TJES.xes	0.8603	-1	-1	-1	206	3	ETM	0.903508771929825	0.175087456271864	0.04	0.532683658170914	0.826262791114995	0.761904761904762	0.920265780730897	0.211469265367316	0.226323	0.214944	0.222034	-0.3741	0	-4.6429	-31	0.1051	-0.1044	0.5985	-1.4173	-0.473	0.000674662668666	0.001048	0.001055	0.001051	0.277204665306594	-1	-1.5153	-1.8802	-0.785254015098674	3343.03566433566	0.484777844107112	13	66	72	2.1944	3	0.9152	0.5205	0.3599	0.0106	3.3722	0.0259	0.0067	4.3719	2280	10.5	4.5464	0.1718	0.1493	4.1653	206	206	42
Receipt phase of an environmental permit application process (_WABO_) CoSeLoG project.xes.gz						3	ETM	0.920634920634921	0.235739729649851	0.5	0.596108077838443	-1	1	1	0.999999999999999	1.078355	1.039212	1.070931	-0.1118	0	-1.4667	-7	0.0195	-0.1246	0.0711	-1.1654	-0.0585	0	0	0	0	-1	-1	-0.9512	-1.4831	0.424379124089939	1702.05	2.61853846153846	12	11	18	3.4444	11	0.494	0	0.3869	0.0785	1.354	0.2661	0.0018	4.2084	1400	26	4.5327	0.141	0.2727	3.4814	1434	116	27
3a_VARA_DE_FAMILIA_E_REGISTRO_CIVIL_DA_COMARCA_DE_OLINDA_-_TJPE.xes	0.8923	0.9584	-1	-1	232	3	ETM	0.608695652173913	0.048490004253509	0	0.145470012760527	0.991721159674883	0.5	0.647058823529412	0.022543598468737	0.025779	0.024253	0.024902	-0.2454	-0.5	-0.8333	-3	0.1053	0.0591	0.608	-1.4371	-0.9697	0	0	0	0	0.777846027846028	0.755102040816326	-0.8464	-0.838	0.242545216567628	170.666666666667	0.406060606060606	7	13	15	2.6667	4	0.7778	0.6922	0.4121	0.0712	2.2213	0.0635	0.0192	2.6887	440	183	3.4183	0.2576	0.3529	2.5372	232	33	12
BPI_Challenge_2014_Control summary.xes.gz	0.6471	0.9972	-1	-1	43808	3	ETM	0.578947368421053	0.084031276953107	0.333333333333333	0.002093830859322	0.997547087519895	0.285714285714286	0.6	0.00692836715239	0.011266	0.008324	0.007631	0.1216	0	0.0857	-1	-0.0119	-0.0167	-0.3347	-0.2062	-0.314	0.993063121340052	0.242391	0.250929	0.241959	0.650811183497728	0.607903544120872	-0.0898	-0.4853	-0.368571456153063	19	0.283333333333333	10	6	13	3.6923	11	0.4328	0.681	0.2667	0.1667	2.2359	0.0091	0.0007	1.8424	43808	12002	2.8074	0.2857	0.5833	1.943	43808	59	7
BPI_Challenge_2014_Department control parcels.xes.gz	0.4675	0.9889	-1	-1	29297	3	ETM	0.6	0.165872890838655	0.2	0.392355514621229	0.999327780465354	0.333333333333333	0.55	0.008577020492747	0.009178	0.009717	0.009911	0.1829	0	-0.6667	0	0.15	0.625	-0.7718	-0.7516	-0.2925	0.566831683168317	0.049919	0.04348	0.042668	0.868992541412859	0.870340316096976	-0.1976	-0.4344	-0.277397864564927	3	-0.666666666666667	6	5	9	2.6667	4	0.7143	0.5331	0.25	0.05	1.7925	0.0473	0.018	2.2516	8982	1565	2.585	0.6333	0.3158	1.9579	29297	349	6
ElectronicInvoicingENG.xes.gz	0.945	0.9352	-1	-1	20135	3	ETM	0.296296296296296	0.134172354046357	0.1875	0.235850395472403	0.941827955418623	0	0.111111111111111	0.023475657245712	0.025678	0.023476	0.033005	0	0	-0.2222	0	0.0338	-0.0089	0.0676	-0.6233	0	0	0	0	0	0.62168940890915	0.588317002831012	-0.0736	0.0371	0	-17	-0.303571428571429	4	17	19	2.2105	3	0.9091	0.8496	0.3036	0.125	2.5033	0	0	0	45374	37058	2.5033	0.25	0.5	1.7924	20135	7	9
4a_VARA_CIVEL_-_TJGO.xes	0.8239	0.9257	-1	-1	339	3	ETM	0.82051282051282	0.1788507191733	0.448275862068966	0.162337662337662	0.975669144031976	0.5	0.604651162790698	0.097402597402598	0.111489	0.104675	0.104159	0.3682	0	3.375	-5	-0.0601	-0.5564	0.4256	-1.6415	-0.3585	1.88474025974026	0.162696	0.161579	0.164066	0.744662052716831	0.700866089273817	-0.971	-0.9218	-0.214518342785697	341.666666666667	0.922222222222222	30	13	32	4.4375	16	0.3589	0.5576	0.6032	0.077	2.8585	0.0978	0.0363	3.3278	202	7	3.875	0.2583	0.2581	2.9119	339	98	16
VARA_DA_FAZENDA_PUBLICA_DA_COMARCA_DE_PAULISTA_-_TJPE.xes	0.9775	0.6096	-1	-1	116	3	ETM	0.842465753424658	0.185690271562848	0.34375	0.452446906740535	0.762795054074681	0.551724137931034	0.788617886178862	0.258079409048938	0.276759	0.26461	0.275473	-0.0973	-0.1666	-1.573	-15	0.0484	-0.2452	0.3287	-0.6275	-0.3415	0.488227146814404	0.040396	0.040043	0.040156	0.439981603556646	0.294294294294294	-1.4286	-1.2128	-0.303303431585735	1129	0.174001924001924	11	60	65	2.4308	11	0.7556	0.593	0.7407	0.0032	3.2727	0.0388	0.0064	2.856	1109	50	4.1558	0.1441	0.2479	3.7358	116	112	29
BPI_Challenge_2014_Entitlement application.xes.gz	0.8283	0.9246	-1	-1	15260	3	ETM	0.918604651162791	0.1851882153808	0.375	0.496354119826609	0.958999435678527	0.6	0.842105263157895	0.086292425850316	0.092771	0.090017	0.092641	-0.0402	0.1212	-4.6	-11	0.0611	0.1315	0.0612	-0.8037	-0.2899	0	0	0	0	0.614053719069056	0.452776073577436	-0.7137	-1.1753	-0.094709631381668	684.333333333333	0.810498468393205	44	22	60	3.5333	11	0.4228	0.3476	0.5283	0.0504	2.1955	0.0102	0.0008	4.2219	79058	725.5	4.3219	0.4	0.1316	3.2111	15260	2553	20
BPI_Challenge_2014_Inspection.xes.gz	0.9975	-1	-1	-1	5485	3	ETM	0.890243902439024	0.355955200484324	0.533333333333333	0.963387989512672	0.849469380819907	0.333333333333333	0.776119402985075	0.166278247118066	0.180494	0.17429	0.179583	-0.3644	-0.5	-2.9667	-7	0.1196	0.1201	0.1383	-0.7459	0.0468	0	0	0	0	0.60133854009802	0.563972370888797	-0.1715	-0.4742	-0.02735498160902	264	0.426434676434677	3	28	30	2.0667	3	0.9683	0.887	0.5769	0.0659	2.5996	0.0163	0.0029	3.4566	124193	3632	3.9069	0.319	0.2239	2.5799	5485	3190	15
BPI_Challenge_2014_Geo parcel document.xes.gz	0.6923	0.821	-1	-1	29059	3	ETM	0.854014598540146	0.161645839118763	0.111111111111111	0.446833287049894	0.8872318733332	0.625	0.860655737704918	0.221375543830417	0.254713	0.229483	0.242413	-0.0173	0	-4.5625	-10	0.056	0.1337	0.2105	-1.3734	-0.529	0	0.025526	0.026689	0.025587	0.670096190898936	0.473709478473458	-0.7049	-1.3129	-0.635561651432741	333.833333333333	0.594444444444445	25	8	31	3.2258	11	0.4706	0.9025	0.3421	0.0897	2.7806	0.0177	0.0025	3.5	140472	5657	4	0.5042	0.1322	2.8819	29059	9274	16
BPI_Challenge_2012.xes.gz						3	ETM	0.845637583892617	0.18941610166203	0.428571428571429	0.472492403046007	-1	1	1	1	1.090047	1.027742	1.061262	-0.4708	-0.5	-3.7346	-11	0.0667	0.1157	0.4545	-1.4928	0	0	0	0	0	-1	-1	-0.454	-0.4237	0.246154880027818	1385	2.73715415019763	0	34	33	2.0606	3	0.971	0	0.5494	0.0415	0	0.0485	0.0061	4.1683	52911	5064	4.3035	0.2264	0.192	3.0721	13087	4366	24
3a_VARA_DE_FEITOS_TRIBUTARIOS_DO_ESTADO_-_TJMG.xes	0.9877	0.5469	-1	-1	35	3	ETM	0.829166666666667	0.222956645344705	0.26530612244898	0.606965174129353	0.747518281751846	0.4	0.795348837209302	0.295793758480325	0.315159	0.302267	0.312166	-0.4877	0	-4.2778	-12	0.054	0.093	0.0515	-1.2539	-0.3252	0.518769787426504	0.045911	0.043909	0.043861	-1	-1	-0.4224	-0.6592	0.065643289979806	971.933333333333	-0.186875784796677	5	106	106	2.0943	3	0.9559	0.4975	0.3878	0.033	3.0375	0.0359	0.0152	4.2542	383	16	4.2802	0.2143	0.1667	3.591	35	35	30
BPI_Challenge_2020_InternationalDeclarations.xes.gz	0.6348	0.8511	-1	-1	6449	3	ETM	0.991304347826087	0.283568957094877	0.672727272727273	0.656829320264223	0.825989681818919	0.382352941176471	0.799043062200957	0.201044108246324	0.217399	0.205322	0.208894	-0.2526	-0.3333	-3.1457	-19	0.0339	-0.161	0.6963	-1.0474	0.2477	0.660025569997869	0.051667	0.051369	0.051478	0.744102282223503	0.523221908605286	-0.7981	-0.7239	-0.216873694280138	1812.83333333333	0.252772793726741	24	25	39	3.7436	11	0.4314	0.6925	0.4438	0.0414	0.5704	0.0222	0.0042	4.83	8099	537.5	5.0875	0.1747	0.1735	3.6021	6449	753	34
DocumentProcessingENG.xes.gz	0.9085	0.8905	-1	-1	18352	3	ETM	0.275862068965517	0.137986732065706	0.210526315789474	0.203433880407645	0.895967741935549	0	0.1	0.0195350550485	0.019535	0.019535	0.029303	0.1167	0.5	0	0	0.0514	0.0834	0.0967	0	0	0.111152948880612	0.036984	0.036104	0.040206	0.522900800403761	0.491670571603301	-0.126	-0.1589	-0.598261232455862	-37	-0.513888888888889	4	18	20	2.2	3	0.913	0.901	0.1944	0.125	2.4464	0	0	0	36704	27158	2.1219	0.2111	0.5263	2.0742	18352	3	10
1a_VARA_DE_FEITOS_TRIBUTARIOS_DO_ESTADO_-_TJMG.xes	0.9659	0.5713	-1	-1	28	3	ETM	0.825892857142857	0.253370098039216	0.135135135135135	0.731617647058823	0.847887916976203	0.625	0.807291666666667	0.241013071895425	0.257171	0.246162	0.255197	-0.2721	0	-2.9167	-17	0.0744	-0.0172	0.4025	-0.8831	-0.2554	0	0	0	0	-1	-1	-0.943	-1.2618	-0.172718568273109	1554.47619047619	-0.107992366056882	10	111	122	2.1311	11	0.8773	0.3368	0.3477	0.0385	3.3846	0.0416	0.0122	4.2542	490	8	3.9783	0.1798	0.1986	3.6671	28	28	32
edited_hh104_weekends.xes.gz	0.98	0.6019	-1	-1	18	3	ETM	0.742424242424242	0.12282335260871	0.192982456140351	0.307017543859649	0.740051800519622	0.157894736842105	0.696132596685083	0.249707602339181	0.26731	0.260771	0.265797	-0.3709	0	-5.8586	-8	0.0504	0.2935	0.1089	-0.8434	-0.1356	0.067836257309942	0.006481	0.00647	0.00646	0.194567627494457	-1	0.2221	-0.0465	0.016437869875357	-133.196536796537	-1.09709419121184	2	126	124	2.0645	3	0.9692	0.4911	0.2161	0.0341	3.0106	0.0276	0.0144	4.1427	382	64	4.1427	0.5234	0.1061	3.1256	18	18	19
1a_VARA_CRIMINAL_DA_CAPITAL_-_TJAM.xes	0.9956	0.5635	-1	-1	131	3	ETM	0.870175438596491	0.209886732816807	0.096774193548387	0.615153788447112	0.758769899006575	0.717948717948718	0.896825396825397	0.328582145536384	0.361373	0.333891	0.34824	-0.1076	0	-3.9167	-20	0.0574	0.1305	-0.0616	-1.4649	-0.2931	0.170667666916729	0.009077	0.009056	0.009085	-1	-1	-1.1784	-1.5868	-0.177050529535402	2525.80844155844	0.528466615966616	10	54	59	2.4407	11	0.7455	0.7068	0.2382	0.0265	2.9818	0.0191	0.0037	4.0688	2574	16	4.6255	0.1757	0.1538	4.205	131	128	38
2A._VARA_DE_EXECUTIVO_FISCAL_JOAO_PESSOA_-_TJPB.xes	0.9656	0.5378	-1	-1	229	3	ETM	0.863453815261044	0.277447011193141	0.193548387096774	0.809716599190283	0.669357317901964	0.464285714285714	0.864864864864865	0.401545822598454	0.434944	0.411423	0.426095	-0.5995	-0.5	-5.8262	-17	0.0595	0.03	0.2278	-1.5074	-0.291	0.023555391976445	0.003289	0.003303	0.003292	0.486915594603075	0.303448275862069	-0.4137	-0.8703	-0.006405803194976	1202.88571428571	0.407041107041107	8	51	53	2.5283	11	0.7179	0.7329	0.3861	0.0543	3.1639	0.0505	0.0189	3.8788	929	72.5	4.3213	0.2923	0.1267	3.471	229	227	28
VARA_DE_SUCESSOES_DE_CAMPINA_GRANDE_-_TJPB.xes	0.9672	0.6063	-1	-1	25	3	ETM	0.802083333333333	0.198404757065504	0.171428571428571	0.565274151436031	0.756112052642589	0.4	0.797619047619048	0.293080939947781	0.316608	0.300039	0.311667	-0.4237	0	-4.3467	-12	0.044	0.1677	0.1846	-0.9363	-0.5907	0.16644908616188	0.008884	0.008828	0.008863	0.273289665211063	-1	-0.4306	-0.673	-0.06167964747892	692.809523809524	-0.273318468970643	12	77	88	2.2273	11	0.8233	0.4369	0.2681	0.061	3.2733	0.0288	0.0172	4.1639	395	26	4.0195	0.2783	0.1497	3.4075	25	25	25
BPI_Challenge_2020_PrepaidTravelCost.xes.gz	0.6796	0.9142	-1	-1	2099	3	ETM	0.989583333333333	0.325970762231406	0.694444444444444	0.842942961540844	0.908263064140596	0.448275862068966	0.882022471910112	0.136681736545488	0.143287	0.139882	0.143121	-0.1376	-0.3333	-3.3707	-9	0.022	0.0496	0.5515	-1.4695	0.1209	0.596085960240292	0.076801	0.076109	0.076058	1.00399025136194	0.676686265442294	-0.4881	-0.9386	-0.762175112751456	1463.14632034632	0.975854921093016	16	16	26	3.6923	11	0.4328	0.9541	0.3958	0.0533	0.2164	0.0118	0.0039	4.5561	2279	158	4.72	0.2007	0.1779	3.4342	2099	202	29
JUIZO_DA_1a_ESCRIVANIA_CRIMINAL_DE_ARAPOEMA_-_TJTO.xes	0.8301	0.4672	-1	-1	43	3	ETM	0.87375415282392	0.306527757773617	0.1	0.916841369671558	0.604934107054034	0.641025641025641	0.893939393939394	0.562543675751223	0.590592	0.575748	0.590745	-0.3225	-0.5	-4.575	-20	0.0956	0.0936	0.1499	-1.4417	-0.4715	0.090845562543676	0.006976	0.00695	0.006966	0.480388494583489	-1	-1.0795	-1.2414	0.035718381214983	2489.90396825397	-0.423209053472211	11	30	38	2.5789	11	0.6752	0.5305	0.2809	0.0119	3.0821	0.0463	0.0182	4.3713	161	13	4.1562	0.1768	0.1489	3.8181	43	41	39
BPI_Challenge_2014_Reference alignment.xes.gz	0.62	0.9762	-1	-1	43802	3	ETM	0.571428571428571	0.157894667841336	0.357142857142857	0.140350670190674	0.999584128857684	0.166666666666667	0.619047619047619	0.003657730791014	0.004132	0.004293	0.004405	0.1625	-0.3333	0.3	0	-0.0333	-0.1389	-0.0922	-0.6631	0.0036	0.526748631300736	0.30135	0.340812	0.322261	0.610279847849713	0.569454022324802	-0.2896	-0.5627	-0.234258035522746	16	0.533333333333333	17	6	20	3.9	11	0.3805	0.2872	0.4	0.25	1.9183	0.0137	0.0048	2.2516	43802	8433	2.585	0.5	0.4	1.9738	43802	515	6
Hospital Billing - Event Log.xes.gz	0.5305	0.9322	-1	-1	100000	3	ETM	0.84472049689441	0.077622419418133	0.339622641509434	0.106993132380272	0.962118098282962	0.555555555555556	0.804878048780488	0.070122011959278	0.074124	0.073308	0.072494	0.3293	0.131	-1.3194	-6	-0.0247	-0.1068	0.1068	-1.5699	-0.736	2.52589516705136	0.198916	0.197853	0.196952	0.89581141814847	0.553483387354926	-0.6828	-1.345	-0.296461482692489	609.5	1.17375700280112	26	10	27	4.1481	16	0.3913	0.8144	0.5037	0.0928	2.6416	0.0085	0.0013	4.1699	78882	2492	4.1699	0.4673	0.1259	3.0597	100000	1020	18
COLOMBO_-_VARA_DA_FAZENDA_PUBLICA_-_TJPR.xes	0.9136	0.7809	-1	-1	513	3	ETM	0.751724137931034	0.09061701350858	0.035714285714286	0.259437751004016	0.886424068550642	0.565217391304348	0.780487804878049	0.146549835706462	0.158835	0.150207	0.158149	-0.179	0	-2.5043	-9	0.1704	0.1858	0.2846	-1.2076	-0.9317	0.072216137276378	0.017652	0.017469	0.017541	0.492457924761963	0.422025268715821	-1.0636	-1.1022	-0.18780174435704	944.666666666667	0.016414141414142	20	28	43	2.6512	11	0.6642	0.6942	0.43	0.0458	2.8927	0.0192	0.0063	4.0188	3997	154	4.3168	0.2411	0.1885	3.4201	513	395	23
Road_Traffic_Fine_Management_Process.xes.gz	0.8264	0.8706	-1	-1	150370	3	ETM	0.876543209876543	0.188752128435904	0.4375	0.466256385307711	0.831301007603873	0.272727272727273	0.821917808219178	0.165186086110436	0.171048	0.184103	0.173227	-0.6213	-0.6	-4.3636	-7	0.0133	0.0033	0.1448	-0.5958	-0.3947	0.273208465093651	0.033739	0.033007	0.032842	1.61373714766604	0.714281513520449	0.3855	-0.3361	-0.093798335523819	95	0.801587301587302	6	8	10	2.8	4	0.75	0.9884	0.3	0.0667	2.5503	0.0333	0.0045	3.0958	150370	4188	3.2776	0.6364	0.1571	2.3445	150370	231	11
BPI_Challenge_2020_PermitLog.xes.gz	0.8139	0.7418	-1	-1	7065	3	ETM	0.948675496688742	0.316384553007419	0.346938775510204	0.931070476382112	0.747291174415588	0.686274509803922	0.919210053859964	0.334649630263092	0.34867	0.339566	0.34411	-0.1379	0	-7.7806	-24	0.0565	0.244	0.2643	-1.9915	0.5774	0.214661200261583	0.00958	0.009533	0.009543	1.08086426536599	0.475733194913055	-0.9529	-1.6255	-0.210002672717409	4207.82215890834	-0.489868506568023	28	22	44	3.4091	11	0.4563	0.7448	0.1869	0.0264	0.416	0.0092	0.0016	5.4763	7574	221	5.5548	0.2169	0.0922	4.101	7065	1478	51
BPI_Challenge_2019_log_IEEE.xes.gz	0.9831	0.7561	-1	-1	251734	3	ETM	0.987037037037037	0.273819219717264	0.5	0.743004889937353	0.844436241175718	0.833333333333333	0.975903614457831	0.436923676655592	0.451003	0.445233	0.452184	-0.1261	0	-10.1428	-24	0.0298	0.076	-0.1472	-2.1861	-1.1861	0	0	0	0	65.2498177401438	0.868275276654208	-1.642	-2.4161	-1.32007864938396	4257.49761904762	2.10518147502904	2	7	10	2	3	0.9048	0.9967	0.3355	0.0396	2.3349	0.0078	0.0005	5.2495	291321	1628	5.1542	0.2892	0.0843	4.1452	251734	11973	42
Sepsis Cases - Event Log.xes.gz	0.8582	0.7753	-1	-1	1050	3	ETM	0.67175572519084	0.12444286187886	0.119047619047619	0.329850324767015	0.87255761129288	0.3125	0.669491525423729	0.15129906805987	0.161892	0.15674	0.1647	-0.075	0	-3.3693	-7	0.0155	-0.032	0.2602	-0.3006	0.0963	0.302527534594747	0.028608	0.027314	0.027361	0.541082873507477	0.452526799387443	0.1598	-0.6363	-0.504453235393023	365.166666666667	1.0468253968254	62	24	77	3.7143	11	0.3985	0.493	0.3849	0.1377	2.0218	0.0334	0.0238	3.5778	3339	738.5	4	0.4792	0.1391	2.9654	1050	846	16
BPI_Challenge_2013_open_problems.xes.gz						3	ETM	2.22222222222222	1.22222222222222	1.15	0	-1	1	1	1	1.79047	1	1.461706	0.95	1	2.8	2	-0.3166	-0.9722		-0.614	-0.214	0	0	0	0	-1	-1	0.2818	0.2833	0	2	1	31	11	31	4.2581	11	0.3822	0.0919	1	0	1.585	0	0	0	1211	290	1.585	1	0.5	0.9706	819	108	3
BPI_Challenge_2013_incidents.xes.gz						3	ETM	1.8	1.03642502222592	1.29468599033816	0.696666034253781	-1	1	1	1	1.400404	1.215291	1.309112	-0.5165	-0.4444	-0.1944	2	-0.1171	-0.119	0.2256	1.0033	-0.6484	0	0	0	0	-1	-1	0.4813	0.4622	0.111584770979789	9	1.5	14	10	17	3.7647	11	0.4713	0	0.8333	0.3333	2	0.0547	0.0276	1	40109	8932.5	2	0.9167	0.3636	1.5554	7554	1511	4
BPI Challenge 2017.xes.gz	0.9033	-1	-1	-1	31509	3	ETM	0.892156862745098	0.189020752412056	0.444444444444444	0.455949905958362	0.843542677536632	0.307692307692308	0.81767955801105	0.165742194373218	0.17208	0.171565	0.173662	-0.3305	-0.2	-4.8462	-9	0.0516	0.1825	0.0281	-1.7767	0	0.192651256707193	0.022088	0.021864	0.021974	0.637034710739467	0.481528153430047	-0.3523	-0.5656	-0.127326071496115	1124	0.938774509803922	27	29	51	2.6275	11	0.6646	0.67	0.5217	0.0392	0	0.0322	0.0031	4.6235	196834	27333	4.4697	0.2738	0.1461	3.2185	31509	15930	26
BPI_Challenge_2020_DomesticDeclarations.xes.gz	0.7056	0.9663	-1	-1	10500	3	ETM	1.08928571428571	0.51204036594898	0.727272727272727	0.895095456821299	0.970725553388656	0.411764705882353	0.666666666666667	0.03104251474846	0.032541	0.03354	0.03211	0.2641	0	1.0059	-1	-0.0278	-0.4079	0.1398	0.1104	0.1462	0.79199773602978	0.139286	0.133974	0.141299	0.808769014444586	0.576336217904934	-0.8269	-0.8863	-0.525512184029269	358	0.694444444444444	26	12	31	4	11	0.3855	0.7608	0.8583	0.0542	0.3228	0.0612	0.0051	3.3816	11531	289	3.8078	0.1434	0.4359	2.9261	10500	99	17
5a_VARA_CIVEL_-_TJMT.xes	0.963	0.4877	-1	-1	29	3	ETM	0.882352941176471	0.272988187801549	0.361111111111111	0.770813844714686	0.611518216736391	0.542857142857143	0.825396825396825	0.39756782039289	0.418119	0.407159	0.418444	-0.2643	0	-3.0643	-13	0.0515	0.0382	0.1265	-1.0687	-0.3055	0.416276894293732	0.026197	0.025726	0.025867	0.258919961427194	-1	-0.8957	-0.9882	0.030174357060057	1848.80119047619	-0.066920252949665	15	60	66	2.5152	11	0.7382	0.3842	0.4127	0.0183	3.2583	0.0456	0.0191	4.4004	245	11	4.064	0.1563	0.1882	3.8768	29	29	35
