exchange_leaf	exchange_op	exchange_subtree	prob_up	inner_similarity	trees_similarity	ARI
0	0	0	0.3	2.599	0.929260050850152	(0.00046924504019550374, 1)
0	0	0	0.3	2.536	0.933329413634197	(0.0, 4)
0	0	0	0.3	2.523	0.927317945865777	(0.0003377943457786575, 1)
0	0	0	0.3	2.541	0.926896975475396	(0.0007858205811457899, 1)
0	0	0	0.3	2.52	0.9243400339001	(0.001320442327739509, 3)
0	0	0	0.5	2.565	0.930932888394513	(0.002100798873515079, 2)
0	0	0	0.5	2.51	0.92502900047672	(0.00016909823550095173, 1)
0	0	0	0.5	2.562	0.93319104560623	(0.0010776437835323853, 1)
0	0	0	0.5	2.528	0.923236241326342	(0.0, 4)
0	0	0	0.5	2.479	0.923664402245882	(0.0011934570363245941, 1)
0	0	0	0.7	2.551	0.924197203241698	(0.000318420633657061, 3)
0	0	0	0.7	2.466	0.92215909211293	(2.6656819253392024e-05, 1)
0	0	0	0.7	2.514	0.931365962180201	(0.006835985261508982, 2)
0	0	0	0.7	2.561	0.928167593622544	(3.131670858871883e-05, 1)
0	0	0	0.7	2.534	0.926346602044601	(0.0017477635865349812, 2)
0	0	1	0.3	2.53	0.79956033158536	(0.004300815347039844, 2)
0	0	1	0.3	2.324	0.749647558133376	(0.5205735088982553, 2)
0	0	1	0.3	2.332	0.673339848508924	(0.8494743079548361, 3)
0	0	1	0.3	2.319	0.748540825785264	(0.3961510265966387, 2)
0	0	1	0.3	2.275	0.675600111234704	(0.8831898506876411, 3)
0	0	1	0.5	2.247	0.750217503575402	(0.41658432583034355, 2)
0	0	1	0.5	2.371	0.702071945018274	(0.8801819767661656, 3)
0	0	1	0.5	2.16	0.630216007203771	(1.0, 4)
0	0	1	0.5	2.244	0.614987777424651	(1.0, 5)
0	0	1	0.5	2.075	0.50704777795434	(0.9459548254620124, 5)
0	0	1	0.7	2.139	0.499920493670215	(0.9780387585499076, 5)
0	0	1	0.7	2.156	0.615619219767995	(1.0, 5)
0	0	1	0.7	2.223	0.652326712219927	(0.9780323553373518, 4)
0	0	1	0.7	2.16	0.596748384448328	(1.0, 4)
0	0	1	0.7	2.085	0.472176638063457	(0.9889533539718571, 5)
0	0	2	0.3	2.324	0.411241432279253	(1.0, 5)
0	0	2	0.3	2.319	0.424885335558028	(1.0, 5)
0	0	2	0.3	2.133	0.289880409449653	(1.0, 4)
0	0	2	0.3	2.424	0.294782959902537	(0.9889492643018499, 4)
0	0	2	0.3	2.545	0.256413955320727	(1.0, 5)
0	0	2	0.5	2.247	0.379865765202076	(1.0, 5)
0	0	2	0.5	2.462	0.29009133991472	(1.0, 4)
0	0	2	0.5	2.744	0.236183989154616	(1.0, 4)
0	0	2	0.5	2.464	0.212711902113459	(1.0, 5)
0	0	2	0.5	2.561	0.305147339636633	(1.0, 4)
0	0	2	0.7	2.303	0.205277901371895	(1.0, 5)
0	0	2	0.7	2.503	0.255168613274008	(1.0, 4)
0	0	2	0.7	2.572	0.258388904338153	(1.0, 4)
0	0	2	0.7	2.845	0.213644072117168	(1.0, 4)
0	0	2	0.7	2.364	0.266242703533026	(1.0, 4)
0	0	3	0.3	2.378	0.17654229567244	(1.0, 4)
0	0	3	0.3	2.304	0.28895683034059	(1.0, 4)
0	0	3	0.3	2.301	0.202486598866465	(0.988950000337542, 4)
0	0	3	0.3	2.545	0.338398034853541	(1.0, 4)
0	0	3	0.3	1.993	0.337118740263568	(1.0, 5)
0	0	3	0.5	2.06	0.182992697149593	(1.0, 5)
0	0	3	0.5	1.968	0.187322635538153	(1.0, 5)
0	0	3	0.5	2.086	0.196113117342428	(1.0, 5)
0	0	3	0.5	1.926	0.293473679002989	(1.0, 5)
0	0	3	0.5	1.683	0.223682914754466	(1.0, 5)
0	0	3	0.7	1.875	0.158454241926656	(1.0, 5)
0	0	3	0.7	1.569	0.110091792275413	(0.988950000337542, 5)
0	0	3	0.7	2.206	0.102085574932314	(0.9576629699756559, 4)
0	0	3	0.7	1.305	0.223937319801638	(0.6484405626735374, 5)
0	0	3	0.7	1.592	0.305364629086555	(0.796371572733221, 5)
0	1	0	0.3	1.654	0.188614206358359	(0.8132258069785322, 5)
0	1	0	0.3	1.551	0.288183809194304	(0.7883301918707711, 5)
0	1	0	0.3	1.532	0.276519730107473	(0.751363524498346, 5)
0	1	0	0.3	1.525	0.294751867472857	(0.7892404403966781, 5)
0	1	0	0.3	1.713	0.185746130094294	(0.840007465350553, 5)
0	1	0	0.5	1.646	0.165974058849696	(0.8379377807364324, 5)
0	1	0	0.5	1.654	0.185828429329291	(0.8371348246988837, 5)
0	1	0	0.5	1.704	0.186138520025702	(0.8353045031541185, 5)
0	1	0	0.5	1.621	0.162450326210521	(0.823078757217943, 5)
0	1	0	0.5	1.587	0.267291646209862	(0.7988885230215286, 5)
0	1	0	0.7	1.455	0.013634319384319	(0.897684278860296, 5)
0	1	0	0.7	1.387	0.035150809566251	(0.9092365892199566, 5)
0	1	0	0.7	1.528	0.0372124465948	(0.9093136096734803, 5)
0	1	0	0.7	1.388	0.025577329669241	(0.9095895332964046, 5)
0	1	0	0.7	1.407	0.067028999731206	(0.8732216175631616, 5)
0	1	1	0.3	1.524	0.079755436619925	(0.8922873752030845, 5)
0	1	1	0.3	1.435	-0.005323379099114	(0.8695109865229903, 4)
0	1	1	0.3	1.312	0.020966252734382	(0.9167901672441071, 5)
0	1	1	0.3	1.542	0.251707691789026	(0.9889534740746968, 5)
0	1	1	0.3	1.461	0.279130828707608	(0.6763717216940474, 5)
0	1	1	0.5	1.295	0.149541171852281	(0.9579997849972386, 5)
0	1	1	0.5	1.422	0.158407948751188	(0.7887253982655239, 5)
0	1	1	0.5	1.6	0.134701401492236	(0.960577480609391, 5)
0	1	1	0.5	1.654	0.229297164329923	(0.9459321783902062, 5)
0	1	1	0.5	1.803	0.145961058832611	(0.9780860712272761, 5)
0	1	1	0.7	1.463	0.195842221380153	(0.884993559513595, 5)
0	1	1	0.7	1.274	0.177140605427051	(0.7061962044412646, 5)
0	1	1	0.7	1.116	0.094219026777083	(0.6777830134689394, 5)
0	1	1	0.7	1.165	0.066289162921994	(0.6532338113450202, 5)
0	1	1	0.7	1.347	0.197233223508532	(0.8461189865716661, 5)
0	1	2	0.3	1.4	0.171820827048277	(0.7964311299994578, 5)
0	1	2	0.3	1.398	0.091031766051842	(0.8713230605068328, 5)
0	1	2	0.3	1.436	0.18740211666255	(0.8659414279378173, 5)
0	1	2	0.3	1.335	-0.001774686350496	(0.8996884105782557, 5)
0	1	2	0.3	1.454	-0.027825125255292	(0.9312797078368477, 5)
0	1	2	0.5	1.609	0.184606801700018	(0.8749809404285764, 5)
0	1	2	0.5	1.828	0.270602900846236	(0.8655391386356491, 5)
0	1	2	0.5	1.716	-0.035220094131443	(0.902847828171445, 5)
0	1	2	0.5	1.813	0.227718345010836	(0.8947144138228317, 5)
0	1	2	0.5	1.067	0.261643983046729	(0.5306067347142412, 5)
0	1	2	0.7	1.024	0.245194622945881	(0.522232619917288, 5)
0	1	2	0.7	1.66	0.214360132112405	(0.7754836778934472, 5)
0	1	2	0.7	1.616	0.296255872419656	(0.6884697568162061, 5)
0	1	2	0.7	1.431	0.067412902235726	(0.8736557684918088, 5)
0	1	2	0.7	1.683	0.325640017496484	(0.9254580538555105, 5)
0	1	3	0.3	1.486	0.232360719254379	(0.7661662246620159, 5)
0	1	3	0.3	1.449	0.237830546855823	(0.8462221626422239, 5)
0	1	3	0.3	1.597	0.260392726274942	(0.884789188168779, 5)
0	1	3	0.3	1.822	0.083168905579145	(0.9798690570886618, 5)
0	1	3	0.3	1.473	0.072417342044089	(0.9270939871660906, 5)
0	1	3	0.5	1.583	0.044403808203958	(0.9726067787891929, 5)
0	1	3	0.5	1.538	0.18426926088758	(0.9462810847305052, 5)
0	1	3	0.5	1.473	0.21681829054688	(0.8852633434071134, 5)
0	1	3	0.5	1.341	0.034166858926548	(0.9521043631886339, 5)
0	1	3	0.5	1.488	-0.022449707997178	(0.9344433735927984, 5)
0	1	3	0.7	1.094	0.168873526093885	(0.5751545802239413, 5)
0	1	3	0.7	1.319	-0.063892018823988	(0.8311187442923083, 5)
0	1	3	0.7	0.884	0.192246157503118	(0.47868156270912965, 5)
0	1	3	0.7	1.01	0.028179163558938	(0.7263361843670344, 5)
0	1	3	0.7	0.912	-0.154108661765736	(0.7907217859214268, 5)
0	2	0	0.3	0.913	-0.00388257575903	(0.8593664370985147, 5)
0	2	0	0.3	1.039	-0.007719661231888	(0.8480191297403409, 5)
0	2	0	0.3	1.196	-0.007697217716326	(0.8119565857392397, 5)
0	2	0	0.3	1.262	-0.025656743544663	(0.8946298984034833, 5)
0	2	0	0.3	1.336	0.037992743568109	(0.9289023190843394, 5)
0	2	0	0.5	1.163	0.04341648710706	(0.8912281629792242, 5)
0	2	0	0.5	1.366	0.058916172303155	(0.9383830522597559, 4)
0	2	0	0.5	1.127	-0.012312253250992	(0.9210709248021414, 5)
0	2	0	0.5	0.875	0.021648438335371	(0.9587304811822409, 4)
0	2	0	0.5	0.896	-0.074861479811695	(0.9289140759865934, 5)
0	2	0	0.7	0.767	-0.002606704519672	(0.9674788662357037, 4)
0	2	0	0.7	0.835	-0.047944929288513	(0.9481766771648595, 4)
0	2	0	0.7	1.089	0.103217879599902	(0.959515713877149, 4)
0	2	0	0.7	1.014	-0.054009771990251	(0.9404568352770685, 4)
0	2	0	0.7	0.918	-0.09898995101021	(0.8876997651937555, 4)
0	2	1	0.3	0.86	0.023577514939006	(0.9410032336118038, 5)
0	2	1	0.3	0.969	0.13252326455371	(0.8434551046869276, 4)
0	2	1	0.3	0.978	-0.001209945288535	(0.7787584018832665, 5)
0	2	1	0.3	1.066	0.220260554020313	(0.7176838569661856, 5)
0	2	1	0.3	1.135	0.018259533148141	(0.6356881486526115, 5)
0	2	1	0.5	1.52	0.063861902229041	(0.778495373236366, 5)
0	2	1	0.5	1.246	0.230026121189485	(0.8470097471074399, 5)
0	2	1	0.5	1.624	0.200544816053512	(0.988950000337542, 5)
0	2	1	0.5	1.481	0.360269038208169	(1.0, 5)
0	2	1	0.5	1.395	0.116556428817626	(0.9800721166623607, 5)
0	2	1	0.7	1.096	0.087372882964988	(1.0, 4)
0	2	1	0.7	1.16	0.103943817878028	(1.0, 4)
0	2	1	0.7	0.945	0.199606354959368	(0.8190247733067368, 4)
0	2	1	0.7	1.094	0.333258191911293	(0.5984983390812697, 5)
0	2	1	0.7	1.014	0.247340199372839	(0.5918062607239476, 5)
0	2	2	0.3	0.999	0.102284733426284	(0.7334626728200907, 5)
0	2	2	0.3	0.926	0.046618323966233	(0.7136625631830682, 5)
0	2	2	0.3	1.219	0.200283130168451	(0.7764816894769574, 5)
0	2	2	0.3	1.498	0.247316875202767	(0.9783400021125057, 5)
0	2	2	0.3	1.12	0.155454363170505	(0.6044096480566645, 5)
0	2	2	0.5	1.221	0.250687905298012	(0.9001775095156033, 5)
0	2	2	0.5	1.897	0.279252404479578	(1.0, 4)
0	2	2	0.5	1.792	0.231982826185047	(0.9711031316894083, 4)
0	2	2	0.5	2.023	0.356917295023817	(1.0, 4)
0	2	2	0.5	1.563	0.307899868247694	(1.0, 4)
0	2	2	0.7	1.628	0.119651790048243	(1.0, 5)
0	2	2	0.7	1.574	0.290419230769231	(0.9889559571089976, 5)
0	2	2	0.7	2.041	0.132286182336182	(1.0, 5)
0	2	2	0.7	1.82	0.235494871794872	(1.0, 5)
0	2	2	0.7	1.64	0.207086677814939	(1.0, 5)
0	2	3	0.3	2.177	0.256190455840456	(1.0, 5)
0	2	3	0.3	1.617	0.23940982585106	(0.9459441944399539, 5)
0	2	3	0.3	1.097	-0.045630354881617	(0.8096288881549057, 5)
0	2	3	0.3	1.609	0.28166011091045	(0.9358134329266067, 5)
0	2	3	0.3	1.131	0.147182021244107	(0.6032691235276256, 5)
0	2	3	0.5	2.047	0.225312298583079	(0.9782792646040236, 5)
0	2	3	0.5	1.836	0.120333069156912	(0.9889834939688638, 5)
0	2	3	0.5	1.783	0.14358856180434	(0.9354666673296818, 5)
0	2	3	0.5	1.02	0.168985514997831	(0.835003306333228, 5)
0	2	3	0.5	1.054	0.196745768514919	(0.8194742687893373, 5)
0	2	3	0.7	1.027	0.055390047408356	(0.8752894112269142, 5)
0	2	3	0.7	0.985	0.240689357008087	(0.8711995059730414, 5)
0	2	3	0.7	1.123	0.093961618698803	(0.8027739138336737, 5)
0	2	3	0.7	0.993	0.041610294117647	(0.9932783642256218, 5)
0	2	3	0.7	1.451	0.097801605568768	(1.0, 5)
0	3	0	0.3	1.069	0.066599222026534	(1.0, 5)
0	3	0	0.3	1.015	0.139230207017971	(1.0, 5)
0	3	0	0.3	1.061	0.125175291727536	(1.0, 5)
0	3	0	0.3	1.11	0.161649706373777	(1.0, 5)
0	3	0	0.3	1.256	0.14820779444154	(0.9923588164613998, 5)
0	3	0	0.5	1.15	0.126780542986425	(0.9865038616843391, 5)
0	3	0	0.5	1.636	0.14308852041284	(1.0, 5)
0	3	0	0.5	1.684	0.128791782486519	(1.0, 5)
0	3	0	0.5	1.394	0.138892041587288	(0.9813942504460456, 5)
0	3	0	0.5	1.187	0.162340044587335	(1.0, 5)
0	3	0	0.7	1.006	0.140197518823974	(1.0, 5)
0	3	0	0.7	1.332	0.078923051720382	(1.0, 5)
0	3	0	0.7	1.512	0.099444522564412	(0.9911914496802453, 5)
0	3	0	0.7	1.108	0.073797850345062	(0.9841756815998286, 5)
0	3	0	0.7	1.62	0.21016119313696	(0.9608071999649408, 5)
0	3	1	0.3	1.981	0.195931912502896	(0.9811563143371655, 5)
0	3	1	0.3	0.936	0.191338537316772	(0.745523049504573, 5)
0	3	1	0.3	1.212	0.220384493020848	(0.7520242218056379, 5)
0	3	1	0.3	1.476	0.169727710279564	(0.6785491772162817, 5)
0	3	1	0.3	1.291	0.100817851324078	(0.8208038511666407, 5)
0	3	1	0.5	1.218	0.180640397410761	(0.689431818412469, 5)
0	3	1	0.5	1.579	0.217917153679558	(0.8465670109941041, 5)
0	3	1	0.5	1.862	0.17765539455547	(1.0, 4)
0	3	1	0.5	1.7	0.29718408211901	(0.9565530585407122, 5)
0	3	1	0.5	1.148	0.199364357486826	(0.8360629216904732, 5)
0	3	1	0.7	0.964	0.098968613469855	(0.7088802231772225, 5)
0	3	1	0.7	1.163	0.15529190985452	(0.7165478373498619, 5)
0	3	1	0.7	0.995	0.23032034261131	(0.6968806701004552, 5)
0	3	1	0.7	0.93	0.149184041600215	(0.6977918592404653, 5)
0	3	1	0.7	0.881	0.085096975842313	(0.6752800823113868, 5)
0	3	2	0.3	0.855	0.076646130099767	(0.6342004649115468, 5)
0	3	2	0.3	1.004	0.10555839133886	(0.5847508688541633, 5)
0	3	2	0.3	0.99	-0.054236549288959	(0.5634063391859093, 5)
0	3	2	0.3	0.965	0.048319981132107	(0.6367406016400015, 5)
0	3	2	0.3	1	0.026343749054447	(0.5923187845157378, 5)
0	3	2	0.5	1.16	0.192731415247161	(0.7389680533210756, 5)
0	3	2	0.5	1.36	0.20730176045262	(0.9253545138457632, 5)
0	3	2	0.5	1.414	0.180322466970667	(0.8953213337557746, 5)
0	3	2	0.5	1.329	0.202109288665405	(0.8949041970155122, 5)
0	3	2	0.5	1.139	0.101395091136618	(0.7034069248848012, 5)
0	3	2	0.7	0.941	0.026157023678894	(0.9805899923079229, 5)
0	3	2	0.7	1.244	0.074813713576872	(0.9696514089275958, 5)
0	3	2	0.7	1.112	0.10393932415097	(0.9013504164327647, 5)
0	3	2	0.7	1.296	0.236471336168704	(0.9912855599567879, 5)
0	3	2	0.7	1.233	0.093023885471254	(0.9690353348188813, 5)
0	3	3	0.3	1.431	0.182250780389835	(0.9254880940589733, 5)
0	3	3	0.3	1.385	0.037958629594868	(0.9149236494289748, 5)
0	3	3	0.3	2.01	0.235076890322069	(0.9156193165887208, 5)
0	3	3	0.3	2.358	0.196057096794213	(0.9780199875035702, 5)
0	3	3	0.3	1.25	0.20212805428169	(0.5517895469733809, 5)
0	3	3	0.5	1.757	0.133828662240585	(0.9672069340124531, 5)
0	3	3	0.5	1.768	0.053250644254239	(0.9524497323586286, 5)
0	3	3	0.5	1.58	0.08281886216671	(0.9072052064362603, 5)
0	3	3	0.5	1.008	0.11449422340046	(0.6569826174800572, 5)
0	3	3	0.5	1.271	0.212582280378987	(0.5562472046945806, 5)
0	3	3	0.7	1.745	0.219044899837516	(0.8952170076819043, 4)
0	3	3	0.7	1.331	0.346013584459912	(0.9799789184784903, 5)
0	3	3	0.7	1.29	0.221777910021163	(0.9402151441930328, 5)
0	3	3	0.7	1.573	0.169341575959184	(0.9099566868849199, 5)
0	3	3	0.7	1.304	0.212579035333837	(0.9890937071359271, 5)
1	0	0	0.3	1.282	0.234713714250637	(0.8906143276872093, 5)
1	0	0	0.3	1.296	0.195135550470714	(0.9071062667467361, 5)
1	0	0	0.3	1.3	0.237175528494902	(0.92702973426925, 5)
1	0	0	0.3	1.264	0.211259857066524	(0.925917273199455, 5)
1	0	0	0.3	1.383	0.161440494862888	(0.9573693865675594, 5)
1	0	0	0.5	1.345	0.200083305226713	(0.9674537375804626, 5)
1	0	0	0.5	1.394	0.164457998023764	(0.9889700429884132, 5)
1	0	0	0.5	1.221	0.147845644369131	(0.9061387901649608, 5)
1	0	0	0.5	1.282	0.149697028515656	(0.9073326793597004, 5)
1	0	0	0.5	1.21	0.128409830505723	(0.9473785825074931, 5)
1	0	0	0.7	1.343	0.167015993930546	(0.9252693509965373, 5)
1	0	0	0.7	1.292	0.09112537081999	(0.907571953696008, 5)
1	0	0	0.7	1.23	0.132356289969651	(0.8870719862297903, 5)
1	0	0	0.7	1.284	0.09076656162591	(0.8516371538176227, 5)
1	0	0	0.7	1.272	0.084665309118876	(0.8789955597474849, 5)
1	0	1	0.3	1.275	0.185258508548305	(0.8991541901591684, 5)
1	0	1	0.3	1.071	0.137559858139432	(0.9893020969664562, 5)
1	0	1	0.3	1.113	0.155735908831013	(1.0, 5)
1	0	1	0.3	1.055	0.0818902736926	(0.8952896838260586, 5)
1	0	1	0.3	1.06	0.147984805294337	(0.8379101909794477, 5)
1	0	1	0.5	1.093	0.092409194520927	(0.885129287670582, 5)
1	0	1	0.5	1.125	0.054801101449995	(0.8293790660686032, 5)
1	0	1	0.5	1.058	0.082158131012904	(0.8653736563893966, 5)
1	0	1	0.5	1.17	0.134789194549012	(0.9781468676992059, 5)
1	0	1	0.5	1.163	0.088072294134639	(0.7369302114794773, 5)
1	0	1	0.7	1.106	-0.008980356249737	(0.7324006438303766, 5)
1	0	1	0.7	1.11	0.05773287317623	(0.7368028783814117, 5)
1	0	1	0.7	0.987	0.133552118257472	(0.7513342871777665, 5)
1	0	1	0.7	1.059	0.057624287024886	(0.8192674846465097, 5)
1	0	1	0.7	1.172	0.055226797455326	(0.8520251271313192, 5)
1	0	2	0.3	1.246	0.210360754651624	(0.9259627408530333, 5)
1	0	2	0.3	1.14	0.040822918880364	(0.8594471632946019, 5)
1	0	2	0.3	1.038	-0.006816835983723	(0.9409579893385678, 5)
1	0	2	0.3	1.019	-0.095120231196392	(0.9595922201245509, 5)
1	0	2	0.3	1.045	0.04154098050153	(0.9149426617101062, 5)
1	0	2	0.5	1.013	0.196774279298444	(0.9692302278387963, 5)
1	0	2	0.5	1.161	0.175144744818459	(0.9364539671710651, 5)
1	0	2	0.5	1.021	0.143180201398316	(0.9414002139545941, 5)
1	0	2	0.5	1.107	0.039696965995396	(0.9066906958433075, 5)
1	0	2	0.5	1.115	0.28793552915539	(0.895611000814766, 5)
1	0	2	0.7	1.048	0.126855320213215	(0.9281367111377604, 5)
1	0	2	0.7	1.189	0.165333342313048	(0.9261429845824569, 5)
1	0	2	0.7	1.035	0.231532663236581	(0.9311166986146727, 5)
1	0	2	0.7	1.203	0.132404530043459	(0.9415911379657603, 5)
1	0	2	0.7	1.142	0.057370321940116	(0.9833010262935699, 5)
1	0	3	0.3	1.126	0.195075793717265	(0.9476203529261413, 5)
1	0	3	0.3	1.203	0.134955544203935	(0.9657233076365282, 5)
1	0	3	0.3	1.074	0.096128495948692	(0.9379830704449246, 5)
1	0	3	0.3	1.464	-0.061129528950582	(0.9907553762322698, 5)
1	0	3	0.3	0.998	0.245501212031155	(0.926415412180891, 5)
1	0	3	0.5	0.912	0.059613403302958	(0.9366697022351184, 5)
1	0	3	0.5	0.885	0.030678567602715	(0.961652288492461, 5)
1	0	3	0.5	0.958	0.124973965070391	(0.9931355539510975, 5)
1	0	3	0.5	0.996	0.078067720219243	(0.979661204778758, 5)
1	0	3	0.5	0.914	-0.022349671815113	(0.992862871419991, 5)
1	0	3	0.7	1.011	0.127809268139467	(0.9897256232551565, 5)
1	0	3	0.7	0.945	0.105272656473828	(0.9575795393878058, 5)
1	0	3	0.7	1.016	0.061286801694776	(0.9293888805558126, 5)
1	0	3	0.7	1.126	0.025335759790366	(0.7657363673346236, 5)
1	0	3	0.7	0.882	0.112697102091457	(0.9425175315408063, 5)
1	1	0	0.3	0.924	0.016702163906498	(0.9475909487877345, 4)
1	1	0	0.3	0.931	-0.01045654689308	(0.9559852888836161, 5)
1	1	0	0.3	0.827	0.002767547513852	(0.9563155812791473, 5)
1	1	0	0.3	0.912	0.026704489633927	(0.9491773796043429, 5)
1	1	0	0.3	1.04	0.034540996527065	(0.9809953733453284, 5)
1	1	0	0.5	0.787	0.02705353487125	(0.965240792800938, 5)
1	1	0	0.5	1.051	0.100696133511199	(1.0, 5)
1	1	0	0.5	1.018	0.060545793217317	(0.9906749614330078, 5)
1	1	0	0.5	1.096	0.123750147160313	(0.9921241240226437, 5)
1	1	0	0.5	1.677	0.242006284651021	(0.9920107117069178, 5)
1	1	0	0.7	1.228	0.125655908638145	(0.9844080203923049, 5)
1	1	0	0.7	1.016	-0.057800785870142	(0.9303412182376899, 5)
1	1	0	0.7	1.51	0.217167796854868	(0.9914807897850602, 5)
1	1	0	0.7	1.298	0.196580397672503	(0.9619499394428744, 5)
1	1	0	0.7	1.129	0.198522730663484	(0.7536079150136631, 5)
1	1	1	0.3	1.287	0.330495344624864	(1.0, 5)
1	1	1	0.3	1.732	0.248539250816962	(0.9905208139029802, 5)
1	1	1	0.3	1.467	0.141989110691884	(0.9807249589686319, 5)
1	1	1	0.3	1.343	0.151477438718123	(0.9191590761794556, 5)
1	1	1	0.3	1.502	0.133201753259869	(0.9800928191193884, 5)
1	1	1	0.5	1.657	0.076203233159755	(0.9481198780762813, 5)
1	1	1	0.5	1.39	0.235622898237028	(0.9337690302052254, 5)
1	1	1	0.5	1.256	0.362015505050343	(0.9305836385747338, 5)
1	1	1	0.5	1.246	0.190531798280018	(0.9575603896970506, 5)
1	1	1	0.5	1.217	0.155991432747268	(0.9787789515732108, 5)
1	1	1	0.7	1.462	0.254001601297253	(0.9894692135031877, 5)
1	1	1	0.7	1.44	0.106056528584561	(1.0, 5)
1	1	1	0.7	1.796	0.116738504973287	(1.0, 5)
1	1	1	0.7	1.819	0.142257971014493	(0.9651257096512571, 5)
1	1	1	0.7	1.885	0.116968773910303	(0.9525424954667484, 5)
1	1	2	0.3	2.143	0.29522177834243	(0.9756878166396372, 4)
1	1	2	0.3	1.64	0.111685943792809	(0.9629783639789488, 4)
1	1	2	0.3	1.36	0.277774025643819	(0.9552788589343935, 5)
1	1	2	0.3	1.285	0.110316207280618	(0.9294724747619366, 4)
1	1	2	0.3	1.263	0.160561238928531	(0.9891510882286192, 5)
1	1	2	0.5	1.439	0.122834073588078	(1.0, 5)
1	1	2	0.5	1.644	0.184355279503105	(1.0, 5)
1	1	2	0.5	1.319	0.171110764432618	(0.9149312732748588, 4)
1	1	2	0.5	1.479	0.267536018570801	(0.8617852120051468, 4)
1	1	2	0.5	1.406	0.1193476390759	(0.8847036909009824, 4)
1	1	2	0.7	1.073	0.196370406365594	(1.0, 5)
1	1	2	0.7	1.173	0.138044910614526	(0.7745252641339246, 5)
1	1	2	0.7	1.351	0.213632098952532	(0.8778825148599905, 5)
1	1	2	0.7	1.189	0.260902806258069	(0.915599864175401, 5)
1	1	2	0.7	1.44	0.182426533505481	(0.9277029486712778, 5)
1	1	3	0.3	1.136	0.122509980213286	(0.8818491041058467, 5)
1	1	3	0.3	1.293	0.144976320033595	(0.9301102909080327, 5)
1	1	3	0.3	1.032	0.156206631675209	(0.8578017598459575, 5)
1	1	3	0.3	1.205	0.174613447944953	(0.8519366682980964, 5)
1	1	3	0.3	1.251	0.236088627651342	(0.7818940777458909, 5)
1	1	3	0.5	0.998	0.012546301651565	(0.958601476304448, 4)
1	1	3	0.5	1.012	0.044635596520788	(0.9232780481757858, 5)
1	1	3	0.5	1.77	0.269905053642011	(0.9890006841406107, 4)
1	1	3	0.5	1.1	0.182468130186238	(1.0, 5)
1	1	3	0.5	1.006	0.135259159447466	(0.7339071364016311, 5)
1	1	3	0.7	0.982	0.222983377911436	(0.7406150863588298, 5)
1	1	3	0.7	1.189	0.039397157756999	(0.8940781111548021, 5)
1	1	3	0.7	0.963	0.042513478674757	(0.8525367941313984, 5)
1	1	3	0.7	1.115	0.052318434929188	(0.9246488810739326, 5)
1	1	3	0.7	1.281	0.188279092250895	(0.8277983107555164, 5)
1	2	0	0.3	1.15	0.156064185782363	(0.9305836385747338, 5)
1	2	0	0.3	1.066	0.213030222777477	(0.9813090808347623, 5)
1	2	0	0.3	1.245	0.235502480606602	(0.9706595715997057, 5)
1	2	0	0.3	1.063	0.107574081374036	(0.961652288492461, 5)
1	2	0	0.3	0.97	0.097299546451488	(0.9625773714485685, 5)
1	2	0	0.5	1.353	0.261081568722425	(0.9542650689699104, 5)
1	2	0	0.5	1.029	0.168556916894563	(0.963866081625293, 5)
1	2	0	0.5	1.251	0.103696687959103	(0.9484302844445714, 5)
1	2	0	0.5	1.142	0.122114169316851	(0.9633541242294937, 5)
1	2	0	0.5	1.407	0.262473558940125	(0.9168266601078533, 5)
1	2	0	0.7	1.218	0.174981817076519	(0.928980898609038, 5)
1	2	0	0.7	1.131	0.078238539645009	(0.854118860078604, 5)
1	2	0	0.7	1.141	0.112315655798139	(0.9023518668398326, 5)
1	2	0	0.7	1.381	0.242483490168519	(0.9174392797673124, 5)
1	2	0	0.7	1.369	0.151068442091979	(0.9164432989936305, 5)
1	2	1	0.3	1.18	0.162524511634858	(0.5688264332098991, 5)
1	2	1	0.3	1.431	0.106956401657995	(0.8866548422949082, 5)
1	2	1	0.3	1.365	0.1161101590115	(0.9370405376423243, 5)
1	2	1	0.3	1.434	-0.045254010916722	(0.9382007970384156, 5)
1	2	1	0.3	1.24	-0.034679775663789	(0.9282372069406761, 5)
1	2	1	0.5	1.841	0.138945473637618	(0.9675805208652232, 5)
1	2	1	0.5	1.579	0.23026462331785	(0.9635909296128196, 5)
1	2	1	0.5	1.402	0.077488389884265	(0.9615474985961183, 5)
1	2	1	0.5	1.754	0.212495914119636	(1.0, 5)
1	2	1	0.5	1.708	0.234443420232229	(0.9462163463554507, 5)
1	2	1	0.7	1.635	0.334451662102831	(0.9890339888509021, 5)
1	2	1	0.7	1.295	0.183141121745704	(0.9901735953707901, 5)
1	2	1	0.7	1.487	0.231901618984602	(1.0, 5)
1	2	1	0.7	1.444	0.226968388912828	(1.0, 5)
1	2	1	0.7	1.106	0.087050502945489	(0.6899187768752986, 5)
1	2	2	0.3	1.083	0.072440296770402	(0.7138597732675545, 5)
1	2	2	0.3	1.036	0.191224215134316	(0.8517214996174445, 5)
1	2	2	0.3	0.97	0.199079567283619	(0.594081712028493, 5)
1	2	2	0.3	1.008	0.191018497144434	(0.6156870317023834, 5)
1	2	2	0.3	0.947	0.149460571599406	(0.6152869720127032, 5)
1	2	2	0.5	1.404	0.140340811214349	(0.861627372430551, 5)
1	2	2	0.5	1.002	0.223175576740928	(0.8033298276261609, 5)
1	2	2	0.5	0.813	0.066439386148015	(0.8932230699700762, 5)
1	2	2	0.5	0.892	0.147337030869705	(0.9437821703722941, 5)
1	2	2	0.5	1.066	0.251622186221942	(0.9790515330124913, 5)
1	2	2	0.7	1.075	0.193641225760096	(0.7850054093480869, 5)
1	2	2	0.7	0.889	0.215449409333076	(0.6790916356042443, 5)
1	2	2	0.7	1.01	0.205629093983608	(0.599225122931344, 5)
1	2	2	0.7	1.022	0.105262098005874	(0.6008837596376726, 5)
1	2	2	0.7	1.09	0.294381787745121	(0.6340669329427734, 5)
1	2	3	0.3	1.518	0.459544347469975	(0.8960276443587318, 5)
1	2	3	0.3	1.047	0.110945371104109	(0.9304914903769683, 4)
1	2	3	0.3	1.147	0.01612726474771	(0.8956317408351044, 4)
1	2	3	0.3	1.151	0.089587748613969	(0.7325490821029509, 5)
1	2	3	0.3	0.929	0.14634224379392	(0.6071949643069251, 5)
1	2	3	0.5	1.401	0.155410501613406	(0.7608656883983812, 5)
1	2	3	0.5	1.328	0.099630418182179	(0.9236800248767897, 5)
1	2	3	0.5	1.627	0.17087519146271	(0.8036452381030798, 5)
1	2	3	0.5	1.45	0.11372236205487	(0.9712830829686803, 4)
1	2	3	0.5	2.135	0.291428703703704	(1.0, 4)
1	2	3	0.7	2.484	0.22927290780739	(1.0, 5)
1	2	3	0.7	1.907	0.079130370716274	(0.9799789184784903, 5)
1	2	3	0.7	1.736	0.152782158759634	(0.9071408410951172, 5)
1	2	3	0.7	1.883	0.117828243774389	(0.9360646429933183, 5)
1	2	3	0.7	1.985	0.239554703069649	(0.9780860712272761, 5)
1	3	0	0.3	0.993	0.165378247918053	(0.7501741905748076, 5)
1	3	0	0.3	1.102	0.061075543399405	(0.7359636902252187, 5)
1	3	0	0.3	1.026	0.011489054038472	(0.7108008412727281, 5)
1	3	0	0.3	0.986	-0.046142737552607	(0.7471508768645707, 5)
1	3	0	0.3	1.188	-0.011346260737953	(0.8864487679332042, 5)
1	3	0	0.5	1.381	0.242260157716679	(0.9803329768742036, 5)
1	3	0	0.5	2.17	0.186270749546396	(1.0, 4)
1	3	0	0.5	1.226	0.087574442187929	(0.9844080203923049, 4)
1	3	0	0.5	1.207	0.052209987580832	(0.9935804073774841, 4)
1	3	0	0.5	1.001	0.011220167306985	(0.993912562257886, 4)
1	3	0	0.7	1.194	0.098946758174505	(0.9500104209157917, 5)
1	3	0	0.7	1.404	0.087377951163063	(0.9710451612903226, 5)
1	3	0	0.7	1.131	0.046586811033604	(0.992732110964164, 4)
1	3	0	0.7	1.54	0.097964064210867	(1.0, 4)
1	3	0	0.7	1.022	-0.028058409407396	(0.8417486693487648, 5)
1	3	1	0.3	1.162	0.05290022994806	(0.892282818950833, 5)
1	3	1	0.3	1.16	0.104493024292298	(0.892226287303843, 5)
1	3	1	0.3	1.069	0.176027318006783	(0.883933625958045, 5)
1	3	1	0.3	1.607	0.095287791030317	(0.9138172901459855, 5)
1	3	1	0.3	1.282	0.155501260066299	(0.8684543325526932, 5)
1	3	1	0.5	2.055	0.242658407413037	(1.0, 4)
1	3	1	0.5	1.711	0.256090517091603	(1.0, 4)
1	3	1	0.5	1.69	0.113711859001737	(1.0, 4)
1	3	1	0.5	1.957	0.140465657651527	(1.0, 4)
1	3	1	0.5	1.181	0.013676290135532	(1.0, 5)
1	3	1	0.7	1.126	0.08638327531571	(0.9835117388258781, 4)
1	3	1	0.7	0.875	0.074939507099791	(0.9846461534919697, 5)
1	3	1	0.7	1.116	0.116133382465725	(0.9828949449159243, 5)
1	3	1	0.7	1.249	0.036534412439985	(1.0, 4)
1	3	1	0.7	1.192	-0.06670074765276	(1.0, 4)
1	3	2	0.3	1.077	0.037415093151828	(0.9691790722116074, 4)
1	3	2	0.3	1.368	0.15027387424424	(1.0, 4)
1	3	2	0.3	2.54	0.095590416588243	(1.0, 4)
1	3	2	0.3	2.716	0.451895726495727	(1.0, 4)
1	3	2	0.3	3.135	0.357842820653165	(1.0, 4)
1	3	2	0.5	4.126	0.172734309432585	(1.0, 4)
1	3	2	0.5	3.906	0.263629948914432	(1.0, 4)
1	3	2	0.5	3.052	0.157791282165833	(1.0, 5)
1	3	2	0.5	2.365	0.041725692436219	(1.0, 5)
1	3	2	0.5	2.503	0.246657798542731	(1.0, 5)
1	3	2	0.7	1.407	0.054665856065284	(1.0, 5)
1	3	2	0.7	1.488	0.21204828865092	(1.0, 5)
1	3	2	0.7	1.113	-0.055060305445494	(0.9436903039495096, 5)
1	3	2	0.7	1.258	-0.064846763143977	(0.9800456722226327, 5)
1	3	2	0.7	1.219	0.154179196566025	(0.8986077990749316, 5)
1	3	3	0.3	1.115	0.133393405304543	(0.842910879951595, 5)
1	3	3	0.3	1.208	0.080374311506318	(0.9074833448871448, 5)
1	3	3	0.3	0.948	0.33375138158017	(0.9675016758112167, 5)
1	3	3	0.3	1.329	0.243023379877824	(1.0, 5)
1	3	3	0.3	1.426	0.157712657632223	(1.0, 5)
1	3	3	0.5	2.015	0.287777214170693	(1.0, 4)
1	3	3	0.5	1.66	0.10215621464729	(1.0, 5)
1	3	3	0.5	1.705	0.093571571531324	(1.0, 5)
1	3	3	0.5	1.403	0.144023747762535	(1.0, 5)
1	3	3	0.5	2.118	0.259082203907204	(1.0, 4)
1	3	3	0.7	1.887	0.191487759462759	(1.0, 5)
1	3	3	0.7	1.88	0.249539018952062	(0.924427204891358, 4)
1	3	3	0.7	2.192	0.147772409474583	(0.9525424954667484, 4)
1	3	3	0.7	1.686	0.081387429508368	(0.9479720446807239, 4)
1	3	3	0.7	2.276	0.086149377230956	(0.9654869698261808, 4)
2	0	0	0.3	2.168	0.151513807245386	(0.9666372756952554, 4)
2	0	0	0.3	2.176	0.168304720133667	(0.9670436697096688, 4)
2	0	0	0.3	2.176	0.182144733044733	(0.9670436697096688, 4)
2	0	0	0.3	2.182	0.230946291233133	(0.9651257096512571, 4)
2	0	0	0.3	1.717	0.333693347554217	(0.9335618786424409, 4)
2	0	0	0.5	1.821	0.257262786247568	(0.9391462124861641, 4)
2	0	0	0.5	1.745	0.153170813727335	(0.9302928321893678, 4)
2	0	0	0.5	1.763	0.134558528347659	(0.935024262907101, 4)
2	0	0	0.5	1.754	0.099871666929562	(0.9365813689487658, 4)
2	0	0	0.5	1.694	0.164558667648141	(0.9409219078871235, 4)
2	0	0	0.7	1.862	0.109392025518341	(0.930904350560749, 4)
2	0	0	0.7	1.73	0.140149322607217	(0.935024262907101, 4)
2	0	0	0.7	1.798	0.306996457928037	(0.9328648410731382, 4)
2	0	0	0.7	1.838	0.225924096955676	(0.9297015567082472, 4)
2	0	0	0.7	1.856	0.13149624478835	(0.9291300933600908, 4)
2	0	1	0.3	1.892	0.239703156882104	(0.9490109935655003, 4)
2	0	1	0.3	1.718	0.181129914432546	(0.9357906880509612, 4)
2	0	1	0.3	1.895	0.200367123909229	(0.9365813689487658, 4)
2	0	1	0.3	1.874	0.266420948349896	(0.935024262907101, 4)
2	0	1	0.3	1.653	0.12501232493819	(0.9525424954667484, 4)
2	0	1	0.5	1.8	0.121213757752545	(0.9545635609666415, 4)
2	0	1	0.5	1.873	0.074288724598564	(0.9618875335418277, 4)
2	0	1	0.5	2.334	0.187198745819398	(1.0, 4)
2	0	1	0.5	1.967	0.135693104681148	(1.0, 4)
2	0	1	0.5	1.957	0.162755610338631	(1.0, 4)
2	0	1	0.7	1.925	0.206624385712017	(1.0, 4)
2	0	1	0.7	1.997	0.145545542206755	(1.0, 5)
2	0	1	0.7	1.926	0.343318892138457	(1.0, 4)
2	0	1	0.7	1.95	0.306330446365229	(1.0, 5)
2	0	1	0.7	1.967	0.250069504770592	(1.0, 5)
2	0	2	0.3	2.125	0.230141200828157	(1.0, 4)
2	0	2	0.3	2.126	0.258480180688876	(1.0, 4)
2	0	2	0.3	2.223	0.194214361001318	(1.0, 4)
2	0	2	0.3	1.916	0.265874835309617	(1.0, 4)
2	0	2	0.3	1.691	0.235064080656186	(1.0, 5)
2	0	2	0.5	1.529	0.065396324435798	(0.9545635609666415, 4)
2	0	2	0.5	1.625	0.099684657955825	(0.9658591690724238, 4)
2	0	2	0.5	1.778	0.0377069791331	(0.9840452994997757, 4)
2	0	2	0.5	1.756	0.327992965327748	(1.0, 4)
2	0	2	0.5	1.908	0.21406330670135	(1.0, 4)
2	0	2	0.7	1.947	0.370430100334448	(1.0, 4)
2	0	2	0.7	1.924	0.475839130434782	(1.0, 4)
2	0	2	0.7	1.931	0.468345150501672	(1.0, 4)
2	0	2	0.7	1.685	0.307438909439996	(1.0, 4)
2	0	2	0.7	1.752	0.18636464139725	(1.0, 4)
2	0	3	0.3	1.675	0.174897978953413	(1.0, 4)
2	0	3	0.3	1.903	0.260519481605351	(1.0, 4)
2	0	3	0.3	1.826	0.212563377926421	(1.0, 4)
2	0	3	0.3	1.726	0.185414508237334	(1.0, 4)
2	0	3	0.3	1.484	0.216488189003978	(0.8869280998119781, 4)
2	0	3	0.5	1.489	0.284371654673829	(1.0, 4)
2	0	3	0.5	1.589	0.200428163422729	(1.0, 4)
2	0	3	0.5	1.604	0.406172197850459	(1.0, 4)
2	0	3	0.5	1.563	0.147594082554299	(0.9381465451085121, 5)
2	0	3	0.5	1.526	0.232588098451256	(0.8729076547772989, 5)
2	0	3	0.7	1.309	0.110885128745312	(0.8495714645828082, 5)
2	0	3	0.7	1.334	0.284446493044205	(0.8440488694786887, 5)
2	0	3	0.7	1.394	0.177849993568199	(0.9405564072397115, 5)
2	0	3	0.7	1.354	0.229985997452042	(0.9162620744179446, 5)
2	0	3	0.7	1.388	0.164702808045317	(0.9335002816043471, 5)
2	1	0	0.3	1.59	0.200305612808244	(0.885432098765432, 5)
2	1	0	0.3	1.334	0.036020650796746	(0.94783187003608, 5)
2	1	0	0.3	1.532	0.327625846960057	(0.841799908964142, 5)
2	1	0	0.3	1.63	0.234278501063321	(0.7552889305901287, 5)
2	1	0	0.3	1.4	0.207178850738633	(0.7187140477524547, 5)
2	1	0	0.5	1.62	0.194522256530465	(0.7579317422887771, 5)
2	1	0	0.5	1.662	0.207716716208995	(0.7836013117135109, 5)
2	1	0	0.5	1.492	0.2456377206779	(0.7163642855703884, 5)
2	1	0	0.5	1.654	0.249502949626863	(1.0, 5)
2	1	0	0.5	1.495	0.198987366354549	(1.0, 5)
2	1	0	0.7	1.303	0.228826588938984	(1.0, 5)
2	1	0	0.7	1.41	0.250130469238364	(1.0, 5)
2	1	0	0.7	1.596	0.157753648077642	(1.0, 5)
2	1	0	0.7	2.123	0.196165196991977	(0.9896329837940896, 4)
2	1	0	0.7	1.817	0.117294394356933	(0.9800721166623607, 4)
2	1	1	0.3	2.068	0.105273226996602	(0.9900495359131191, 5)
2	1	1	0.3	1.554	0.154779965746004	(0.979757503824732, 4)
2	1	1	0.3	1.758	0.248686579161579	(1.0, 5)
2	1	1	0.3	1.587	0.045417327787576	(0.979757503824732, 5)
2	1	1	0.3	1.64	-0.044336819739142	(0.980812648600409, 5)
2	1	1	0.5	1.585	0.218883530077008	(1.0, 4)
2	1	1	0.5	1.471	0.229195194338672	(1.0, 5)
2	1	1	0.5	1.884	0.249110092206644	(1.0, 4)
2	1	1	0.5	1.573	0.245354672501412	(1.0, 4)
2	1	1	0.5	2.025	0.252189599034427	(1.0, 4)
2	1	1	0.7	2.072	0.259068896748207	(1.0, 4)
2	1	1	0.7	1.512	0.14469053281662	(1.0, 4)
2	1	1	0.7	1.318	0.216595572342311	(0.9889533539718571, 5)
2	1	1	0.7	1.712	0.164619693907625	(0.9781588797263512, 5)
2	1	1	0.7	1.881	0.204347398004294	(1.0, 5)
2	1	2	0.3	1.761	0.376036729681557	(0.9889559571089976, 5)
2	1	2	0.3	1.732	0.298703953517747	(0.988949935181184, 5)
2	1	2	0.3	1.297	-0.009331415124836	(0.9183174405153576, 5)
2	1	2	0.3	1.518	0.201445782287888	(0.9440414496322986, 4)
2	1	2	0.3	1.508	0.111806573446047	(0.9618871440833957, 4)
2	1	2	0.5	1.832	0.033385613606666	(0.978620899354708, 4)
2	1	2	0.5	1.454	0.143835874397285	(0.9785852578433365, 4)
2	1	2	0.5	1.262	0.149058664987441	(0.912741772978189, 4)
2	1	2	0.5	1.107	-0.110344852647573	(0.8954776134117658, 5)
2	1	2	0.5	1.143	0.021851965165911	(0.845883429571751, 5)
2	1	2	0.7	1.161	0.207370786831679	(0.8647698495456577, 5)
2	1	2	0.7	1.227	0.274624558609456	(0.9026648984311025, 4)
2	1	2	0.7	1.438	0.349885532824663	(1.0, 5)
2	1	2	0.7	1.311	0.245859845468541	(1.0, 5)
2	1	2	0.7	1.423	0.250765988118163	(1.0, 5)
2	1	3	0.3	1.146	0.131414054938944	(1.0, 5)
2	1	3	0.3	1.171	0.166756788791965	(1.0, 5)
2	1	3	0.3	1.143	0.070395221868812	(1.0, 5)
2	1	3	0.3	1.381	0.016449342943292	(1.0, 4)
2	1	3	0.3	1.617	0.127500803194806	(1.0, 5)
2	1	3	0.5	1.198	0.285539464832142	(1.0, 5)
2	1	3	0.5	1.273	0.082454242490284	(1.0, 4)
2	1	3	0.5	1.247	0.11992732183064	(1.0, 4)
2	1	3	0.5	1.456	0.250878976096368	(1.0, 4)
2	1	3	0.5	1.718	0.318338221762135	(1.0, 4)
2	1	3	0.7	1.089	0.170441498968008	(0.8677077648934112, 4)
2	1	3	0.7	1.15	0.116500015915457	(1.0, 5)
2	1	3	0.7	1.129	0.126731955501499	(1.0, 4)
2	1	3	0.7	1.397	0.070486065877707	(1.0, 4)
2	1	3	0.7	1.065	0.19310406229963	(1.0, 4)
2	2	0	0.3	1.194	0.26131276478416	(1.0, 4)
2	2	0	0.3	1.065	-0.033613772816526	(1.0, 4)
2	2	0	0.3	1.34	0.1781073929884	(1.0, 4)
2	2	0	0.3	1.261	0.252239302802461	(1.0, 5)
2	2	0	0.3	1.286	0.250761775981456	(1.0, 4)
2	2	0	0.5	1.308	0.131841545563514	(1.0, 4)
2	2	0	0.5	1.087	-0.025247555939372	(1.0, 4)
2	2	0	0.5	1.401	0.180128458498024	(1.0, 4)
2	2	0	0.5	0.959	0.158910163589163	(0.8685337377680968, 5)
2	2	0	0.5	1.181	0.175049865838678	(0.6266048295852263, 5)
2	2	0	0.7	1.233	0.166458312325182	(0.6186599535243997, 5)
2	2	0	0.7	1.278	0.165158727694575	(0.6762780748663102, 5)
2	2	0	0.7	1.083	0.074852163277876	(0.7351493482051616, 5)
2	2	0	0.7	1.152	0.242680180862502	(0.5333886615717629, 5)
2	2	0	0.7	1.147	0.28392095639786	(0.5372992892866544, 5)
2	2	1	0.3	1.008	0.070319482081506	(0.836191765079654, 5)
2	2	1	0.3	1.097	0.134453564443331	(0.7918417322119827, 5)
2	2	1	0.3	1.07	0.098988418307994	(0.7610766003893145, 5)
2	2	1	0.3	1.065	0.024833963462503	(0.7170629359240799, 5)
2	2	1	0.3	1.129	0.0952718119124	(0.6398621799752245, 5)
2	2	1	0.5	1.304	0.21029492496011	(0.4915245282871192, 5)
2	2	1	0.5	1.196	0.157508057031546	(0.5432102488051787, 5)
2	2	1	0.5	1.069	0.03936881705597	(0.7499370551535254, 5)
2	2	1	0.5	1.048	0.045600555737125	(0.7425626946947267, 5)
2	2	1	0.5	1.185	0.095846920742421	(0.5076465510417177, 5)
2	2	1	0.7	1.29	0.266832369354872	(0.4848239536129923, 5)
2	2	1	0.7	0.984	0.121474450546637	(0.6344087293198292, 5)
2	2	1	0.7	1.21	0.292201625957108	(0.45075922345513486, 5)
2	2	1	0.7	1.204	0.010465737457564	(0.7805297214059917, 5)
2	2	1	0.7	1.388	0.107225979051375	(0.8405105901151136, 5)
2	2	2	0.3	1.204	0.229262282750025	(0.8234900465652553, 5)
2	2	2	0.3	1.018	0.141222853011794	(0.7390741340239559, 5)
2	2	2	0.3	0.919	-0.117568068779611	(0.7057339161059053, 5)
2	2	2	0.3	0.917	-0.026963397337639	(0.8986077990749316, 5)
2	2	2	0.3	0.978	0.110693604200213	(0.8715076943265969, 5)
2	2	2	0.5	0.909	-0.011681647390962	(0.9552590080102448, 5)
2	2	2	0.5	1.057	0.055604435403197	(0.8887159649529738, 5)
2	2	2	0.5	1.243	0.225249421156735	(0.689431818412469, 5)
2	2	2	0.5	1.814	0.207061448247433	(0.8282948752143792, 5)
2	2	2	0.5	1.299	0.089223096364616	(0.5290435932703463, 5)
2	2	2	0.7	0.943	0.104846117704012	(0.6759725709374765, 5)
2	2	2	0.7	1.369	0.287486223036223	(0.560819904446814, 5)
2	2	2	0.7	1.479	0.275301005911239	(0.5971405552278163, 5)
2	2	2	0.7	1.554	0.315724332988328	(0.45042413168531925, 5)
2	2	2	0.7	1.647	0.328261978178368	(0.4537750240907237, 5)
2	2	3	0.3	1.32	0.22776717856674	(0.44785507611020253, 4)
2	2	3	0.3	1.432	0.232956546442688	(0.7052129778719886, 5)
2	2	3	0.3	1.268	0.283785878976096	(0.6258927412024412, 5)
2	2	3	0.3	1.063	0.065014225914766	(0.6759646655338104, 5)
2	2	3	0.3	0.898	0.156747424401934	(0.5890162800924928, 5)
2	2	3	0.5	1.405	0.07373345911914	(0.9518039695331283, 5)
2	2	3	0.5	1.696	0.258223969517073	(0.9460798164799488, 5)
2	2	3	0.5	2.079	0.238553366174056	(1.0, 5)
2	2	3	0.5	1.882	0.189935550082102	(0.9780462891196444, 5)
2	2	3	0.5	1.749	0.289355135924101	(0.9565400702373025, 5)
2	2	3	0.7	1.831	0.410158449468794	(1.0, 5)
2	2	3	0.7	1.902	0.188170032360595	(0.9800928191193884, 5)
2	2	3	0.7	1.747	0.294032293377121	(0.8948282783010915, 5)
2	2	3	0.7	1.527	-0.02016509523753	(0.8578661905297373, 5)
2	2	3	0.7	1.464	0.032062824475502	(0.8764109233607418, 5)
2	3	0	0.3	1.924	0.009258730377612	(0.9901105293775451, 5)
2	3	0	0.3	1.863	0.264507978611427	(0.9889720570166513, 5)
2	3	0	0.3	1.781	0.247253968253968	(0.9780462891196444, 5)
2	3	0	0.3	1.77	0.306802310779897	(0.9780462891196444, 5)
2	3	0	0.3	1.682	0.133948972275288	(0.9605307525384644, 4)
2	3	0	0.5	1.497	0.152762033428052	(0.9803020365753212, 5)
2	3	0	0.5	1.535	0.05303371360465	(0.9677947964177266, 5)
2	3	0	0.5	1.093	-0.02767874915295	(0.9867791704481346, 5)
2	3	0	0.5	1.771	-0.031822110423117	(0.9852568663725629, 4)
2	3	0	0.5	1.403	-0.082566333735065	(0.9836552194083769, 4)
2	3	0	0.7	1.482	0.091677004405534	(1.0, 4)
2	3	0	0.7	1.169	-0.009362114355485	(1.0, 4)
2	3	0	0.7	1.26	-0.038187198184176	(1.0, 4)
2	3	0	0.7	1.34	0.075693193321986	(1.0, 4)
2	3	0	0.7	1.06	0.019990804287866	(0.8284547943300309, 5)
2	3	1	0.3	1.25	0.237563116296092	(0.9889700429884132, 5)
2	3	1	0.3	1.192	0.297205987312377	(0.8899399460541622, 5)
2	3	1	0.3	1.423	0.217115160602305	(0.880877619132255, 5)
2	3	1	0.3	1.346	0.152766728387578	(0.7494318292617671, 5)
2	3	1	0.3	1.392	0.188667877406881	(0.8371282310289672, 5)
2	3	1	0.5	1.767	0.16826400282207	(0.8037847717156524, 5)
2	3	1	0.5	2.206	0.203847658862876	(1.0, 4)
2	3	1	0.5	1.761	0.268794259493647	(0.988949935181184, 5)
2	3	1	0.5	2.467	0.142464327650483	(1.0, 5)
2	3	1	0.5	1.569	0.205224185958968	(1.0, 4)
2	3	1	0.7	1.519	0.197506579195023	(1.0, 5)
2	3	1	0.7	1.844	0.313739799331104	(1.0, 4)
2	3	1	0.7	1.896	0.189241491841492	(1.0, 5)
2	3	1	0.7	1.67	0.404905533596838	(1.0, 5)
2	3	1	0.7	1.496	0.204358947351911	(0.9801850145354017, 5)
2	3	2	0.3	1.585	0.293852672869914	(0.7439723351350657, 5)
2	3	2	0.3	1.727	0.242304008954009	(1.0, 5)
2	3	2	0.3	1.603	0.290586455509619	(0.7884034607853828, 5)
2	3	2	0.3	2.18	0.266318780126066	(1.0, 5)
2	3	2	0.3	1.767	0.242524539317643	(0.9672196476758697, 5)
2	3	2	0.5	1.996	0.237023478468139	(1.0, 5)
2	3	2	0.5	1.967	0.285773809523809	(0.9672372320886842, 5)
2	3	2	0.5	2.117	0.357784598628106	(0.9889533539718571, 5)
2	3	2	0.5	1.055	0.022397658496184	(0.6382640142926188, 5)
2	3	2	0.5	1.074	0.206167574563113	(0.7640085516004441, 5)
2	3	2	0.7	1.906	0.180762540388792	(0.925131682995805, 5)
2	3	2	0.7	1.623	0.027467049977886	(0.9513332804778138, 5)
2	3	2	0.7	1.858	0.32988250172149	(0.9780549069839966, 5)
2	3	2	0.7	1.458	0.200771813192915	(0.9889629101202805, 5)
2	3	2	0.7	1.88	0.268041170083161	(0.9672485681404336, 5)
2	3	3	0.3	1.661	0.238996548240075	(0.8187464337626532, 5)
2	3	3	0.3	1.495	0.19600169967392	(0.9459548254620124, 5)
2	3	3	0.3	1.669	0.293768546389199	(1.0, 5)
2	3	3	0.3	1.074	0.122709248233706	(0.8183765313260246, 5)
2	3	3	0.3	1.281	0.272848044527126	(0.8689099863628862, 4)
2	3	3	0.5	1.868	0.219260613248749	(0.9889513303013554, 5)
2	3	3	0.5	1.645	-0.091378038348589	(0.9831837329333339, 5)
2	3	3	0.5	1.554	-0.062007480851711	(0.9701670562011149, 5)
2	3	3	0.5	1.858	0.050914221239714	(0.9808643015191912, 5)
2	3	3	0.5	1.541	0.172683867465907	(0.9684303228853124, 5)
2	3	3	0.7	1.151	0.135392091969862	(0.721858431673077, 5)
2	3	3	0.7	1.093	0.08149183879901	(0.677296294629688, 5)
2	3	3	0.7	1.223	0.117887333615048	(0.960577480609391, 5)
2	3	3	0.7	1.203	0.2920927452856	(0.9703317649122504, 5)
2	3	3	0.7	1.299	0.19738522506361	(0.8344974856636677, 5)
3	0	0	0.3	1.263	0.251162343858019	(0.8167414804576173, 5)
3	0	0	0.3	1.232	0.208075706029707	(0.9492016998391395, 5)
3	0	0	0.3	1.383	0.190503835348362	(0.9792911819512251, 5)
3	0	0	0.3	1.344	0.086279018525482	(0.9896329837940896, 5)
3	0	0	0.3	1.38	0.209643915297712	(0.9788422764643292, 5)
3	0	0	0.5	1.396	0.067593652187418	(0.9593681323891069, 5)
3	0	0	0.5	1.389	0.071061408003756	(0.9198045177076333, 5)
3	0	0	0.5	1.475	0.037252879428686	(1.0, 5)
3	0	0	0.5	1.439	0.09335897992359	(0.9688076049164537, 5)
3	0	0	0.5	1.391	0.113856838794626	(0.9896329837940896, 5)
3	0	0	0.7	1.477	0.120741220962565	(0.9893641673157736, 5)
3	0	0	0.7	1.378	0.009384359306598	(0.9789784969759874, 5)
3	0	0	0.7	1.362	0.14287140330505	(0.9595503038147603, 5)
3	0	0	0.7	1.387	-0.00465331546869	(0.9893975565229602, 5)
3	0	0	0.7	1.322	0.060061851693008	(0.8593002172234888, 5)
3	0	1	0.3	1.325	0.098209823752939	(0.8729124718701883, 5)
3	0	1	0.3	1.24	0.071475860870092	(0.8224292809457496, 5)
3	0	1	0.3	1.244	0.058896672112581	(0.8212499441235341, 5)
3	0	1	0.3	1.341	0.137585553271225	(0.8630176522729205, 5)
3	0	1	0.3	1.376	0.000458071747303	(0.8769368679029372, 5)
3	0	1	0.5	1.84	-0.063323115954358	(0.9700029910395546, 5)
3	0	1	0.5	1.704	-0.053215993671604	(0.9063755550856418, 5)
3	0	1	0.5	1.794	-0.014106796913746	(0.9525748405447257, 5)
3	0	1	0.5	1.694	0.116214023443468	(0.952922740055385, 5)
3	0	1	0.5	1.703	0.202864780532342	(0.9568220085043235, 5)
3	0	1	0.7	1.668	0.231127755996654	(0.9565118909668981, 5)
3	0	1	0.7	1.591	0.198642031203325	(0.8858352786730225, 5)
3	0	1	0.7	1.645	0.256808823744291	(0.9565132859779779, 5)
3	0	1	0.7	1.655	0.327772151153812	(0.9672092635912326, 5)
3	0	1	0.7	1.594	0.332238796228664	(0.9148877033891913, 5)
3	0	2	0.3	1.805	0.174024963036937	(0.9788422764643292, 5)
3	0	2	0.3	1.714	0.147806691589164	(0.9786072753874331, 5)
3	0	2	0.3	1.844	0.144763929488692	(1.0, 5)
3	0	2	0.3	1.355	0.189663799057067	(0.9889916073786904, 5)
3	0	2	0.3	1.352	0.07279782049689	(0.8228258173217439, 5)
3	0	2	0.5	1.43	0.131156250369485	(0.8892685646457925, 4)
3	0	2	0.5	1.406	0.187830658920362	(0.8793435717053335, 4)
3	0	2	0.5	1.368	0.178896152508745	(0.8931064118195199, 4)
3	0	2	0.5	1.319	0.166037209739045	(0.8806445424899291, 5)
3	0	2	0.5	1.477	0.0278154660578	(0.930791976660526, 4)
3	0	2	0.7	1.33	0.151843289687683	(0.8903225806451613, 4)
3	0	2	0.7	1.903	0.186170516661736	(0.9889492643018499, 5)
3	0	2	0.7	1.947	0.219876734400657	(0.9889834939688638, 4)
3	0	2	0.7	1.861	0.204953579944053	(1.0, 5)
3	0	2	0.7	1.697	0.314813159012548	(0.9792078061383094, 5)
3	0	3	0.3	1.404	0.25513170443573	(0.989432560599595, 5)
3	0	3	0.3	1.455	0.195057973546347	(0.9901105293775451, 5)
3	0	3	0.3	1.5	0.265378352266479	(0.9898787346008779, 5)
3	0	3	0.3	1.592	0.197916796714549	(0.9780323553373518, 5)
3	0	3	0.3	1.616	0.271188973303482	(0.9460697768118633, 5)
3	0	3	0.5	1.442	0.183614222929693	(0.9686334962336143, 5)
3	0	3	0.5	1.479	0.126470955294856	(0.9681609221608766, 5)
3	0	3	0.5	1.42	0.130144981564963	(0.9471453570558078, 5)
3	0	3	0.5	1.444	0.034428461936614	(0.9482485965051001, 5)
3	0	3	0.5	1.791	0.152539079641207	(0.9640158082830129, 5)
3	0	3	0.7	1.661	0.109663496114869	(1.0, 5)
3	0	3	0.7	1.698	0.181105324296857	(0.9920107117069178, 5)
3	0	3	0.7	1.643	0.120668668732742	(1.0, 5)
3	0	3	0.7	1.394	0.134717231502571	(1.0, 5)
3	0	3	0.7	1.741	0.21155142528884	(1.0, 5)
3	1	0	0.3	1.438	0.096694102927797	(0.973475458601884, 4)
3	1	0	0.3	1.492	0.096222832659332	(0.9852568663725629, 5)
3	1	0	0.3	1.178	0.07138229641016	(0.9818906832577996, 5)
3	1	0	0.3	1.226	0.111747391205286	(0.9848903092513596, 5)
3	1	0	0.3	0.943	0.028365359958239	(0.9750095426274783, 4)
3	1	0	0.5	1.065	0.071539718315685	(0.992862871419991, 4)
3	1	0	0.5	0.936	0.132065665991758	(0.9645429015202623, 4)
3	1	0	0.5	1.105	0.072450839236975	(0.8896768, 4)
3	1	0	0.5	1.091	0.017051173020333	(0.958601476304448, 4)
3	1	0	0.5	0.845	0.167771591413816	(0.9561463104604527, 4)
3	1	0	0.7	1.131	0.028140317654855	(0.9708313289893733, 5)
3	1	0	0.7	1.028	0.043500371650105	(0.9476319787131626, 5)
3	1	0	0.7	0.993	0.09176518847916	(0.8148823782063879, 5)
3	1	0	0.7	1.08	0.053034060000471	(0.7396413206792559, 5)
3	1	0	0.7	1.088	0.192762274130207	(0.8897810965105558, 5)
3	1	1	0.3	1.354	0.052820016798821	(0.9252533760383015, 5)
3	1	1	0.3	1.099	0.111955959838092	(0.9764676827547276, 5)
3	1	1	0.3	1	0.177369486051419	(0.904118954024953, 5)
3	1	1	0.3	1.002	0.212034009953825	(0.9698350245047284, 5)
3	1	1	0.3	1.193	0.195162450338361	(0.9209357963512469, 5)
3	1	1	0.5	0.989	0.127177523744578	(0.9270308620078042, 5)
3	1	1	0.5	1.218	0.19556160073369	(0.9243945785805171, 5)
3	1	1	0.5	1.163	0.159108931724621	(0.9476556500734357, 5)
3	1	1	0.5	1.392	0.131500859874179	(0.9708608759796976, 5)
3	1	1	0.5	1.155	0.205297176388418	(0.943598415127334, 5)
3	1	1	0.7	1.118	0.090722328397807	(0.946623804050785, 5)
3	1	1	0.7	1.115	0.133642145327526	(0.944092364110395, 5)
3	1	1	0.7	1.4	0.107140919225702	(0.9713962892483349, 5)
3	1	1	0.7	1.197	0.133716321828518	(0.9104521491015275, 5)
3	1	1	0.7	1.151	0.028349107461363	(0.9149917125857179, 5)
3	1	2	0.3	1.201	0.093316951440676	(0.9754566651220835, 5)
3	1	2	0.3	0.951	0.041154790916056	(0.9189121573929773, 5)
3	1	2	0.3	1.118	0.100204791406762	(0.9929972253156911, 5)
3	1	2	0.3	1.039	0.228617098354682	(0.9731059388247961, 5)
3	1	2	0.3	1.191	0.192127583024866	(0.91095747248813, 4)
3	1	2	0.5	1.453	0.215805135017442	(0.9853978920537451, 5)
3	1	2	0.5	1.327	0.325817184337124	(0.9538983629567743, 5)
3	1	2	0.5	1.195	0.144384256330437	(0.9470978146589107, 4)
3	1	2	0.5	1.144	0.103374741882954	(0.9414331373468742, 4)
3	1	2	0.5	1.246	0.168991628216685	(0.9838214797399365, 5)
3	1	2	0.7	0.935	0.12818959043356	(0.8432402369751311, 5)
3	1	2	0.7	0.913	0.128646256908709	(0.854118860078604, 5)
3	1	2	0.7	1.029	0.062400433198142	(0.8870937769717329, 5)
3	1	2	0.7	0.843	0.225939314874663	(0.9086644779652581, 5)
3	1	2	0.7	1.069	0.006886342196139	(0.9893975565229602, 5)
3	1	3	0.3	0.943	-0.065624101749083	(0.9576614780966, 5)
3	1	3	0.3	0.751	0.001354084146107	(0.9503857042219626, 5)
3	1	3	0.3	0.743	0.090023261956675	(0.9290178259825911, 5)
3	1	3	0.3	0.833	0.001218583920804	(0.9456795929710547, 5)
3	1	3	0.3	0.932	-0.046746431355824	(0.9546265074495686, 5)
3	1	3	0.5	1.044	0.119353020637773	(0.9209357963512469, 5)
3	1	3	0.5	1.089	0.139407803098201	(0.9484302844445714, 5)
3	1	3	0.5	1.015	0.180022437048379	(0.9482939469998933, 4)
3	1	3	0.5	1.13	0.198393662393734	(0.9472585572476631, 5)
3	1	3	0.5	1.147	0.150609238789676	(0.9658600657333347, 5)
3	1	3	0.7	1.039	0.233089821533829	(0.9355616092753224, 5)
3	1	3	0.7	0.889	0.091736426436178	(0.9876280848940672, 5)
3	1	3	0.7	1.15	0.053568373450462	(0.9214306283289747, 5)
3	1	3	0.7	1.324	0.264447919833086	(0.9675805208652232, 5)
3	1	3	0.7	1.223	0.195897361403515	(0.8566026604801578, 5)
3	2	0	0.3	1.254	0.196289619326201	(0.9595513848069174, 5)
3	2	0	0.3	1.291	0.249961076799095	(0.8791450703912647, 4)
3	2	0	0.3	1.312	0.220585254927997	(0.8675743196651236, 5)
3	2	0	0.3	1.316	0.192620690428178	(0.9266972636632722, 5)
3	2	0	0.3	1.315	0.152956995871247	(0.9196155944598126, 5)
3	2	0	0.5	1.308	0.107305302297572	(0.8967362931456111, 5)
3	2	0	0.5	1.55	0.179372362536681	(0.989130696860247, 4)
3	2	0	0.5	1.388	0.279878998528921	(0.9380695354781332, 5)
3	2	0	0.5	1.289	0.277610432162394	(0.9679313781321185, 4)
3	2	0	0.5	1.052	0.14214664043469	(0.967738838124896, 5)
3	2	0	0.7	1.238	0.212499247486511	(0.8956549415521865, 5)
3	2	0	0.7	1.711	0.127008034576197	(0.9895476004961749, 5)
3	2	0	0.7	1.542	0.164228816514471	(0.967738838124896, 5)
3	2	0	0.7	1.436	0.158576129571622	(0.9574649028077754, 5)
3	2	0	0.7	1.491	0.134444288612645	(0.9680801210415998, 5)
3	2	1	0.3	1.546	0.154971321419491	(0.9893975565229602, 5)
3	2	1	0.3	1.136	0.249636946732193	(0.7117026609529031, 5)
3	2	1	0.3	0.985	-0.026996271600055	(0.7907217859214268, 5)
3	2	1	0.3	1.306	0.254282377819549	(0.9150288279605063, 5)
3	2	1	0.3	1.446	0.544478989973605	(0.9167924765112173, 4)
3	2	1	0.5	1.317	0.314079426195993	(1.0, 5)
3	2	1	0.5	1.036	0.256789235048259	(0.9266972636632722, 4)
3	2	1	0.5	1.326	0.187701789718037	(0.9795671491491942, 5)
3	2	1	0.5	1.613	0.245158869650945	(1.0, 5)
3	2	1	0.5	2.169	0.251759224141121	(0.989432560599595, 5)
3	2	1	0.7	1.878	0.32953317805383	(1.0, 4)
3	2	1	0.7	1.275	0.292031153311473	(1.0, 4)
3	2	1	0.7	0.939	0.144734293748072	(0.9892460758132154, 5)
3	2	1	0.7	1.065	0.177367791766869	(1.0, 5)
3	2	1	0.7	1.088	0.089204891794428	(1.0, 5)
3	2	2	0.3	1.6	0.228434067502546	(1.0, 5)
3	2	2	0.3	1.688	0.296206916352568	(1.0, 5)
3	2	2	0.3	2.436	0.318370655270655	(1.0, 4)
3	2	2	0.3	2.051	0.12977214826786	(1.0, 4)
3	2	2	0.3	1.265	0.204655063354531	(0.8163216019731154, 5)
3	2	2	0.5	1.251	0.307498679440317	(0.7750819972122676, 5)
3	2	2	0.5	1.656	0.249366447830375	(0.9565400702373025, 5)
3	2	2	0.5	1.276	0.275678542775603	(0.9460516622343579, 5)
3	2	2	0.5	0.995	0.084157751724149	(0.9362236146443238, 5)
3	2	2	0.5	0.957	0.23386397275958	(0.9166447107122774, 5)
3	2	2	0.7	1.376	0.114317169163986	(0.8630957210313661, 5)
3	2	2	0.7	1.325	0.012619837181335	(0.8588657784750395, 5)
3	2	2	0.7	1.049	0.046382206547211	(0.7548051887331193, 5)
3	2	2	0.7	1.213	0.228997391212056	(0.7933765077469126, 4)
3	2	2	0.7	1.292	0.115997407423176	(0.8609059079052935, 5)
3	2	3	0.3	1.46	0.218740386284361	(0.9451147528867011, 5)
3	2	3	0.3	1.118	0.095253516152423	(0.9324630815184346, 5)
3	2	3	0.3	1.312	0.277261672832438	(0.900459860517002, 5)
3	2	3	0.3	1.425	0.275596784875812	(0.8951082322475604, 5)
3	2	3	0.3	1.215	0.183413253919945	(0.6235002539827957, 5)
3	2	3	0.5	1.206	0.190068392857116	(0.6031431068404867, 5)
3	2	3	0.5	1.416	0.222326229520529	(0.7052832187631289, 5)
3	2	3	0.5	1.581	0.17206466615457	(0.8563580807192788, 5)
3	2	3	0.5	1.593	0.181261884844469	(0.7402199795895226, 5)
3	2	3	0.5	1.367	-0.004145135512243	(0.8729682645243729, 5)
3	2	3	0.7	1.315	0.032349164764619	(0.8706538119248809, 5)
3	2	3	0.7	2.163	0.164590918911699	(0.9714952186981752, 4)
3	2	3	0.7	1.984	0.292077141856619	(1.0, 5)
3	2	3	0.7	2.047	0.300757006609343	(1.0, 4)
3	2	3	0.7	1.98	0.172525251455174	(1.0, 4)
3	3	0	0.3	2.444	0.179005306822395	(1.0, 5)
3	3	0	0.3	2.026	0.281817004739585	(1.0, 4)
3	3	0	0.3	1.635	0.240276150760828	(0.9096358175806981, 5)
3	3	0	0.3	1.502	0.078463235294118	(0.9495554155289505, 5)
3	3	0	0.3	1.379	0.20911733215363	(0.8880686951279446, 5)
3	3	0	0.5	2.399	0.342505971678386	(1.0, 4)
3	3	0	0.5	1.469	0.085769696608861	(0.9702419057595686, 4)
3	3	0	0.5	2.188	0.148109336607445	(1.0, 4)
3	3	0	0.5	1.936	0.199334363738733	(1.0, 4)
3	3	0	0.5	2.063	0.091819045859323	(1.0, 4)
3	3	0	0.7	1.481	0.142001726655324	(0.9149056331183756, 4)
3	3	0	0.7	2.103	0.190005190024823	(1.0, 5)
3	3	0	0.7	1.168	0.253362687709763	(0.5952107213564141, 5)
3	3	0	0.7	1.268	0.218439139500666	(0.5289659717295844, 5)
3	3	0	0.7	1.255	0.259330109668169	(0.5817007101281396, 5)
3	3	1	0.3	1.234	0.170972240579679	(0.587174814512865, 5)
3	3	1	0.3	1.183	0.169516744349869	(0.5662908572749871, 5)
3	3	1	0.3	1.221	0.188618369548285	(0.5917459490920924, 5)
3	3	1	0.3	1.094	0.347302367496786	(0.5910968146925255, 5)
3	3	1	0.3	1.105	0.189074090538187	(0.5514934263104307, 5)
3	3	1	0.5	1.061	0.336098358144796	(0.6256887746121209, 5)
3	3	1	0.5	0.919	0.254935576795209	(0.4630455335562646, 5)
3	3	1	0.5	1.079	0.21952333193252	(0.5991501973692839, 5)
3	3	1	0.5	1.102	0.292681414875149	(0.5970492359292269, 5)
3	3	1	0.5	1.199	0.268001953247146	(0.5736937152554912, 5)
3	3	1	0.7	1.26	0.295275290095668	(0.5502091835161333, 5)
3	3	1	0.7	1.129	0.225356945081111	(0.47611287050607676, 5)
3	3	1	0.7	1.13	0.216763767598678	(0.4797983751037085, 5)
3	3	1	0.7	1.071	0.303035297052128	(0.480580140064847, 5)
3	3	1	0.7	1.119	0.232830543193823	(0.46014156481678203, 5)
3	3	2	0.3	0.943	0.129282261521024	(0.6851546481589187, 5)
3	3	2	0.3	0.989	0.285575838632309	(0.5308300396361668, 5)
3	3	2	0.3	1.01	0.2440933672502	(0.5738115879087066, 5)
3	3	2	0.3	0.981	0.169739084756896	(0.789539107335094, 5)
3	3	2	0.3	0.964	0.034347649282615	(0.7433552125367093, 5)
3	3	2	0.5	1.035	0.269918651404157	(0.59591278278191, 5)
3	3	2	0.5	1.004	0.215561183916202	(0.5534941906027844, 5)
3	3	2	0.5	0.99	-0.067185206397725	(0.7721226292307048, 5)
3	3	2	0.5	1.005	0.27634958010552	(0.6147659761937225, 5)
3	3	2	0.5	0.978	0.220911857587435	(0.5902202846303788, 5)
3	3	2	0.7	0.977	0.231242612010642	(0.5804592227241862, 5)
3	3	2	0.7	0.97	0.258815490300831	(0.658307210031348, 5)
3	3	2	0.7	1.026	0.196545249409975	(0.8195345491361051, 5)
3	3	2	0.7	1.091	0.285667653909554	(0.7952421641752937, 5)
3	3	2	0.7	1.092	0.154249079066066	(0.7662180331191507, 5)
3	3	3	0.3	1.577	0.209781852146284	(0.8209977087220504, 5)
3	3	3	0.3	1.234	0.139748160886209	(0.7736266996797594, 5)
3	3	3	0.3	1.388	0.263697745815084	(0.6399272424583416, 5)
3	3	3	0.3	1.253	0.296076303346906	(0.4930801539693158, 5)
3	3	3	0.3	1.332	0.256404826795265	(0.632631077442818, 5)
3	3	3	0.5	1.229	0.274516760804328	(0.5601426448085335, 5)
3	3	3	0.5	1.102	0.112439408317482	(0.7929085703821489, 5)
3	3	3	0.5	1.249	0.179311843414299	(0.5725677793513407, 5)
3	3	3	0.5	1.187	0.238584604177726	(0.7604588717828035, 5)
3	3	3	0.5	1.032	0.214394338060279	(0.9376550355548205, 5)
3	3	3	0.7	1.001	0.114790514896939	(0.9465073429526919, 5)
3	3	3	0.7	1.162	0.088073884786806	(0.9168649761475202, 4)
3	3	3	0.7	0.855	0.177332748057767	(0.9082902124848619, 5)
3	3	3	0.7	1.066	0.154902715985914	(0.9172555998857131, 5)
3	3	3	0.7	0.999	0.214569656854759	(0.9110961002577478, 4)
4	0	0	0.3	1.049	0.262750000039067	(0.911679815278045, 5)
4	0	0	0.3	0.903	0.162202589925077	(0.8857976562240543, 5)
4	0	0	0.3	1.027	0.346869669018751	(0.8965448178677035, 5)
4	0	0	0.3	1.115	0.199163135378635	(0.9559360494510075, 5)
4	0	0	0.3	1.139	0.156701233614094	(0.9495882421071076, 5)
4	0	0	0.5	1.065	0.272860343376599	(0.9135738558731783, 5)
4	0	0	0.5	0.94	0.262844754666643	(0.8734811919497004, 5)
4	0	0	0.5	0.942	0.20317348526316	(0.8750111437392883, 5)
4	0	0	0.5	0.984	0.33760482709464	(0.8950210712396064, 5)
4	0	0	0.5	0.913	0.341846255727675	(0.8901073112452798, 5)
4	0	0	0.7	0.954	0.26347280049894	(0.9072702418035542, 4)
4	0	0	0.7	1.014	0.190142084760631	(0.9216056672751084, 5)
4	0	0	0.7	0.969	0.090261278677655	(0.8903225806451613, 5)
4	0	0	0.7	1.028	0.221926330425636	(0.8734100400446698, 5)
4	0	0	0.7	1.053	0.046349951355077	(0.910321585314054, 5)
4	0	1	0.3	1.058	0.187240119776458	(0.8887623752822433, 5)
4	0	1	0.3	0.952	0.086787964124119	(0.9373840351465513, 4)
4	0	1	0.3	1.039	0.337153658682946	(0.9007119356006522, 5)
4	0	1	0.3	1.118	0.211816081772805	(0.9201181152907947, 5)
4	0	1	0.3	0.969	0.185541545248498	(0.8794497965526136, 5)
4	0	1	0.5	1.091	0.181212648371028	(0.8116042663558896, 5)
4	0	1	0.5	1.041	0.102376038381473	(0.7955386075742201, 5)
4	0	1	0.5	1.141	0.245463390872201	(0.9343830511763874, 5)
4	0	1	0.5	1.315	0.217202755764975	(0.9698060020631862, 5)
4	0	1	0.5	1.086	0.175514731191385	(0.880877619132255, 5)
4	0	1	0.7	1.205	0.137484477047523	(0.9359507940249887, 5)
4	0	1	0.7	1.247	0.229010049172135	(0.9422001128073306, 5)
4	0	1	0.7	1.255	0.100765055386539	(0.9451147528867011, 5)
4	0	1	0.7	1.262	0.319988383599796	(0.9627310732896118, 5)
4	0	1	0.7	1.137	0.054885741063259	(0.9290178259825911, 5)
4	0	2	0.3	1.14	0.129870430735078	(0.9301102909080327, 5)
4	0	2	0.3	1.145	0.096286266939769	(0.9300255368887346, 5)
4	0	2	0.3	1.065	0.146809613914284	(0.9209357963512469, 4)
4	0	2	0.3	1.085	0.218655813204308	(0.9268365446932834, 5)
4	0	2	0.3	1.058	0.057532607469077	(0.9218400779133215, 5)
4	0	2	0.5	1.123	0.117514518035041	(0.9326591815996232, 5)
4	0	2	0.5	0.989	0.051611010753019	(0.8929621382536027, 5)
4	0	2	0.5	1.01	0.151350286040436	(0.8510785247904024, 5)
4	0	2	0.5	0.909	0.216787260393734	(0.8885663363749371, 5)
4	0	2	0.5	0.903	0.238941105568828	(0.9384934430546698, 5)
4	0	2	0.7	1.076	0.156547437299887	(0.8887199988029447, 5)
4	0	2	0.7	0.97	0.02802555698125	(0.9300255368887346, 4)
4	0	2	0.7	1.141	0.230327575472159	(0.9186334554548805, 4)
4	0	2	0.7	1.044	0.136712045588832	(0.9203197190327135, 5)
4	0	2	0.7	0.944	0.112767622734646	(0.9310626676964513, 5)
4	0	3	0.3	1.04	-0.052916497587688	(0.9210944995107433, 5)
4	0	3	0.3	0.939	0.010790549954107	(0.9082701820013193, 5)
4	0	3	0.3	1.042	0.164838632968472	(0.8501832191083272, 5)
4	0	3	0.3	0.965	0.091192898457372	(0.9565951629440502, 5)
4	0	3	0.3	1.107	0.067601739067135	(0.9548391238870985, 5)
4	0	3	0.5	1.152	0.130867872195391	(1.0, 5)
4	0	3	0.5	1.035	0.042570122231381	(0.9666517313333924, 5)
4	0	3	0.5	1.068	0.108258186985101	(0.9478759194152336, 4)
4	0	3	0.5	0.969	0.090191461685968	(0.9355351164867831, 4)
4	0	3	0.5	0.991	0.139641317034309	(0.9265045815115429, 5)
4	0	3	0.7	0.953	0.170032601980473	(0.89841250776721, 4)
4	0	3	0.7	1.108	0.091214506863311	(0.8444814541647832, 5)
4	0	3	0.7	1.222	0.138102336975408	(0.8284612004866325, 5)
4	0	3	0.7	1.17	0.09793717709704	(0.8572930338826503, 5)
4	0	3	0.7	1.34	0.077084501028995	(0.9566399347560147, 5)
4	1	0	0.3	1.282	0.171311002006848	(0.9160869682168774, 5)
4	1	0	0.3	1.582	0.213413182164898	(1.0, 4)
4	1	0	0.3	1.595	0.135365949458627	(1.0, 4)
4	1	0	0.3	1.98	0.1730539909366	(1.0, 4)
4	1	0	0.3	1.938	0.358784906759906	(1.0, 4)
4	1	0	0.5	1.84	0.103438551625508	(1.0, 5)
4	1	0	0.5	1.651	0.178603859908208	(1.0, 4)
4	1	0	0.5	1.733	0.220719687558818	(1.0, 4)
4	1	0	0.5	1.779	0.081071008701443	(1.0, 4)
4	1	0	0.5	1.249	0.171680251625702	(0.9890937071359271, 4)
4	1	0	0.7	1.307	0.166715338754812	(1.0, 5)
4	1	0	0.7	1.909	0.310366803486368	(1.0, 4)
4	1	0	0.7	1.64	0.293522377622378	(1.0, 4)
4	1	0	0.7	1.703	0.303310566245349	(1.0, 4)
4	1	0	0.7	1.745	0.254731360708535	(1.0, 4)
4	1	1	0.3	1.395	0.182162198308938	(1.0, 4)
4	1	1	0.3	1.334	0.243959718008917	(0.8659744875602512, 5)
4	1	1	0.3	1.286	0.346375165166641	(0.7944235625845971, 4)
4	1	1	0.3	1.305	0.220915288220551	(1.0, 4)
4	1	1	0.3	1.246	0.304003880253994	(1.0, 4)
4	1	1	0.5	1.179	0.178150191030683	(0.9889834939688638, 5)
4	1	1	0.5	1.082	0.122590331240095	(0.9781787560676418, 5)
4	1	1	0.5	0.991	0.220141406675577	(0.9676791748291168, 4)
4	1	1	0.5	1.145	0.194463335192991	(0.9152085471501071, 5)
4	1	1	0.5	1.222	0.133044816814312	(0.9358194148735591, 5)
4	1	1	0.7	1.045	0.170171179400545	(0.9780325949442925, 5)
4	1	1	0.7	1.047	0.045485948629306	(0.9892202481297123, 5)
4	1	1	0.7	0.902	-0.061418901225754	(0.9399266840284691, 4)
4	1	1	0.7	1.006	0.003048943785101	(0.9082896291985788, 5)
4	1	1	0.7	0.942	-0.003864991910901	(0.9896329837940896, 4)
4	1	2	0.3	1.065	0.18265530852241	(1.0, 4)
4	1	2	0.3	1.344	0.27073200443524	(1.0, 5)
4	1	2	0.3	1.235	0.09888245471015	(0.967418034753282, 5)
4	1	2	0.3	1.364	0.260646889275612	(0.9781021193017223, 5)
4	1	2	0.3	1.288	0.2161368874854	(0.9802108190688119, 5)
4	1	2	0.5	0.935	0.087100901262991	(0.9789087681755573, 5)
4	1	2	0.5	1.223	0.047828117621052	(0.9153649744668069, 5)
4	1	2	0.5	0.908	0.139939389036764	(0.6111634830894077, 5)
4	1	2	0.5	0.895	0.032184116103534	(0.6066773449768371, 5)
4	1	2	0.5	1.083	0.065508977587099	(0.8084518749916205, 5)
4	1	2	0.7	1.052	0.064383020207982	(0.8013067368444572, 5)
4	1	2	0.7	1.158	0.089276937990019	(0.8466290498985035, 5)
4	1	2	0.7	1.32	0.13827639597288	(0.9096358175806981, 5)
4	1	2	0.7	1.224	0.0645449380196	(0.8967849365953632, 5)
4	1	2	0.7	1.274	0.134131024412934	(0.8530539563860556, 5)
4	1	3	0.3	1.273	0.072173040708764	(0.9494601872580777, 5)
4	1	3	0.3	1.556	0.274557949438826	(0.9789784969759874, 4)
4	1	3	0.3	1.41	0.218973618420629	(0.9893020969664562, 5)
4	1	3	0.3	1.745	0.160370284313902	(0.9780187258052611, 5)
4	1	3	0.3	1.61	0.166487341216234	(1.0, 5)
4	1	3	0.5	2.047	0.353772959575258	(0.9672196476758697, 5)
4	1	3	0.5	1.465	0.222473324586089	(0.46070002362205825, 5)
4	1	3	0.5	1.583	0.247504592141944	(0.7343802423555369, 5)
4	1	3	0.5	1.578	0.20204766467028	(0.7924834182369507, 5)
4	1	3	0.5	1.683	0.26492518255598	(0.9354945983731039, 5)
4	1	3	0.7	2.069	0.25251289849051	(0.9672275714974211, 5)
4	1	3	0.7	1.753	0.334166788488465	(0.7668353488413668, 5)
4	1	3	0.7	1.865	0.224796807844414	(0.945968396055859, 5)
4	1	3	0.7	1.935	0.174235658071204	(0.9706853234058941, 5)
4	1	3	0.7	1.649	0.10105212630013	(0.9322403073145618, 5)
4	2	0	0.3	1.59	0.104390403608345	(0.8422400251819121, 5)
4	2	0	0.3	1.569	-0.028854398567717	(0.9805487117384224, 5)
4	2	0	0.3	1.57	0.096349684328715	(0.921613622231711, 5)
4	2	0	0.3	2.064	0.250015907588865	(0.9780462891196444, 5)
4	2	0	0.3	1.861	0.076578384337265	(0.9620850432951591, 5)
4	2	0	0.5	1.446	0.084799532780224	(0.8301895364197982, 5)
4	2	0	0.5	1.357	0.013570141180366	(0.8251600696227567, 5)
4	2	0	0.5	1.244	-0.040196647243101	(0.7510404100833963, 5)
4	2	0	0.5	1.457	0.256771258522883	(0.7423379208155078, 5)
4	2	0	0.5	1.286	0.208667864437525	(0.7774946007319393, 5)
4	2	0	0.7	1.287	0.165067096840882	(0.7294252826803749, 5)
4	2	0	0.7	1.299	0.188943730973482	(0.7937972740169191, 5)
4	2	0	0.7	1.279	0.049016939909693	(1.0, 5)
4	2	0	0.7	1.142	0.016092795993435	(1.0, 5)
4	2	0	0.7	1.578	0.117175516182267	(1.0, 4)
4	2	1	0.3	1.683	-0.01900020027484	(1.0, 5)
4	2	1	0.3	1.885	0.263096005209416	(1.0, 4)
4	2	1	0.3	1.67	0.150759483415744	(1.0, 4)
4	2	1	0.3	1.623	0.118138005955397	(1.0, 4)
4	2	1	0.3	1.5	0.152479583798399	(1.0, 4)
4	2	1	0.5	1.842	0.200541378450479	(1.0, 4)
4	2	1	0.5	1.449	0.195578498694288	(1.0, 4)
4	2	1	0.5	1.236	-0.005351980374943	(0.9782122843325464, 5)
4	2	1	0.5	1.038	0.075749057662071	(0.7524646149936384, 5)
4	2	1	0.5	0.971	0.126196347445264	(0.9236434009959439, 5)
4	2	1	0.7	1.118	0.241940122294461	(0.5110665873587328, 5)
4	2	1	0.7	1.091	0.086007893209294	(0.54659686724976, 5)
4	2	1	0.7	1.106	0.213725914397156	(0.5126146399936672, 5)
4	2	1	0.7	1.145	0.208652503045411	(0.5551759890410733, 5)
4	2	1	0.7	1.119	0.205022810249959	(0.5481432852828115, 5)
4	2	2	0.3	1.306	0.136840460442079	(0.6094624385280651, 5)
4	2	2	0.3	1.363	0.320996175297511	(0.5793929285668772, 5)
4	2	2	0.3	1.313	0.26686663805651	(0.5769043997755646, 5)
4	2	2	0.3	1.27	0.198194369868177	(0.6439308602030873, 5)
4	2	2	0.3	1.375	0.181951207279014	(0.6239050303886108, 5)
4	2	2	0.5	1.42	0.204127563966909	(0.7192679318343714, 5)
4	2	2	0.5	1.213	0.127993433555589	(0.8399261918094941, 5)
4	2	2	0.5	1.295	0.262565532857828	(0.634305002906067, 5)
4	2	2	0.5	1.165	0.156144529991843	(0.8722471632083142, 5)
4	2	2	0.5	0.961	0.22166072663217	(0.6910111201841319, 5)
4	2	2	0.7	1.068	0.081644609030134	(0.8120650412903311, 5)
4	2	2	0.7	1.175	0.123994316048787	(0.6751560824682512, 5)
4	2	2	0.7	1.136	0.029628616535798	(0.5914523718277745, 5)
4	2	2	0.7	1.146	0.075966631170717	(0.6438116416461868, 5)
4	2	2	0.7	1.137	0.208902872199481	(0.6305526892406519, 5)
4	2	3	0.3	1.259	0.040648141148198	(0.8856435512183286, 5)
4	2	3	0.3	1.141	0.109381401276929	(0.6344091542381783, 5)
4	2	3	0.3	1.236	0.251832158548604	(0.6407971336376245, 5)
4	2	3	0.3	1.204	0.135592577557387	(0.5850857353493117, 5)
4	2	3	0.3	1.028	0.072291195871647	(0.8810138054098439, 5)
4	2	3	0.5	1.164	0.147833092619556	(0.8285692006666099, 5)
4	2	3	0.5	1.124	0.067687747127952	(0.8103227571650528, 5)
4	2	3	0.5	1.244	0.137312515821479	(0.8272853634179914, 5)
4	2	3	0.5	1.158	0.182193554952966	(0.8226258980932366, 5)
4	2	3	0.5	1.256	0.303927025607747	(0.6018283442259159, 5)
4	2	3	0.7	1.148	0.269142437845293	(0.5686766167374485, 5)
4	2	3	0.7	1.249	0.093828481290201	(0.5739232162505006, 5)
4	2	3	0.7	1.12	-0.028070984893331	(0.6854974474706755, 5)
4	2	3	0.7	1.164	0.189488417204147	(0.5077166558679512, 5)
4	2	3	0.7	1.242	0.19712258120588	(0.555057140701116, 5)
4	3	0	0.3	1.287	0.13758036171026	(0.6012246903158748, 5)
4	3	0	0.3	1.271	0.239616358123727	(0.518324579525117, 5)
4	3	0	0.3	1.327	0.169830052706373	(0.5076049905173462, 5)
4	3	0	0.3	1.411	0.164720040741145	(0.5170963224668569, 5)
4	3	0	0.3	1.296	0.104568350154149	(0.5415169134731788, 5)
4	3	0	0.5	1.283	0.168287022844341	(0.5167613419583209, 5)
4	3	0	0.5	1.199	0.172653779129537	(0.5403202680471497, 5)
4	3	0	0.5	1.245	0.150915517916176	(0.46282215284424844, 5)
4	3	0	0.5	1.22	0.173805583232299	(0.5589644624368895, 5)
4	3	0	0.5	1.265	0.160437044441326	(0.5244697014867068, 5)
4	3	0	0.7	1.311	0.214859996709758	(0.4484135692629831, 5)
4	3	0	0.7	1.275	0.269812299347493	(0.45299315422342595, 5)
4	3	0	0.7	1.216	0.152174074807231	(0.518324579525117, 5)
4	3	0	0.7	1.28	0.323273117246125	(0.5016866376038006, 5)
4	3	0	0.7	1.323	0.215292798706478	(0.5521281943130512, 5)
4	3	1	0.3	1.226	0.28575040981956	(0.47839953609741953, 5)
4	3	1	0.3	1.34	0.172153385289198	(0.5904435229088901, 5)
4	3	1	0.3	1.25	0.145456349649346	(0.7701813566326543, 5)
4	3	1	0.3	1.188	0.182057153744774	(0.47935165089513637, 5)
4	3	1	0.3	0.926	0.202534659824118	(0.5108432603405509, 5)
4	3	1	0.5	1.14	0.249750916609683	(0.5091144110980814, 5)
4	3	1	0.5	1.109	-0.003700463742857	(0.6757282664019116, 5)
4	3	1	0.5	1.041	0.07326329565101	(0.6861315566589866, 5)
4	3	1	0.5	0.984	-0.060531869424354	(0.7702372846959107, 5)
4	3	1	0.5	1.294	0.071362491773848	(0.6874169506224302, 5)
4	3	1	0.7	0.973	0.289291873895537	(0.781740506277335, 5)
4	3	1	0.7	1.08	0.169438852523355	(0.8785360217031006, 5)
4	3	1	0.7	1.069	0.051341559865765	(0.5725765946760422, 5)
4	3	1	0.7	1.521	0.212360953978421	(0.6028328561232582, 5)
4	3	1	0.7	1.217	0.230349963043802	(0.5368883747514025, 5)
4	3	2	0.3	0.944	0.143128586598428	(0.668463432488188, 4)
4	3	2	0.3	0.887	0.038481976789635	(0.5426668120746372, 5)
4	3	2	0.3	0.855	0.207908030501466	(0.4719895087502825, 5)
4	3	2	0.3	1.11	0.084407218474065	(0.4537750240907237, 5)
4	3	2	0.3	1.006	0.13399698217467	(0.49262846215532663, 5)
4	3	2	0.5	0.856	0.255715538854212	(0.5643768348842503, 5)
4	3	2	0.5	0.814	-0.036892231118304	(0.674292320094915, 5)
4	3	2	0.5	0.969	0.081729370521441	(0.680540857137722, 5)
4	3	2	0.5	0.963	0.071491176522517	(0.7245675161618044, 5)
4	3	2	0.5	1.224	0.05013177263065	(0.8302053637198032, 5)
4	3	2	0.7	1.605	0.265116454295898	(0.6678899082568808, 5)
4	3	2	0.7	1.172	0.244387300000687	(0.5068233313152082, 5)
4	3	2	0.7	0.849	0.19337208085832	(0.7072247120254164, 5)
4	3	2	0.7	0.906	0.127120630021206	(0.8648033518004956, 5)
4	3	2	0.7	0.821	0.183919023448928	(0.8368992795206414, 5)
4	3	3	0.3	0.935	0.143175112968861	(0.7444983606393081, 5)
4	3	3	0.3	0.961	0.197611849545064	(0.8439523401235846, 5)
4	3	3	0.3	1.164	0.126348530067602	(0.7082534087970119, 5)
4	3	3	0.3	1.057	0.284993614198013	(0.8218010274787575, 5)
4	3	3	0.3	1.26	0.235541248092777	(0.6198458372476905, 5)
4	3	3	0.5	1.146	0.105940614090998	(0.6061760594194703, 5)
4	3	3	0.5	1.16	-0.006071827931064	(0.49530797686593087, 5)
4	3	3	0.5	1.226	0.07053890381464	(0.560956977062132, 5)
4	3	3	0.5	0.889	0.091900765820361	(0.767064181698328, 5)
4	3	3	0.5	0.9	0.056355457553488	(0.6147812192093228, 5)
4	3	3	0.7	1.178	0.205647095942972	(0.5174637967786696, 5)
4	3	3	0.7	1.043	0.111024675511053	(0.49940137165477483, 5)
4	3	3	0.7	1.149	0.022038723243573	(0.5350727857184981, 5)
4	3	3	0.7	1.089	0.208860639528218	(0.4897321102703229, 5)
4	3	3	0.7	1.083	0.249229775611695	(0.5149219078494341, 5)
5	0	0	0.3	1.091	0.198052899789618	(0.4940292084794213, 5)
5	0	0	0.3	1.124	0.213777047826443	(0.49443522198111306, 5)
5	0	0	0.3	0.992	0.12734474584958	(0.5102522278399246, 5)
5	0	0	0.3	1.07	0.176905011205448	(0.5549161596940065, 5)
5	0	0	0.3	1.123	0.138533412538859	(0.5326565661913243, 5)
5	0	0	0.5	1.06	0.148454303066909	(0.5009122986635465, 5)
5	0	0	0.5	1.068	0.177769783803084	(0.5034155083483899, 5)
5	0	0	0.5	1.083	0.135330797856065	(0.5002117733811525, 5)
5	0	0	0.5	1.015	0.090346379937033	(0.5058947525767916, 5)
5	0	0	0.5	1.027	0.254923758555068	(0.5356437475924358, 5)
5	0	0	0.7	1.041	0.227621046254095	(0.5264321574612841, 5)
5	0	0	0.7	1.011	0.137581376112409	(0.49267145049249633, 5)
5	0	0	0.7	1.135	0.190639540930174	(0.49666011722209724, 5)
5	0	0	0.7	1.035	0.138535760360387	(0.5036319546822234, 5)
5	0	0	0.7	1.113	0.18178572533805	(0.530251316672247, 5)
5	0	1	0.3	1.249	0.213810951959309	(0.5012442232492001, 5)
5	0	1	0.3	1.327	0.385607855364319	(0.5901510229887675, 5)
5	0	1	0.3	1.178	0.265796634120611	(0.49527454623955497, 5)
5	0	1	0.3	1.119	0.262433554319978	(0.5300126093451398, 5)
5	0	1	0.3	1.239	0.306618954513814	(0.590194313597383, 5)
5	0	1	0.5	1.26	0.19409042957383	(0.6188163119745222, 5)
5	0	1	0.5	1.31	0.108599229102292	(0.5817121935581838, 5)
5	0	1	0.5	1.264	0.197490492112405	(0.6237809140846484, 5)
5	0	1	0.5	1.38	0.209109608847689	(0.5737436259846597, 5)
5	0	1	0.5	1.492	0.198225924341723	(0.6276786506401021, 5)
5	0	1	0.7	1.52	0.251028877255228	(0.6752800823113868, 5)
5	0	1	0.7	1.404	0.177555221790076	(0.5821566845614008, 5)
5	0	1	0.7	1.385	0.224961037295099	(0.611774977386269, 5)
5	0	1	0.7	1.49	0.26661521944823	(0.5954583060082926, 5)
5	0	1	0.7	1.375	0.288422243065792	(0.5779440254407662, 5)
5	0	2	0.3	1.226	0.100214483725123	(0.7970471789303637, 5)
5	0	2	0.3	1.182	0.103161130925007	(0.6892528053241718, 5)
5	0	2	0.3	1.129	0.063343476999395	(0.5802072613450004, 5)
5	0	2	0.3	1.305	0.216848555627398	(0.6400492297696007, 5)
5	0	2	0.3	1.239	0.128046147557515	(0.5544479049082675, 5)
5	0	2	0.5	1.255	0.066287243188426	(0.7418878387400539, 5)
5	0	2	0.5	1.09	0.099190138311661	(0.6565672244125043, 5)
5	0	2	0.5	1.144	0.226205746387962	(0.6020615024412529, 5)
5	0	2	0.5	1.229	0.208409678026189	(0.7124204137975769, 5)
5	0	2	0.5	1.176	0.096946394427144	(0.603414589338453, 5)
5	0	2	0.7	1.128	0.066714756003398	(0.6176132657323874, 5)
5	0	2	0.7	1.06	0.250580002176835	(0.5166793286119185, 5)
5	0	2	0.7	1.034	0.235065566637712	(0.49590319975024066, 5)
5	0	2	0.7	0.989	0.192946621657512	(0.5631496497879841, 5)
5	0	2	0.7	1.087	0.085629579334701	(0.5076286842479322, 5)
5	0	3	0.3	1.224	0.140949598149419	(0.48890195743788356, 5)
5	0	3	0.3	1.114	0.325008168250616	(0.606585831262307, 5)
5	0	3	0.3	1.159	0.209440163626259	(0.5969391790890892, 5)
5	0	3	0.3	1.092	0.302995216415322	(0.6068867851111489, 5)
5	0	3	0.3	1.331	0.187010280202587	(0.8144083286161484, 5)
5	0	3	0.5	1.246	0.118641381194518	(0.9285187449387119, 5)
5	0	3	0.5	1.355	0.110247666467931	(0.7526843678689569, 5)
5	0	3	0.5	1.181	0.174944718585256	(0.9261669617723588, 5)
5	0	3	0.5	1.07	0.012335119360318	(0.8943787658879563, 4)
5	0	3	0.5	1.142	0.060820012289952	(0.9011041598680323, 4)
5	0	3	0.7	1.352	0.015284963743044	(0.9311069064597808, 5)
5	0	3	0.7	1.276	0.065287096545515	(0.9634759298559142, 4)
5	0	3	0.7	1.383	0.051889104296442	(0.9446083195018963, 5)
5	0	3	0.7	1.312	-0.020400724376967	(0.9234718737711013, 5)
5	0	3	0.7	1.189	0.060905162618184	(0.9691156177469544, 5)
5	1	0	0.3	1.269	0.019301758547548	(0.9257284392307957, 5)
5	1	0	0.3	1.066	0.072760899812454	(0.8815194367331429, 4)
5	1	0	0.3	0.976	-0.047612698003178	(0.9791648707502371, 4)
5	1	0	0.3	1.134	0.001961855598258	(0.9800456722226327, 4)
5	1	0	0.3	0.951	-0.185521810827819	(0.9518317230757711, 4)
5	1	0	0.5	1.002	-0.066766951217176	(0.980018991692128, 5)
5	1	0	0.5	0.978	-0.002697568135373	(0.9492157248275558, 5)
5	1	0	0.5	1.052	0.071365602172288	(0.9260603367177532, 4)
5	1	0	0.5	1.024	0.047762215327386	(0.9265058174268459, 5)
5	1	0	0.5	0.954	-0.060881375204688	(0.893899611266453, 5)
5	1	0	0.7	0.909	-0.002187761142367	(0.8916464423843785, 5)
5	1	0	0.7	1.018	0.014550649258687	(0.9194017067873856, 4)
5	1	0	0.7	1.055	-0.0353894089463	(0.9259413404008084, 4)
5	1	0	0.7	1.034	0.032826907892428	(0.8884028242120652, 4)
5	1	0	0.7	0.973	0.035364697656865	(0.9414331373468742, 5)
5	1	1	0.3	1.132	-0.023348276704841	(0.9160592784095603, 5)
5	1	1	0.3	0.83	0.041463226277548	(0.7373516424807058, 5)
5	1	1	0.3	0.93	0.07356296856817	(0.8585319268842723, 5)
5	1	1	0.3	0.837	0.021611123680241	(0.9496719940675767, 4)
5	1	1	0.3	0.934	0.081133436689508	(0.9313529570618417, 5)
5	1	1	0.5	0.779	-0.069378747146542	(0.9153165753359803, 5)
5	1	1	0.5	0.874	0.164748475070997	(0.9103684142877838, 5)
5	1	1	0.5	0.964	0.191707327620245	(0.8093525179856115, 5)
5	1	1	0.5	1.044	0.155680591043539	(0.7902915358707623, 5)
5	1	1	0.5	1.127	0.249516821763482	(0.9006660971807089, 4)
5	1	1	0.7	1.103	0.099558897952877	(0.8044305819065954, 5)
5	1	1	0.7	1.144	0.310328100810672	(0.9002445562064773, 5)
5	1	1	0.7	1.216	0.163379886494038	(0.7857553812143402, 5)
5	1	1	0.7	1.152	0.133296316663669	(0.9458160733240973, 5)
5	1	1	0.7	1.057	0.091607708507663	(0.8961398208154906, 5)
5	1	2	0.3	1.112	0.144360122970974	(0.7945792477705028, 5)
5	1	2	0.3	1.249	0.216996129314049	(0.7868367127489927, 5)
5	1	2	0.3	1.268	0.19008539445186	(0.7844331406253122, 5)
5	1	2	0.3	1.343	0.301597098826779	(0.8245845247667487, 5)
5	1	2	0.3	1.119	0.164050344596242	(0.9150666413799692, 5)
5	1	2	0.5	1.346	0.204469245169332	(0.7978524936777083, 5)
5	1	2	0.5	1.169	0.218150062750907	(0.7895508267931618, 5)
5	1	2	0.5	1.35	0.126129027637013	(0.9591308994994799, 5)
5	1	2	0.5	1.22	0.285970855993739	(0.973575473141866, 4)
5	1	2	0.5	1.395	0.25405093160534	(0.9802108190688119, 5)
5	1	2	0.7	1.527	0.297655864988473	(0.9893323588665645, 5)
5	1	2	0.7	1.298	0.163773614064319	(0.9890472157374595, 5)
5	1	2	0.7	1.109	0.085216716335263	(0.9695544816020679, 5)
5	1	2	0.7	1.055	0.161228290462996	(0.9672662788014236, 5)
5	1	2	0.7	1.191	0.23237226599959	(0.9460484806215381, 5)
5	1	3	0.3	1.37	0.287476617285673	(0.9565293749033291, 5)
5	1	3	0.3	0.968	0.194684623450849	(0.8466005139128238, 5)
5	1	3	0.3	1.044	0.03432381477302	(0.8563444500165049, 5)
5	1	3	0.3	1.094	0.113344464945033	(0.7659431827704685, 5)
5	1	3	0.3	1.102	0.181849962241586	(0.7663892663043478, 5)
5	1	3	0.5	1.139	0.174294344284869	(0.7501466812640039, 5)
5	1	3	0.5	1.238	0.151762258121604	(0.8558177772167768, 5)
5	1	3	0.5	1.308	0.206800856777137	(0.8848572236874527, 5)
5	1	3	0.5	1.245	0.230465526382752	(0.9150946990352571, 5)
5	1	3	0.5	1.289	0.116166222640633	(0.9154109970656332, 5)
5	1	3	0.7	1.305	0.270436190011974	(0.9782205247099828, 5)
5	1	3	0.7	1.19	0.137129279503787	(0.9156750886396172, 5)
5	1	3	0.7	1.232	0.221857366067333	(0.9672183004794885, 5)
5	1	3	0.7	1.055	0.148044123922645	(0.980951243771371, 5)
5	1	3	0.7	1.067	0.255353181076491	(0.9568859990438643, 5)
5	2	0	0.3	1.216	0.137470551126771	(0.9780594939076442, 5)
5	2	0	0.3	1.172	0.105351638843051	(0.9295014784458162, 5)
5	2	0	0.3	1.159	0.138541370979858	(0.9896329837940896, 5)
5	2	0	0.3	1.221	0.182636024931073	(0.9895476004961749, 5)
5	2	0	0.3	1.104	0.134350711280664	(0.8552857772147932, 5)
5	2	0	0.5	1.229	0.181255371747012	(0.9677990799737135, 5)
5	2	0	0.5	1.346	0.313475055229975	(0.9280085114917774, 5)
5	2	0	0.5	1.109	0.097882710484629	(0.7841847178512227, 5)
5	2	0	0.5	1.631	0.231205377653747	(0.9892460758132154, 5)
5	2	0	0.5	1.951	0.218287357581614	(0.9461025166404646, 5)
5	2	0	0.7	1.447	0.163105902511785	(0.9674537375804626, 5)
5	2	0	0.7	1.445	0.162419538966441	(0.9200526006547103, 5)
5	2	0	0.7	1.745	0.200617201699569	(0.9673350367112774, 5)
5	2	0	0.7	1.683	0.1685669996655	(0.9264447950981478, 5)
5	2	0	0.7	1.976	0.240455570781786	(0.9566488244709254, 5)
5	2	1	0.3	2.071	0.246561522802232	(1.0, 5)
5	2	1	0.3	2.278	0.175198257192061	(0.9678902757725232, 4)
5	2	1	0.3	2.346	0.220400950778601	(0.9783286385709449, 4)
5	2	1	0.3	1.744	0.104568678614844	(0.9904470478685361, 5)
5	2	1	0.3	1.036	0.176558850296924	(0.621084861934324, 5)
5	2	1	0.5	1.179	0.14987186041728	(0.5535034920404699, 5)
5	2	1	0.5	1.989	0.172652054917113	(0.9459332301457402, 5)
5	2	1	0.5	2.256	0.173306123159026	(1.0, 4)
5	2	1	0.5	1.421	0.032834375128138	(0.9895476004961749, 5)
5	2	1	0.5	1.315	0.1243188395696	(0.9091361041390402, 5)
5	2	1	0.7	1.183	0.043221128773121	(0.8957207725809919, 5)
5	2	1	0.7	0.979	0.025093043787622	(0.784434489117667, 5)
5	2	1	0.7	1.211	0.060402386900111	(0.9814664159604329, 5)
5	2	1	0.7	1.269	0.070880540559591	(0.960377881905428, 5)
5	2	1	0.7	1.574	0.124319873657501	(0.9103610629970238, 4)
5	2	2	0.3	1.347	0.151893661735573	(0.9391947539353255, 5)
5	2	2	0.3	1.401	0.05453991957034	(0.9274860813704496, 5)
5	2	2	0.3	1.326	0.167341951890075	(0.9908380389663812, 5)
5	2	2	0.3	1.232	0.162647446836904	(0.9903060398644113, 5)
5	2	2	0.3	1.346	0.225394193245674	(0.9805899923079229, 4)
5	2	2	0.5	0.884	0.153246674604243	(0.9816283647664297, 4)
5	2	2	0.5	0.884	0.175079011421155	(1.0, 4)
5	2	2	0.5	0.89	0.114245165558742	(1.0, 5)
5	2	2	0.5	1.089	0.282862417481613	(1.0, 5)
5	2	2	0.5	0.929	0.104981658801575	(1.0, 5)
5	2	2	0.7	1.219	0.092894981215097	(0.9721259400365879, 4)
5	2	2	0.7	1.112	0.207659715660521	(0.9902387579034503, 5)
5	2	2	0.7	1.087	0.233910275440074	(0.9178513464530171, 5)
5	2	2	0.7	1.623	0.393594317256817	(0.9262855746841353, 5)
5	2	2	0.7	1.793	0.336172997292562	(0.9788862226569065, 5)
5	2	3	0.3	1.064	0.229364952260154	(0.621037369835288, 5)
5	2	3	0.3	1.653	0.379127382579261	(0.9485868178584806, 5)
5	2	3	0.3	1.972	0.21932256492554	(0.9912855599567879, 4)
5	2	3	0.3	1.316	0.172204472318543	(0.9817949715599609, 5)
5	2	3	0.3	2.004	0.301082864347098	(0.9460591139454928, 5)
5	2	3	0.5	1.563	0.346601622146178	(0.925228502792826, 5)
5	2	3	0.5	1.096	0.24889881715681	(0.9583937028997619, 5)
5	2	3	0.5	1.039	0.174005607754147	(0.9004500988829711, 5)
5	2	3	0.5	1.22	-0.003755822484452	(1.0, 4)
5	2	3	0.5	0.892	0.059435263528061	(0.9771558775414817, 4)
5	2	3	0.7	1.18	0.160775342261846	(0.9903060398644113, 5)
5	2	3	0.7	1.159	0.159694242978345	(0.9794687548590503, 4)
5	2	3	0.7	1.068	0.063632646731267	(0.9083703429136513, 5)
5	2	3	0.7	1.293	0.217541857785461	(0.8972882283452311, 5)
5	2	3	0.7	1.246	0.149740732451247	(0.9000608697612553, 5)
5	3	0	0.3	1.268	0.222534158362108	(0.853431503093914, 5)
5	3	0	0.3	1.354	0.183107888168251	(0.9473485213549119, 5)
5	3	0	0.3	1.668	0.099011589475444	(0.9908380389663812, 4)
5	3	0	0.3	1.26	0.185380742344451	(0.960758914080453, 5)
5	3	0	0.3	1.277	-0.053774290211423	(0.9712477919382042, 5)
5	3	0	0.5	1.608	0.112748295835299	(0.9676823980373129, 5)
5	3	0	0.5	1.925	0.224858117804624	(0.9566711037354828, 5)
5	3	0	0.5	1.618	0.354567809356248	(0.9355183469896687, 5)
5	3	0	0.5	1.519	0.191789278384785	(0.904740845315954, 5)
5	3	0	0.5	1.778	0.27870748269932	(0.9063226220049684, 5)
5	3	0	0.7	1.403	0.155652185953124	(0.9567060509822028, 5)
5	3	0	0.7	1.478	0.105824940777882	(0.7442145811433226, 5)
5	3	0	0.7	1.369	0.251392482075802	(0.74276515135552, 5)
5	3	0	0.7	1.429	0.242055971281503	(0.6659790238514691, 5)
5	3	0	0.7	1.391	0.272833183805179	(0.6677620139791949, 5)
5	3	1	0.3	1.512	0.147190258770128	(0.7288194481820495, 5)
5	3	1	0.3	1.656	0.152674539046793	(0.7321858087793145, 5)
5	3	1	0.3	1.528	0.145194927732504	(0.7399013648354169, 5)
5	3	1	0.3	1.697	0.227781006920128	(0.8372397881020641, 5)
5	3	1	0.3	1.058	0.019383044434295	(0.7598406701524834, 5)
5	3	1	0.5	1.01	0.129820999306022	(0.8105578211175991, 5)
5	3	1	0.5	1.272	0.100752001615944	(0.6183253711103465, 5)
5	3	1	0.5	1.114	-0.015189586797542	(0.7556003484800705, 5)
5	3	1	0.5	1.409	0.035986641511776	(0.883933625958045, 5)
5	3	1	0.5	1.261	0.17524282156655	(0.5466014183896403, 5)
5	3	1	0.7	1.451	0.017415846430266	(0.7695670420367909, 5)
5	3	1	0.7	1.572	0.216422889327307	(0.5964708621021629, 5)
5	3	1	0.7	1.004	0.217177709637657	(0.4841538837835005, 5)
5	3	1	0.7	1.523	0.210103537240238	(0.5137437302251722, 5)
5	3	1	0.7	1.839	0.32073838891789	(0.8472890263652398, 5)
5	3	2	0.3	1.2	0.118835334453872	(0.6121848941010632, 5)
5	3	2	0.3	1.972	0.249597744940199	(0.9266972636632722, 5)
5	3	2	0.3	1.76	0.32883835984142	(0.8685265577020477, 5)
5	3	2	0.3	1.668	0.190761651018114	(0.9684303228853124, 5)
5	3	2	0.3	1.674	0.143612104636301	(0.8461374687806323, 5)
5	3	2	0.5	1.589	0.170126598535739	(0.886637011402408, 5)
5	3	2	0.5	1.954	0.168683785206845	(0.9599487701017528, 5)
5	3	2	0.5	1.729	0.297989838653018	(0.8888846580389058, 5)
5	3	2	0.5	1.609	0.125648504324114	(0.8654819480373411, 5)
5	3	2	0.5	1.637	0.115918658254146	(0.8569721138829086, 5)
5	3	2	0.7	1.725	0.217770512917948	(0.8478420616060487, 5)
5	3	2	0.7	1.453	0.119428896830742	(0.8988585922637921, 5)
5	3	2	0.7	1.859	0.321154061243603	(0.9507599406714433, 5)
5	3	2	0.7	1.208	0.040220327932888	(0.8662559804871948, 5)
5	3	2	0.7	1.286	0.11879427101458	(0.8520645927702561, 5)
5	3	3	0.3	1.014	0.023403292410864	(0.9211398277004639, 5)
5	3	3	0.3	0.984	0.199148233503732	(0.8631315979603644, 5)
5	3	3	0.3	0.829	0.058353871386315	(0.931536782496295, 5)
5	3	3	0.3	1.232	0.270838412675955	(0.8732545918783349, 5)
5	3	3	0.3	1.28	0.278695444856264	(0.8838151702334538, 5)
5	3	3	0.5	1.169	0.17440995219639	(0.7991542444328298, 5)
5	3	3	0.5	1.071	0.041163971979457	(0.7689974572400534, 5)
5	3	3	0.5	1.151	-0.005777989623939	(0.7180225418628254, 5)
5	3	3	0.5	0.991	0.049351771926641	(0.7686007058443898, 5)
5	3	3	0.5	1.058	0.286592898466859	(0.7011869055823354, 5)
5	3	3	0.7	1.656	0.19770193908355	(0.7839948909367906, 5)
5	3	3	0.7	1.136	0.15971308983891	(0.7418258511601441, 5)
5	3	3	0.7	1.45	0.19014240076729	(0.8281771739824428, 5)
5	3	3	0.7	0.891	0.125304230409418	(0.6549119198323549, 5)
5	3	3	0.7	1.228	0.181314129092968	(0.5080982016827975, 5)
