EVENT_LOG	PRECISION	FITNESS	FILTER_FREQ	FILTER_RAND	TOTAL_TRACES	DISCOVERY_ALG	EDIT_DISTANCE	EDIT_DISTANCE_WEIGHTED	EDIT_DISTANCE_WEIGHTED_MODIF	EDIT_DISTANCE_WEIGHTED_FIT	ALIGNMENT_DFG	DIST_NODES_PERCENT	DIST_EDGES_PERCENT	DIST_EDGES_WEIGHTED_FIT	DIST_EDGES_BTW	DIST_EDGES_CC	DIST_EDGES_DEGREE	CLUST_DIFF	CLUST_MAX_DIFF	DEGREE_DIFF	DEGREE_MAX_DIFF	BETWEEN_DIFF	BETWEEN_MAX_DIFF	ASSORT_DIFF	ENTROPY_DIFF	ENTROPY_DIFF_BTW	EXCEEDING_EDGES	EXCEEDING_EDGES_BTW	EXCEEDING_EDGES_CC	EXCEEDING_EDGES_DEGREE	FOURIER_ENTROPY_DIFF	FOURIER_ENTROPY_DIFF_WEIGHTED	CLUST_DIFF_WEIGHTED	BETWEEN_DIFF_WEIGHTED	BETWEEN_DIFF_WEIGHTED_NORM	PN_SILENT_TRANS	PN_TRANS	PN_PLACES	PN_ARCS_MEAN	PN_ARCS_MAX	PN_SIMPLICITY	PN_GENERALIZATION	LOG_BTW_MAX	LOG_BTW_MEDIAN	LOG_BTW_ENTROPY	LOG_CC_MAX	LOG_CC_MEDIAN	LOG_CC_ENTROPY	LOG_DEGREE_MAX	LOG_DEGREE_MEDIAN	LOG_DEGREE_ENTROPY	LOG_LINK_DENSITY	LOG_NODE_DEGREE_RATIO	LOG_FOURIER_ENTROPY	LOG_TRACES	LOG_VARIANTS	LOG_ACTIVITIES
edited_hh104_labour.xes.gz	0.207	0.4377	0.8	0.6	25.0	IMf	-1	-1	-1	-1	0.4248009257508303	0.6313559322033898	0.8151476251604621	0.4028571428571429	0.409149	0.406568	0.406568	0.1228	0.3333	3.0897	-6	-1	-1	0.7492	2.8327	-1	1.292619047619048	0.24045500000000003	0.24019000000000001	0.240339	-1.0488	-1.2215	-0.5153059690530026	-1	-1	67	18	56	3.1429	5	0.6682	-1	0.1886	0.0413	4.1427	0.0212	0.0135	4.2479	524	74.0	4.1427	0.5643	0.0984	3.0722	43	43	19
3a_VARA_DE_EXECUCOES_FISCAIS_DA_COMARCA_DE_FORTALEZA_-_TJCE.xes	0.3667	0.7833	0.6	0.7	38.0	IMf	-1	-1	-1	-1	0.6943701206427653	0.6536585365853659	0.8752475247524752	0.3494318181818184	0.35745	0.35120100000000004	0.352925	0.1043	0.5	3.7187	4	-1	-1	-0.0025	1.4901	-1	3.450284090909104	0.321885	0.320377	0.322278	0.5891	0.5162	0.1881542420354033	-1	-1	52	22	45	3.4222	11	0.6296	-1	0.3767	0.0442	4.1039	0.0558	0.0186	3.9210000000000003	131	9.0	3.9312	0.1662	0.2407	3.5263	58	53	27
activitylog_uci_detailed_labour.xes.gz	0.3513	0.7468	0.6	0.7	17.0	IMf	-1	-1	-1	-1	0.6388849851816341	0.5483870967741935	0.774	0.3376436781609194	0.34556	0.341997	0.340521	0.0956	-0.0833	3.3571	1	-1	-1	0.5506	0.0877	-1	2.247126436781609	0.31860700000000003	0.317819	0.31948699999999997	-0.596	-0.9033	-0.2587166793055775	-1	-1	35	12	36	2.8889	3	0.664	-1	0.2802	0.0742	3.5	0.0506	0.0368	3.75	174	35.0	3.5778	0.4208	0.1584	2.693	25	25	16
activitylog_uci_detailed_weekends.xes.gz	0.2829	0.7764	0.9	0.9	9.0	IMf	-1	-1	-1	-1	0.6323721164401988	0.4711538461538461	0.7835497835497836	0.2459016393442624	0.251924	0.250546	0.247194	0.0863	0.1389	3.2513	1	-1	-1	0.47100000000000003	0.4787	-1	2.6885245901639325	0.41726599999999997	0.41671800000000003	0.418005	0.055	-0.1466	-0.1955701771339548	-1	-1	46	14	44	2.9545	4	0.6667	-1	0.3562	0.0723	3.6402	0.0836	0.049	3.5069	76	18.0	3.6402	0.3571	0.2	2.6149	10	10	15
edited_hh102_labour.xes.gz	0.1333	0.7016	0.8	0.7	12.0	IMf	-1	-1	-1	-1	0.5378900065957688	0.6153846153846154	0.8811369509043928	0.3819444444444446	0.390916	0.385329	0.38404699999999997	0.1073	0.5	5.2951	-3	-1	-1	0.8213	2.6635	-1	2.8880208333333286	0.353483	0.35454600000000003	0.354512	-0.8241	-0.6974	-0.7862624928694438	-1	-1	42	14	35	3.2	6	0.6842	-1	0.3204	0.0335	3.9058	0.0922	0.0276	4.1699	132	27.0	3.8366	0.3497	0.1682	2.7957	18	18	18
VITORIA_-_5a_VARA_CIVEL_-_TJES.xes	0.1079	0.9526	0.6	0.7	144.0	IMf	-1	-1	-1	-1	0.8989229877421848	0.6775067750677507	0.7963582311408398	0.09670751513361893	0.097683	0.097104	0.097087	0.1348	0.3	8.0528	138	-1	-1	0.0105	-1.0703	-1	7.109035877749883	0.309288	0.30740100000000004	0.308427	-0.3464	-0.8622	-0.041809464647841015	-1	-1	57	15	46	3.2609	6	0.6484	-1	0.4071	0.0143	4.4455	0.0229	0.0056	3.8787	2258	12.0	4.6187	0.1822	0.1444	4.0927	206	206	42
3a_VARA_DE_FAMILIA_E_REGISTRO_CIVIL_DA_COMARCA_DE_OLINDA_-_TJPE.xes	0.7555	0.9840000000000001	0.6	0.6	83.0	IMf	-1	-1	-1	-1	0.9831924905200768	0.6285714285714286	0.6901408450704225	0.02826171118854044	0.029149	0.029461	0.029256	0.2487	0.3	0.4022	-1	-1	-1	0.5915	-1.0783	-1	0.4765776229190863	0.14234000000000002	0.142394	0.14069500000000001	-1.0435	-1.2888	-1.8936955132067903	-1	-1	16	6	16	2.75	3	0.76	-1	0.45	0.225	2.585	0.0	0.0	-0.0	216	156.0	2.585	0.4	0.5	1.7747	232	33	12
Receipt phase of an environmental permit application process (_WABO_) CoSeLoG project.xes.gz	0.9717	0.8983	0.8	0.6	944.0	IMf	-1	-1	-1	-1	0.8015818564212607	0.8529411764705882	0.8971193415637858	0.2194869435177723	0.22408899999999998	0.222208	0.224883	0.0686	-0.1667	-0.047	-7	-1	-1	-0.0275	-1.3677	-1	0.1532267341539169	0.02563	0.025755	0.025606	-2.5016	-2.6235	-0.20365843252289514	-1	-1	1	6	10	1.8	2	0.8947	-1	0.3	0.2	2.2516	0.1655	0.0781	2.2516	238	238.0	1.7925	0.3333	0.6	1.6764	1434	116	27
ElectronicInvoicingENG.xes.gz	0.5714	0.6513	0.7	0.6	4230.0	IMf	-1	-1	-1	-1	0.5685820420919209	0.5789473684210527	0.7333333333333333	0.5816910979516551	0.619821	0.606272	0.617197	0.2094	0.1667	0.4868	-1	-1	-1	0.3697	-0.0136	-1	0.3991910170533605	0.192183	0.195913	0.191025	-0.5261	-0.5872	-1.7146651485431132	-1	-1	5	5	8	2.5	3	0.8182	-1	0.2857	0.2143	2.281	0.0	0.0	-0.0	21444	21444.0	0.7642	0.2083	0.6	1.7866	20135	7	9
BPI_Challenge_2014_Inspection.xes.gz	0.4599	0.8478	0.6	0.6	3483.0	IMf	-1	-1	-1	-1	0.6517472977299008	0.6559139784946236	0.8230337078651685	0.2834758771375249	0.295119	0.288401	0.29061	0.0336	-0.7083	1.1912	-4	-1	-1	-0.0579	-0.03	-1	0.4832007364060754	0.089149	0.088558	0.088615	-0.13699999999999998	-0.6920000000000001	0.002818319581401841	-1	-1	29	12	31	2.8387	4	0.6923	-1	0.544	0.0659	2.7396	0.0162	0.0036	3.5899	75746	2029.0	3.9069	0.3048	0.2344	2.5751	5485	3190	15
BPI_Challenge_2014_Geo parcel document.xes.gz	0.3282	0.9187	0.7	0.8	12033.0	IMf	-1	-1	-1	-1	0.8510477982543063	0.6814814814814815	0.7489932885906041	0.12605914523487896	0.128364	0.126859	0.128055	0.0886	0.0	1.2189	-5	-1	-1	-0.1154	-0.9416	-1	1.5012605211793906	0.167176	0.16147899999999998	0.161851	-0.7467	-1.2012	-0.05899706106482337	-1	-1	23	11	21	3.3333	6	0.6471	-1	0.4545	0.1439	3.0269999999999997	0.0506	0.0121	3.3927	73788	6557.0	3.7004	0.3333	0.25	2.5631	29059	9274	16
4a_VARA_CIVEL_-_TJGO.xes	0.9849	0.8469	0.7	0.6	213.0	IMf	-1	-1	-1	-1	0.7929905885658102	0.7164179104477612	0.7860696517412935	0.3388671875	0.34934899999999997	0.34387199999999996	0.356622	0.1474	0.0	0.0966	-24	-1	-1	-0.1604	-0.3136	-1	0.220703125	0.049399	0.048759	0.048635000000000005	-1.6006	-1.5437	-0.1279455100099643	-1	-1	7	9	10	3.4	6	0.619	-1	0.2619	0.0	1.5488	0.5237	0.1643	2.4056	28	14.0	3.0	0.2857	0.5	2.0459	339	98	16
BPI_Challenge_2014_Department control parcels.xes.gz	1.0	0.7713	0.9	0.9	24048.0	IMf	-1	-1	-1	-1	0.8208348977711029	0.9047619047619048	0.9642857142857144	0.3198806510457172	0.355116	0.332795	0.346887	-0.265	-0.5	-1.6667	-4	-1	-1		-2.7373	-1	0.0	0.0	0.0	0.0	-1.7458	-2.4426	0.054310200841367916	-1	-1	0	1	2	1.0	1	1.0	-1	0.0	0.0	0.0	0.0	0.0	0.0	0	0.0	0.0	-1.0	-1.0	-1.0	29297	349	6
BPI_Challenge_2014_Entitlement application.xes.gz	0.9148	0.9118	0.6	0.7	2950.0	IMf	-1	-1	-1	-1	0.9131634308809166	0.9411764705882352	0.9798319327731092	0.15274940749202853	0.156504	0.153705	0.154651	0.1516	0.0	-2.3202	-13	-1	-1	-0.1279	-2.3407	-1	0.10407338573547716	0.043789999999999996	0.043835	0.043615	-3.6631	-4.0027	-1.0011265248579921	-1	-1	4	6	8	2.5	3	0.8182	-1	0.4333	0.1667	2.1281	0.1538	0.0	1.3788	14750	5900.0	2.5216	0.2381	0.7	1.8017	15260	2553	20
VARA_DA_FAZENDA_PUBLICA_DA_COMARCA_DE_PAULISTA_-_TJPE.xes	0.3576	0.8176	0.7	0.6	68.0	IMf	-1	-1	-1	-1	0.7179069276683381	0.7243589743589743	0.8635057471264368	0.2927158273381297	0.29902199999999995	0.296401	0.29548	0.0281	-0.2	3.9566	-7	-1	-1	0.1975	0.3637	-1	2.599820143884893	0.28744899999999995	0.285817	0.287039	-0.6732	-0.7312	0.3266384734582967	-1	-1	46	12	38	3.1579	5	0.6667	-1	0.7344	0.0298	3.0946	0.0372	0.0075	3.1723	663	41.0	4.2084	0.1496	0.2571	3.642	116	112	29
BPI_Challenge_2014_Control summary.xes.gz	1.0	0.9972	0.9	0.9	35659.0	IMf	-1	-1	-1	-1	0.995651586723166	0.6153846153846154	0.7419354838709677	0.0112960023807162	0.0122	0.011945	0.012115	0.0454	0.0	-0.7846	-3	-1	-1	0.2701	-1.1393	-1	0.0	0.0	0.0	0.0	-1.2163	-1.1514	-0.33052512129504275	-1	-1	5	4	8	2.25	3	0.8947	-1	0.3333	0.1667	1.0	0.0	0.0	-0.0	35659	20420.0	2.0	0.3333	1.0	1.5082	43808	59	7
QUARTA_VARA_CRIMINAL_-_COMARCA_DE_VARZEA_GRANDE_-_SDCR_-_TJMT.xes	0.575	0.7529	0.8	0.8	41.0	IMf	-1	-1	-1	-1	0.5478767874471431	0.9201520912547528	0.9345238095238096	0.493275884580232	0.5006010000000001	0.49607299999999993	0.499167	0.1854	0.3333	0.7301	-7	-1	-1	-0.0447	0.1177	-1	0.9741480611045829	0.0541	0.053624	0.053673	-2.7576	-3.0542	-0.11156236853576652	-1	-1	27	11	25	3.12	4	0.6774	-1	0.4727	0.0111	3.7893	0.0211	0.0073	3.4442	2109	10.0	4.6807	0.1216	0.1913	4.418	52	52	45
DocumentProcessingENG.xes.gz	0.642	0.4248	0.7	0.8	4773.0	IMf	-1	-1	-1	-1	0.3764737061108269	0.7	0.7692307692307693	0.7875910797085447	0.8349409999999999	0.804822	0.8312440000000001	0.25	0.5	0.5667	0	-1	-1	0.6645	0.7372	-1	0.17606840209835467	0.077548	0.082937	0.077532	-1.2259	-0.9392	-0.617538133605306	-1	-1	3	4	6	2.3333	3	0.8667	-1	0.2857	0.2143	2.281	0.0	0.0	-0.0	18768	18768.0	0.7642	0.2083	0.6	1.7866	18352	3	10
BPI_Challenge_2012.xes.gz	0.6259	0.6429	0.6	0.6	6888.0	IMf	-1	-1	-1	-1	0.6977331091443923	0.7469879518072289	0.9058219178082192	0.4877917620137298	0.496418	0.49093000000000003	0.494163	-0.0265	-0.1667	0.8272	-5	-1	-1	0.0623	0.5865	-1	0.8539969488939742	0.132406	0.130727	0.131144	-1.0070000000000001	-0.7957	0.08750140273090587	-1	-1	36	22	43	2.8372	5	0.7063	-1	0.6	0.1333	3.8408	0.0255	0.0031	3.0773	11500	194.0	3.5681	0.1126	0.4231	3.2565	13087	4366	24
edited_hh104_weekends.xes.gz	0.2172	0.4791	0.7	0.7	12.0	IMf	-1	-1	-1	-1	0.3983134346081376	0.7743589743589744	0.8716356107660456	0.5694444444444453	0.5765359999999999	0.577919	0.578235	0.1507	0.3333	1.9458	-6	-1	-1	0.6315	2.2296	-1	1.2552083333333333	0.21060500000000001	0.20963	0.20864000000000002	-1.5405	-1.8141	-0.5928924104464586	-1	-1	46	14	39	3.1282	5	0.6828	-1	0.1601	0.0404	3.9977	0.0395	0.0146	4.1427	288	42.0	4.0374	0.4737	0.1173	3.1579	18	18	19
1a_VARA_CRIMINAL_DA_CAPITAL_-_TJAM.xes	0.4709	0.7352	0.7	0.8	105.0	IMf	-1	-1	-1	-1	0.5031159540074941	0.7430167597765364	0.8888228299643282	0.42290104261935024	0.430893	0.42403900000000005	0.42660600000000004	-0.0174	-0.5	2.2764	10	-1	-1	-0.2034	0.9113	-1	1.8534845436253964	0.090911	0.089781	0.089923	-0.4573	-0.4905	0.0306840820194914	-1	-1	48	24	45	3.4222	9	0.6126	-1	0.2459	0.0311	4.7362	0.0281	0.0039	4.4958	2054	14.0	4.5702	0.1727	0.1609	4.1322	131	128	38
BPI_Challenge_2020_InternationalDeclarations.xes.gz	0.4211	0.9165	0.6	0.7	1564.0	IMf	-1	-1	-1	-1	0.8285203304837914	0.8050847457627118	0.8909090909090909	0.2060955496112314	0.21059699999999998	0.207058	0.207864	0.0418	-0.2167	2.3611	-13	-1	-1	0.0896	0.2495	-1	2.702291028537373	0.27870100000000003	0.278625	0.278416	-1.3709	-1.3023	-0.03797127954470237	-1	-1	10	17	22	2.7273	6	0.6901	-1	0.4458	0.1	3.2195	0.2447	0.0469	2.911	2201	1290.0	3.5725	0.0993	0.6296	2.3834	6449	753	34
Hospital Billing - Event Log.xes.gz	0.9527	0.8466	0.6	0.8	43275.0	IMf	-1	-1	-1	-1	0.6972987834826678	0.9246575342465754	0.961783439490446	0.3760691699104137	0.39676999999999996	0.378287	0.386737	0.2307	0.0	-1.0264	-9	-1	-1	-0.3344	-1.3382	-1	0.06426207222649095	0.005894	0.005873	0.005871	-3.2165	-3.4887	-0.3056785383157229	-1	-1	4	5	6	3.0	4	0.7143	-1	0.3333	0.25	1.5219	0.0	0.0	-0.0	20902	20902.0	0.971	0.2	1.25	1.3486	100000	1020	18
BPI_Challenge_2019_log_IEEE.xes.gz	0.9949	0.8102	0.6	0.6	69479.0	IMf	-1	-1	-1	-1	0.7724347531942588	0.9620758483033932	0.988538681948424	0.3383557736693145	0.342144	0.339094	0.340692	-0.0577	-0.8	-3.7760000000000002	-38	-1	-1	-0.127	-2.3472	-1	0.0043671399924191156	0.000446	0.00044500000000000003	0.00044500000000000003	-4.7966	-4.7029	-0.1024436882753272	-1	-1	5	9	12	2.5	4	0.7647	-1	0.2857	0.1429	1.9056	0.2176	0.1135	2.1556	123296	61232.5	2.75	0.2143	0.6667	2.0033	251734	11973	42
BPI_Challenge_2014_Reference alignment.xes.gz	1.0	0.9818	0.9	0.9	34987.0	IMf	-1	-1	-1	-1	0.9740768772327494	0.75	0.8444444444444444	0.084742598441122	0.09396499999999999	0.08807100000000001	0.091284	0.1176	-0.5	-1.0625	-3	-1	-1	0.2326	-1.9528	-1	0.0	0.0	0.0	0.0	-1.124	-1.5862	-0.3106950402611304	-1	-1	5	3	7	2.2857	3	0.8824	-1	0.5	0.0	0.9183	0.0	0.0	-0.0	9095	9095.0	1.585	0.5	1.0	0.9698	43802	515	6
BPI_Challenge_2020_PrepaidTravelCost.xes.gz	0.6198	0.9074	0.8	0.7	1459.0	IMf	-1	-1	-1	-1	0.8463770441114289	0.7833333333333333	0.8705357142857143	0.1656713964827703	0.167915	0.166295	0.168918	-0.0266	-0.4818	0.9152	-5	-1	-1	-0.0833	-0.1719	-1	0.7785021640278311	0.093394	0.092926	0.09304	-1.7036	-1.7733	0.012353022568252565	-1	-1	8	16	20	2.7	5	0.6875	-1	0.3714	0.0476	2.9056	0.1948	0.0242	2.8994	1602	483.5	3.625	0.125	0.5333	2.6935	2099	202	29
COLOMBO_-_VARA_DA_FAZENDA_PUBLICA_-_TJPR.xes	0.0715	0.7616	0.6	0.8	427.0	IMf	-1	-1	-1	-1	0.8109367320560518	0.6715686274509803	0.8781055900621118	0.20143581081081105	0.21274899999999997	0.203501	0.20829299999999998	0.0688	-0.05	4.8062	71	-1	-1	0.1608	0.8370000000000001	-1	6.6903856981982015	0.38027	0.373745	0.37948200000000004	0.6981	0.0448	0.12061186017936695	-1	-1	71	18	58	3.2069	5	0.6533	-1	0.588	0.0411	3.3931	0.0193	0.0067	4.0188	3220	111.0	4.2299	0.2332	0.1949	3.4155	513	395	23
Road_Traffic_Fine_Management_Process.xes.gz	1.0	0.5105	0.6	0.6	46371.0	IMf	-1	-1	-1	-1	0.3105568697741302	0.9718309859154929	0.9905660377358492	0.8337880919728565	0.8936120000000001	0.838799	0.8650530000000001	-0.1162	-0.5	-1.9859	-6	-1	-1		-3.2124	-1	0.0	0.0	0.0	0.0	-3.642	-3.9798	0.02299958385995744	-1	-1	0	2	3	1.3333	2	1.0	-1	0.3333	0.25	1.5219	0.0	0.0	-0.0	56482	56482.0	0.971	0.2	1.25	1.3486	150370	231	11
BPI_Challenge_2013_incidents.xes.gz	0.8767	0.9909	0.7	0.7	4399.0	IMf	-1	-1	-1	-1	0.9879695183212815	0.38461538461538464	0.4772727272727273	0.017929624317148344	0.020021	0.0202	0.020154	0.0319	0.0833	-0.5096	-4	-1	-1	-0.0273	-1.3351	-1	0.0	0.0	0.0	0.0	-0.4205	-0.5726	-0.29214622606383306	-1	-1	9	3	10	2.6	3	0.7333	-1	0.5	0.5	-0.0	0.0596	0.0596	0.9183	10038	2600.0	1.585	1.3333	0.375	0.9765	7554	1511	4
VARA_DE_SUCESSOES_E_REGISTROS_PUBLICOS_DA_COMARCA_DE_JABOATAO_DOS_GUARARAPES_-_TJPE.xes	0.3214	0.84	0.7	0.6	16.0	IMf	-1	-1	-1	-1	0.7356996767191752	0.7846153846153846	0.8218390804597702	0.22099603848330532	0.224469	0.223642	0.224392	0.087	0.0	1.6429	-8	-1	-1	0.2292	0.2103	-1	0.9292586304470852	0.111384	0.110777	0.110925	-1.5518	-1.6251	-0.030313519888621437	-1	-1	35	11	32	3.0	5	0.6842	-1	0.6439	0.0465	3.3931	0.03	0.0104	3.2344	480	14.0	3.969	0.1798	0.2527	3.4831	28	28	26
BPI_Challenge_2020_DomesticDeclarations.xes.gz	1.0	0.8905	0.6	0.8	4618.0	IMf	-1	-1	-1	-1	0.7551010229714614	0.8780487804878049	0.9431818181818182	0.33409344010181885	0.343615	0.337444	0.35079699999999997	-0.129	-0.5	-1.1463	-9	-1	-1		-2.5375	-1	0.0	0.0	0.0	0.0	-2.5462	-2.7493	0.03073777892478786	-1	-1	0	5	6	1.6667	2	1.0	-1	0.3333	0.25	1.5219	0.0	0.0	-0.0	4618	4618.0	0.971	0.2	1.25	1.3486	10500	99	17
Sepsis Cases - Event Log.xes.gz	0.4742	0.8541	0.6	0.6	666.0	IMf	-1	-1	-1	-1	0.7412620187130468	0.5915492957746479	0.7933579335793358	0.2325489680557385	0.238837	0.23369499999999999	0.235794	-0.0784	-0.7222	2.0111	-6	-1	-1	0.3235	-1.0456	-1	1.5122913106349427	0.168812	0.166995	0.167257	-1.1383	-0.6282	0.07953134203129086	-1	-1	19	13	26	2.8462	5	0.6444	-1	0.3667	0.0881	3.5778	0.0512	0.0256	3.875	2039	451.5	4.0	0.4458	0.1495	2.9671	1050	846	16
BPI_Challenge_2013_open_problems.xes.gz	0.9996	0.8633	0.6	0.7	340.0	IMf	-1	-1	-1	-1	0.7794240429578783	0.6	0.7419354838709677	0.35779816513761475	0.418096	0.404584	0.414717	0.1095	0.0	-1.1	-5	-1	-1	0.4503	-0.4464	-1	0.0	0.0	0.0	0.0	-0.9602	-0.94	-0.5225069915292178	-1	-1	4	2	5	2.4	3	0.8462	-1	0.0	0.0	-0.0	0.0	0.0	-0.0	216	0.0	1.585	0.3333	1.5	0.993	819	108	3
3a_VARA_DE_FAMILIA_E_REGISTRO_CIVIL_DA_COMARCA_DE_OLINDA_-_TJPE.xes	0.8057	0.6575	0.8	0.8	134.0	HEU_MINER	-1	-1	-1	-1	0.5159503043123728	0.8285714285714286	0.8823529411764706	0.6198219125048391	0.645878	0.6474850000000001	0.6481100000000001	0.307	0.3	0.1714	-2	-1	-1		-2.3172	-1	0.2953929539295393	0.091386	0.09216	0.09008	-1.5272	-1.8063	-0.43797672616568295	-1	-1	11	6	13	2.7692	4	0.7143	-1	0.45	0.225	2.585	0.0	0.0	-0.0	347	268.0	2.585	0.4	0.5	1.7747	232	33	12
Receipt phase of an environmental permit application process (_WABO_) CoSeLoG project.xes.gz	1.0	0.5299	0.7	0.6	231.0	HEU_MINER	-1	-1	-1	-1	0.1745787120054904	0.9306930693069309	0.9655172413793104	0.7495686184286182	0.7783869999999999	0.758046	0.768019	-0.0549	-0.5	-1.1541	-8	-1	-1	-0.5552	-2.2776	-1	0.0	0.0	0.0	0.0	-3.1985	-3.4228	0.06619876479740265	-1	-1	1	6	7	2.0	3	1.0	-1	0.3	0.2	1.585	0.0	0.0	-0.0	115	115.0	0.9183	0.1667	1.2	1.6461	1434	116	27
ElectronicInvoicingENG.xes.gz	0.5569	0.6513	0.8	0.7	6855.0	HEU_MINER	-1	-1	-1	-1	0.5685820420919209	0.5789473684210527	0.7333333333333333	0.5816910979516551	0.619821	0.606272	0.617197	0.2094	0.1667	0.4868	-1	-1	-1	0.3697	-0.0136	-1	0.3991910170533605	0.192183	0.195913	0.191025	-0.8857	-0.5872	-1.7146651485431132	-1	-1	12	9	15	2.8	4	0.75	-1	0.2679	0.1429	2.7255	0.0	0.0	-0.0	13710	10500.0	1.9749	0.2361	0.5294	1.8898	20135	7	9
BPI_Challenge_2014_Inspection.xes.gz	0.9015	0.054000000000000006	0.6	0.6	3237.0	HEU_MINER	-1	-1	-1	-1	0.6398897056060141	0.463768115942029	0.6169354838709677	0.19323578650293105	0.197053	0.19633699999999998	0.196657	0.0344	0.0	1.1912	-2	-1	-1	0.2666	0.2922	-1	0.5070479523763763	0.079399	0.079599	0.079564	-0.6648	-1.3213	-0.0017219763617313786	-1	-1	34	15	24	4.1667	11	0.5748	-1	0.5659	0.0604	3.2402	0.016	0.0041	3.4566	75907	2251.0	3.9069	0.3095	0.2308	2.5837	5485	3190	15
4a_VARA_CIVEL_-_TJGO.xes	1.0	0.7017	0.7	0.6	182.0	HEU_MINER	-1	-1	-1	-1	0.5119047619047621	0.8636363636363636	0.9297297297297298	0.580078125	0.602058	0.587377	0.616092	0.0164	0.0	-1.1761	-30	-1	-1	-0.4413	-2.1614	-1	0.755859375	0.030522000000000004	0.030399000000000002	0.030543	-2.2855	-2.4845	-0.6018632147607312	-1	-1	6	8	9	3.5556	6	0.561	-1	0.3929	0.0357	2.0588	0.1735	0.0574	2.0588	115	3.0	2.7255	0.2083	0.6	2.141	339	98	16
BPI_Challenge_2014_Control summary.xes.gz	1.0	0.9012	0.9	0.9	8857.0	HEU_MINER	-1	-1	-1	-1	0.8486090187416778	0.6153846153846154	0.7741935483870968	0.2084862612836028	0.21603499999999998	0.21869499999999997	0.221698	-0.1712	0.0	-0.9846	-3	-1	-1	0.7832	-1.1393	-1	0.0	0.0	0.0	0.0	-0.9669	-1.099	0.4478506386848034	-1	-1	2	4	6	2.0	3	1.0	-1	0.3333	0.1667	1.0	0.0	0.0	-0.0	8857	8857.0	1.5	0.3333	1.0	1.281	43808	59	7
DocumentProcessingENG.xes.gz	0.5438	0.8911	0.7	0.7	9384.0	HEU_MINER	-1	-1	-1	-1	0.7745395830073515	0.2	0.5555555555555556	0.10462079624793476	0.110502	0.108153	0.10977100000000001	0.3021	0.5	0.775	0	-1	-1	0.8797	0.1465	-1	0.8079617179707783	0.391671	0.393152	0.390357	0.2013	-0.4313	-3.2203247760645706	-1	-1	13	9	16	2.75	3	0.76	-1	0.2857	0.2143	2.281	0.0	0.0	-0.0	18768	18768.0	0.7642	0.2083	0.6	1.7866	18352	3	10
BPI_Challenge_2012.xes.gz	0.7745	0.7316	0.6	0.6	3588.0	HEU_MINER	-1	-1	-1	-1	0.6788883813568982	0.7301587301587301	0.8430379746835444	0.36599542334096097	0.37165	0.36902199999999996	0.371703	0.0655	-0.0833	0.5187	-7	-1	-1	0.1414	0.2268	-1	0.6179176201372998	0.10117999999999999	0.100796	0.100728	-1.8799	-2.134	-0.0388564157668316	-1	-1	28	16	24	3.7917	8	0.5965	-1	0.5526	0.1316	3.8209	0.0312	0.003	3.1416	10981	175.0	3.6304	0.1095	0.4565	3.1488	13087	4366	24
BPI_Challenge_2020_InternationalDeclarations.xes.gz	0.9662	0.7693	0.6	0.8	3352.0	HEU_MINER	-1	-1	-1	-1	0.4800509692871786	0.9035532994923858	0.939879759519038	0.3743953652756037	0.38099	0.375205	0.378626	0.0081	0.0	-0.9541	-18	-1	-1	0.0077	-1.591	-1	0.0	0.0	0.0	0.0	-3.2483	-3.2898	-0.0632561239055532	-1	-1	11	17	19	3.1053	6	0.662	-1	0.7190000000000001	0.0556	2.9311	0.1705	0.0391	2.6873	4074	949.0	3.8269	0.0965	0.5758	2.6935	6449	753	34
BPI_Challenge_2019_log_IEEE.xes.gz	0.988	0.7271	0.6	0.6	67455.0	HEU_MINER	-1	-1	-1	-1	0.7328360857085334	0.966	0.9888809182209468	0.3578790536153729	0.36143200000000003	0.358671	0.36036999999999997	0.0493	-0.5	-3.7525	-39	-1	-1	-0.1463	-2.467	-1	0.0	0.0	0.0	0.0	-4.9681	-4.8689	-0.2545579449033033	-1	-1	4	8	10	2.6	4	0.7333	-1	0.1905	0.0595	1.75	0.2413	0.1822	2.25	76599	39227.5	2.75	0.1964	0.7273	1.9777	251734	11973	42
BPI_Challenge_2014_Reference alignment.xes.gz	1.0	0.9819	0.9	0.9	39085.0	HEU_MINER	-1	-1	-1	-1	0.9740768772327494	0.75	0.8444444444444444	0.084742598441122	0.09396499999999999	0.08807100000000001	0.091284	0.1176	-0.5	-1.0625	-3	-1	-1	0.2326	-1.9528	-1	0.0	0.0	0.0	0.0	-1.124	-1.5862	-0.3106950402611304	-1	-1	4	3	6	2.3333	3	0.8667	-1	0.5	0.0	0.9183	0.0	0.0	-0.0	39085	8351.0	1.585	0.5	1.0	0.993	43802	515	6
BPI_Challenge_2020_PrepaidTravelCost.xes.gz	0.9286	0.6606	0.8	0.6	572.0	HEU_MINER	-1	-1	-1	-1	0.5416762659438414	0.8484848484848485	0.884393063583815	0.3716649317920335	0.376303	0.372212	0.37754299999999996	-0.0103	-0.1667	-0.4048	-8	-1	-1	0.2047	-0.4362	-1	0.01610694132471375	0.0036950000000000004	0.003668	0.003669	-2.6252	-2.6001	0.0005672892327728107	-1	-1	10	18	19	3.2105	6	0.6267	-1	0.3782	0.0577	3.182	0.0728	0.0433	3.1281	903	478.5	3.5216	0.1374	0.56	2.4058	2099	202	29
Road_Traffic_Fine_Management_Process.xes.gz	1.0	0.6976	0.8	0.8	66756.0	HEU_MINER	-1	-1	-1	-1	0.6657287292487061	0.9577464788732394	0.981132075471698	0.6133364204677008	0.640843	0.61687	0.6254310000000001	-0.1162	-0.5	-1.6526	-5	-1	-1	-0.8249	-2.2941	-1	0.0	0.0	0.0	0.0	-3.6722	-4.0082	0.02299958385995744	-1	-1	0	3	3	2.0	3	1.0	-1	0.0	0.0	-0.0	0.0	0.0	-0.0	66756	0.0	1.585	0.3333	1.5	0.9813	150370	231	11
BPI_Challenge_2013_incidents.xes.gz	0.9416	0.9809	0.7	0.8	4613.0	HEU_MINER	-1	-1	-1	-1	0.976821354351705	0.5384615384615384	0.6590909090909091	0.041810357982116166	0.043666	0.045574	0.045814	0.1608	0.5	-0.8846	-5	-1	-1	0.0081	-1.5001	-1	0.0	0.0	0.0	0.0	-0.6692	-0.917	-0.5243040119015213	-1	-1	7	3	7	2.8571	4	0.7391	-1	0.5	0.0	0.9183	0.0968	0.0484	0.9183	11431	3113.0	1.585	1.1667	0.4286	0.9748	7554	1511	4
BPI_Challenge_2020_DomesticDeclarations.xes.gz	1.0	0.9162	0.8	0.7	7091.0	HEU_MINER	-1	-1	-1	-1	0.8408122626126294	0.8292682926829268	0.9090909090909092	0.1857135281327888	0.190687	0.188855	0.198668	-0.129	-0.5	-1.0034	-8	-1	-1	-0.3315	-1.6744	-1	0.0	0.0	0.0	0.0	-2.2202	-2.3423	0.03073777892478786	-1	-1	1	6	7	2.0	3	1.0	-1	0.3	0.1	2.2516	0.0	0.0	-0.0	3865	3169.0	1.585	0.2	1.0	1.6431	10500	99	17
BPI_Challenge_2013_open_problems.xes.gz	0.9776	0.9246	0.8	0.7	542.0	HEU_MINER	-1	-1	-1	-1	0.9074818618678278	0.4	0.5161290322580645	0.11846828879138413	0.138568	0.134414	0.13628099999999999	0.0097	-0.3	-0.6	-4	-1	-1	0.2693	-0.1948	-1	0.0	0.0	0.0	0.0	-0.5974	-0.5829	-0.17898313454186512	-1	-1	3	3	4	3.0	5	0.7143	-1	0.5	0.0	0.9183	0.0	0.0	-0.0	496	36.0	1.585	0.6667	0.75	0.9825	819	108	3
edited_hh102_labour.xes.gz	0.0781	0.9806	0.6	0.4	7.0	IMd	-1	-1	-1	-1	0.9635233756271055	0.592156862745098	0.9520435967302452	0.03819444444444444	0.038831	0.038372	0.038276	0.175	0.3698	13.6453	218	-1	-1	0.6049	-0.1048	-1	14.311631944444358	0.697703	0.695391	0.6960430000000001	1.0566	0.7638	-0.3899588424095217	-1	-1	39	16	30	3.7333	10	0.6115	-1	0.3613	0.0561	3.5249	0.1091	0.0348	3.4194	74	17.0	3.6144	0.2712	0.2169	2.8104	18	18	18
activitylog_uci_detailed_weekends.xes.gz	0.0792	0.9998	0.9	0.9	9.0	IMd	-1	-1	-1	-1	1.0	0.6183574879227053	0.9495628782784128	0.0	0.0	0.0	0.0	0.1392	0.1002	12.4684	192	-1	-1	0.4029	-1.2446	-1	14.59631147540985	0.750894	0.746448	0.748221	1.5792	1.2436	0.31448766586507776	-1	-1	35	15	26	3.8462	11	0.6129	-1	0.3535	0.0723	3.4566	0.0792	0.0433	3.7736	80	18.0	3.5069	0.3667	0.1948	2.6248	10	10	15
3a_VARA_DE_FAMILIA_E_REGISTRO_CIVIL_DA_COMARCA_DE_OLINDA_-_TJPE.xes	0.3278	0.9871	0.6	0.6	59.0	IMd	-1	-1	-1	-1	0.9898806892341376	0.66	0.8308457711442786	0.02168021680216801	0.022403	0.022139	0.022090000000000002	0.3135	0.3682	3.5152	27	-1	-1	-0.1155	-0.4147	-1	5.2613240418118465	0.596371	0.591564	0.606771	0.2819	0.1403	-0.18817489736943468	-1	-1	7	6	8	3.25	6	0.6774	-1	0.45	0.225	2.585	0.0	0.0	-0.0	210	153.0	2.585	0.4	0.5	1.7747	232	33	12
activitylog_uci_detailed_labour.xes.gz	0.0781	0.9991	0.6	0.5	12.0	IMd	-1	-1	-1	-1	0.9993333333333334	0.5477178423236515	0.93734610123119	0.0014367816091954025	0.00146	0.001463	0.00144	0.1098	-0.1302	13.1208	227	-1	-1	0.4073	-1.5258	-1	14.732040229885065	0.696167	0.691606	0.693358	1.3479	0.9466	0.5800229851732063	-1	-1	24	16	20	4.1	13	0.5769	-1	0.5405	0.0619	3.5778	0.067	0.0324	3.875	146	25.0	3.1556	0.3667	0.1818	2.832	25	25	16
Receipt phase of an environmental permit application process (_WABO_) CoSeLoG project.xes.gz	1.0	0.6859	0.6	0.5	123.0	IMd	-1	-1	-1	-1	0.4030867474999829	0.9405940594059404	0.9741379310344828	0.7716553548832376	0.7948970000000001	0.780098	0.7939930000000001	-0.0549	-0.5	-1.297	-9	-1	-1		-2.8693	-1	0.0	0.0	0.0	0.0	-3.3415	-3.4383	0.06619876479740265	-1	-1	0	6	7	1.7143	2	1.0	-1	0.3	0.2	1.585	0.0	0.0	-0.0	123	123.0	0.9183	0.1667	1.2	1.6461	1434	116	27
ElectronicInvoicingENG.xes.gz	0.2114	0.9702	0.6	0.5	10722.0	IMd	-1	-1	-1	-1	0.9614197587336664	0.6304347826086957	0.8869047619047619	0.033517781445167136	0.034581	0.035457	0.034726	0.0897	0.0	2.4413	5	-1	-1	-0.4679	1.7566	-1	3.8899589036663103	0.693155	0.683558	0.689592	0.9896	1.0202	-0.4515762036937159	-1	-1	13	9	16	2.75	3	0.76	-1	0.2857	0.2143	2.281	0.0	0.0	-0.0	21444	21444.0	0.7642	0.2083	0.6	1.7866	20135	7	9
BPI_Challenge_2014_Inspection.xes.gz	0.2464	0.9395	0.5	0.5	2820.0	IMd	-1	-1	-1	-1	0.8448985335235483	0.6701570680628273	0.9226828132277596	0.08484348842031791	0.086172	0.085892	0.085185	0.01	-0.5	8.5998	4	-1	-1	0.0041	-1.273	-1	5.525200159824399	0.407802	0.401171	0.400065	1.5553	1.1703	0.015636990415428834	-1	-1	31	15	30	3.2667	6	0.6333	-1	0.522	0.0604	2.5968	0.0163	0.0029	3.2402	64529	1782.0	3.9069	0.3	0.2381	2.5179	5485	3190	15
BPI_Challenge_2014_Geo parcel document.xes.gz	0.3175	0.5744	0.5	0.4	2024.0	IMd	-1	-1	-1	-1	0.23553096348827604	0.7443609022556391	0.8326241134751773	0.5685117417328248	0.581663	0.571567	0.5791	0.0386	-0.1818	0.2808	-5	-1	-1	-0.028999999999999998	-1.3037	-1	0.7115576176764598	0.09346900000000001	0.09085800000000001	0.091239	-1.2211	-1.6112	-0.042913871558511715	-1	-1	18	8	18	3.0	5	0.6875	-1	0.5	0.125	2.9477	0.127	0.0622	2.6416	13155	3209.0	3.1699	0.3333	0.375	2.1282	29059	9274	16
4a_VARA_CIVEL_-_TJGO.xes	1.0	0.524	0.4	0.4	69.0	IMd	-1	-1	-1	-1	0.2035398230088496	0.96875	0.9888888888888888	0.865234375	0.993134	0.8743569999999999	0.92989	-0.3036	-1.0	-1.8125	-36	-1	-1		-3.0273	-1	0.0	0.0	0.0	0.0	-3.7352	-3.9527	0.7232982409508654	-1	-1	0	1	2	1.0	1	1.0	-1	0.0	0.0	0.0	0.0	0.0	0.0	0	0.0	0.0	-1.0	-1.0	-1.0	339	98	16
BPI_Challenge_2014_Department control parcels.xes.gz	1.0	0.7713	0.9	0.9	24048.0	IMd	-1	-1	-1	-1	0.8208348977711029	0.9047619047619048	0.9642857142857144	0.3198806510457172	0.355116	0.332795	0.346887	-0.265	-0.5	-1.6667	-4	-1	-1		-2.7373	-1	0.0	0.0	0.0	0.0	-1.7458	-2.4426	0.054310200841367916	-1	-1	0	1	2	1.0	1	1.0	-1	0.5	0.0	0.9183	0.0	0.0	-0.0	2366	2366.0	0.9183	0.3333	1.5	0.9698	29297	349	6
BPI_Challenge_2014_Entitlement application.xes.gz	1.0	0.0	0.4	0.4	0.0	IMd	-1	-1	-1	-1	0.0	0.9935064935064936	1.0	0.9999999999999979	1.0207950000000001	1.0032940000000001	1.013966	-0.0891	-0.5	-2.8758	-14	-1	-1		-3.8712	-1	0.05203839792664836	0.017447	0.017368	0.017575999999999998	-4.3935	-5.0257	0.023044588862959254	-1	-1	1	0	2	1.0	1	1.0	-1	0.0	0.0	0.0	0.0	0.0	0.0	0	0.0	0.0	-1.0	-1.0	-1.0	15260	2553	20
BPI_Challenge_2014_Control summary.xes.gz	1.0	0.9972	0.9	0.9	35659.0	IMd	-1	-1	-1	-1	0.995651586723166	0.6153846153846154	0.7419354838709677	0.0112960023807162	0.0122	0.011945	0.012115	0.0454	0.0	-0.7846	-3	-1	-1	0.2701	-1.1393	-1	0.0	0.0	0.0	0.0	-1.2163	-1.1514	-0.33052512129504275	-1	-1	5	4	8	2.25	3	0.8947	-1	0.3333	0.1667	1.0	0.0	0.0	-0.0	38138	22235.0	2.0	0.3333	1.0	1.4945	43808	59	7
DocumentProcessingENG.xes.gz	1.0	0.0	0.6	0.4	0.0	IMd	-1	-1	-1	-1	0.0	0.9523809523809524	1.0	0.9999999999999998	1.057356	1.0	1.050841	0.0	0.0	-0.1	-1	-1	-1		-0.7219	-1	0.06986394195262713	0.036245	0.034932	0.035348000000000004	-1.3315	-1.6188	0.0	-1	-1	1	0	2	1.0	1	1.0	-1	0.0	0.0	0.0	0.0	0.0	0.0	0	0.0	0.0	-1.0	-1.0	-1.0	18352	3	10
edited_hh110_labour.xes.gz	0.0761	0.9977	0.6	0.4	8.0	IMd	-1	-1	-1	-1	0.996138996138996	0.5899581589958159	0.9538677918424754	0.004316546762589928	0.004374	0.004342	0.004328	0.1702	0.3675	13.4354	220	-1	-1	0.583	0.6926	-1	14.575539568345206	0.734354	0.731362	0.7320840000000001	1.318	1.0315	-0.2364657668015958	-1	-1	27	16	21	4.0952	13	0.5926	-1	0.4029	0.0437	3.5	0.1096	0.0251	3.5778	126	16.0	3.0306	0.3167	0.2105	2.8939999999999997	21	21	17
BPI_Challenge_2012.xes.gz	0.5195	0.4734	0.5	0.5	3856.0	IMd	-1	-1	-1	-1	0.6957449145141466	0.8714285714285714	0.9318181818181818	0.6190465293668963	0.631479	0.62295	0.628729	0.0954	-0.1333	2.5978	-8	-1	-1	0.0717	-1.506	-1	0.9871434019832191	0.146233	0.145572	0.145425	-2.2775	-2.1858	-0.011567759559336806	-1	-1	12	7	13	3.0769	6	0.6667	-1	0.5667	0.1	2.1281	0.2195	0.0564	2.5216	4941	2213.0	2.8074	0.3571	0.4667	1.8379	13087	4366	24
edited_hh104_weekends.xes.gz	0.0601	0.9999	0.6	0.6	10.0	IMd	-1	-1	-1	-1	1.0	0.4752186588921283	0.9479601670414392	0.0	0.0	0.0	0.0	0.15	0.3506	16.3516	326	-1	-1	0.7458	-0.0201	-1	15.415509259258958	0.649792	0.6480100000000001	0.648663	1.3042	0.8232	-0.1540279983652381	-1	-1	15	19	13	5.2308	14	0.5281	-1	0.2558	0.0458	3.9058	0.0501	0.0187	4.0588	200	40.0	3.5724	0.4869	0.1208	3.0879	18	18	19
BPI_Challenge_2020_InternationalDeclarations.xes.gz	1.0	0.8424	0.4	0.5	1993.0	IMd	-1	-1	-1	-1	0.7356426830766227	0.9289340101522844	0.9679358717434868	0.35341159512688713	0.359955	0.35454	0.358641	-0.0287	-0.5	-1.3901	-20	-1	-1	-0.4867	-2.2369	-1	0.0	0.0	0.0	0.0	-3.6285	-3.7289	0.031963721622327336	-1	-1	2	12	13	2.1538	3	0.9309999999999999	-1	0.3545	0.1273	2.9183	0.0926	0.0	1.0409	1991	1680.0	1.614	0.0909	1.0	2.1686	6449	753	34
Hospital Billing - Event Log.xes.gz	1.0	0.7709999999999999	0.6	0.5	20902.0	IMd	-1	-1	-1	-1	0.5164672919644132	0.9655172413793104	0.9892008639308856	0.4801702228264088	0.490674	0.48238000000000003	0.49593999999999994	-0.1279	-1.0	-2.1931	-13	-1	-1		-3.464	-1	0.0	0.0	0.0	0.0	-4.3549	-4.4861	0.02990982020106108	-1	-1	0	5	6	1.6667	2	1.0	-1	0.0	0.0	0.0	0.0	0.0	0.0	0	0.0	0.0	-1.0	-1.0	-1.0	100000	1020	18
BPI_Challenge_2019_log_IEEE.xes.gz	1.0	0.7702	0.5	0.5	92467.0	IMd	-1	-1	-1	-1	0.6907319658517943	0.98	0.9953371592539456	0.4778953412586567	0.48628299999999997	0.47883000000000003	0.482832	-0.0921	-1.0	-4.276	-41	-1	-1	-0.1913	-3.1276	-1	0.0	0.0	0.0	0.0	-5.5924	-5.4579	0.034401267247346594	-1	-1	1	6	8	2.0	3	0.8824	-1	0.3	0.1	1.4591	0.1666	0.1127	2.2516	72194	59980.0	2.2516	0.3	0.6667	1.7194	251734	11973	42
BPI_Challenge_2014_Reference alignment.xes.gz	1.0	0.9818	0.9	0.9	34987.0	IMd	-1	-1	-1	-1	0.9740768772327494	0.75	0.8444444444444444	0.084742598441122	0.09396499999999999	0.08807100000000001	0.091284	0.1176	-0.5	-1.0625	-3	-1	-1	0.2326	-1.9528	-1	0.0	0.0	0.0	0.0	-1.124	-1.5862	-0.3106950402611304	-1	-1	5	3	7	2.2857	3	0.8824	-1	0.5	0.0	0.9183	0.0	0.0	-0.0	9095	9095.0	1.585	0.5	1.0	0.9698	43802	515	6
BPI_Challenge_2020_PermitLog.xes.gz	0.2304	0.7681	0.6	0.5	1675.0	IMd	-1	-1	-1	-1	0.4899379596418206	0.783206106870229	0.9106657608695652	0.4355690047469956	0.44324600000000003	0.436069	0.43844099999999997	-0.0003	-0.5	3.9205	-6	-1	-1	0.2116	1.2449	-1	4.619419965119388	0.220727	0.21887199999999998	0.219097	-1.1769	-1.1012	-0.0019590948618330123	-1	-1	22	23	24	3.8333	8	0.6	-1	0.6975	0.0833	3.6733	0.1906	0.0204	2.5773	1898	449.0	4.2937	0.0733	0.5682	3.1547	7065	1478	51
BPI_Challenge_2020_PrepaidTravelCost.xes.gz	0.9859	0.8583	0.6	0.4	437.0	IMd	-1	-1	-1	-1	0.7156441172311483	0.9096385542168676	0.9510086455331412	0.3267408097299071	0.33375900000000003	0.327509	0.331926	-0.0306	-0.5	-0.8348	-11	-1	-1	-0.1355	-1.3015	-1	0.009258751985974908	0.003156	0.003105	0.003105	-3.0846	-3.3007	0.01972749211043362	-1	-1	1	12	11	2.3636	4	0.8571	-1	0.2727	0.0818	3.0221	0.0	0.0	-0.0	216	126.0	1.9591	0.0985	0.9231	2.3397	2099	202	29
Road_Traffic_Fine_Management_Process.xes.gz	1.0	0.5105	0.5	0.6	46371.0	IMd	-1	-1	-1	-1	0.3105568697741302	0.9718309859154929	0.9905660377358492	0.8337880919728565	0.8936120000000001	0.838799	0.8650530000000001	-0.1162	-0.5	-1.9859	-6	-1	-1		-3.2124	-1	0.0	0.0	0.0	0.0	-3.642	-3.9798	0.02299958385995744	-1	-1	0	2	3	1.3333	2	1.0	-1	0.0	0.0	-0.0	0.0	0.0	-0.0	46371	23185.5	-0.0	0.5	2.0	1.0	150370	231	11
BPI_Challenge_2013_incidents.xes.gz	0.9804	0.8305	0.4	0.6	2578.0	IMd	-1	-1	-1	-1	0.6767571316376471	0.5714285714285714	0.7234042553191491	0.4168218024231696	0.474008	0.44656899999999994	0.45762299999999995	0.0016	0.1667	-1.0989	-6	-1	-1	-0.3153	-0.8492	-1	0.2305368205816828	0.02231	0.021087	0.021352	-0.5227	-0.8659	-0.07749308478544784	-1	-1	6	3	7	2.5714	3	0.8	-1	0.5	0.0	0.9183	0.0	0.0	-0.0	4856	824.0	1.585	0.6667	0.75	0.9975	7554	1511	4
BPI_Challenge_2020_DomesticDeclarations.xes.gz	1.0	0.8592	0.5	0.6	2473.0	IMd	-1	-1	-1	-1	0.6712786713499015	0.8536585365853658	0.9318181818181818	0.3670962153753689	0.377373	0.37061900000000003	0.385848	-0.129	-0.5	-1.1463	-9	-1	-1		-2.5375	-1	0.0	0.0	0.0	0.0	-2.3254	-2.5807	0.03073777892478786	-1	-1	0	6	7	1.7143	2	1.0	-1	0.3333	0.25	1.5219	0.0	0.0	-0.0	4618	4618.0	0.971	0.2	1.25	1.3486	10500	99	17
Sepsis Cases - Event Log.xes.gz	0.3733	0.8477	0.4	0.5	476.0	IMd	-1	-1	-1	-1	0.8950851880004236	0.547244094488189	0.8957307060755336	0.11772052057315645	0.121305	0.11798199999999999	0.118244	-0.0088	-0.3333	10.0267	191	-1	-1	0.1487	-1.7709	-1	19.04502431970536	0.426691	0.42073999999999995	0.42905	1.0438	1.0222	0.1253072040154301	-1	-1	18	16	20	3.8	7	0.551	-1	0.3119	0.1131	3.875	0.0346	0.0226	3.75	1728	373.0	4.0	0.4458	0.1495	2.978	1050	846	16
BPI_Challenge_2013_open_problems.xes.gz	0.9997	0.7245	0.6	0.4	228.0	IMd	-1	-1	-1	-1	0.5155072278505866	0.6	0.7741935483870968	0.5384922217790187	0.602176	0.595914	0.6170720000000001	-0.026000000000000002	0.0	-1.35	-5	-1	-1	0.4503	-0.4464	-1	0.0	0.0	0.0	0.0	-0.9602	-0.9632	-0.284126661976216	-1	-1	2	2	4	2.0	3	1.0	-1	0.0	0.0	-0.0	0.0	0.0	-0.0	216	0.0	1.585	0.3333	1.5	0.993	819	108	3
VITORIA_-_5a_VARA_CIVEL_-_TJES.xes	0.8603	-1.0	-1.0	-1.0	206.0	ETM	-1	-1	-1	-1	0.5128236060075506	0.9172185430463576	0.9523809523809524	0.4379152517348324	0.443779	0.439887	0.4421	0.0242	-0.1667	-1.5130000000000001	-22	-1	-1	0.2813	-1.1391	-1	0.015207441311088143	0.0007599999999999999	0.0007599999999999999	0.000762	-3.3676	-3.5513	-0.5069177636775333	-1	-1	13	66	72	2.1944	3	0.9152	-1	0.3599	0.0106	4.3898	0.0259	0.0067	4.3719	2280	10.5	4.5464	0.1718	0.1493	4.1653	206	206	42
activitylog_uci_detailed_weekends.xes.gz	0.9773	0.6447	-1.0	-1.0	10.0	ETM	-1	-1	-1	-1	0.36377746565005226	0.5365853658536586	0.7317073170731707	0.4979508196721305	0.50425	0.50522	0.510502	-0.0019	0.2222	-0.4841	-5	-1	-1	0.4369	-0.6162	-1	0.21926229508196726	0.050831	0.050773	0.050711	-1.0265	-0.9087	0.12637565223783107	-1	-1	6	61	66	2.0606	3	0.9568	-1	0.4089	0.0737	3.4566	0.078	0.0457	3.7736	88	20.0	3.6402	0.3714	0.1923	2.5841	10	10	15
3a_VARA_DE_FAMILIA_E_REGISTRO_CIVIL_DA_COMARCA_DE_OLINDA_-_TJPE.xes	0.8923	0.9584	-1.0	-1.0	232.0	ETM	-1	-1	-1	-1	0.9602834577991084	0.6285714285714286	0.676923076923077	0.05652342237708088	0.059134000000000006	0.057923	0.057837	0.1884	0.3	-0.1363	-2	-1	-1	0.3126	-0.9825	-1	0.04529616724738676	0.009184000000000001	0.009348	0.009081	-1.2897	-1.5814	-1.43536700606163	-1	-1	7	13	15	2.6667	4	0.7778	-1	0.4121	0.0712	3.2516	0.0635	0.0192	2.6887	440	183.0	3.4183	0.2576	0.3529	2.5372	232	33	12
activitylog_uci_detailed_labour.xes.gz	0.9905	0.6019	-1.0	-1.0	25.0	ETM	-1	-1	-1	-1	0.5511764269915699	0.5727272727272728	0.7112970711297071	0.32040229885057475	0.324384	0.323869	0.326138	0.0175	0.0	-0.4617	-4	-1	-1	0.2663	-0.424	-1	0.1257183908045977	0.044364999999999995	0.04385	0.043682	-1.0437	-1.2697	-0.06111976255827864	-1	-1	10	94	100	2.24	11	0.8361	-1	0.3056	0.1063	4.0	0.0395	0.0278	4.0	270	51.0	3.875	0.4542	0.1468	2.7288	25	25	16
4a_VARA_DE_SUCESSOES_E_REGISTROS_PUBLICOS_DA_CAPITAL_-_TJPE.xes	0.8311	0.5128	-1.0	-1.0	36.0	ETM	-1	-1	-1	-1	0.6342574784003225	0.6239316239316239	0.7534722222222222	0.2703830109973453	0.274634	0.273077	0.274778	-0.0371	0.0	-0.6891	-6	-1	-1	0.0207	-0.8646	-1	0.018581721653394008	0.004096	0.004084	0.004081	-1.1943	-1.382	0.1237808334254034	-1	-1	17	132	139	2.1439	3	0.9351	-1	0.5977	0.0412	3.7442	0.0237	0.0094	3.9161	611	33.0	4.3923	0.2738	0.1826	3.3178	36	36	21
ElectronicInvoicingENG.xes.gz	0.945	0.9352	-1.0	-1.0	20135.0	ETM	-1	-1	-1	-1	0.8959319953218896	0.10526315789473684	0.3333333333333333	0.06089052842766074	0.063289	0.064309	0.068246	0.0203	0.1667	-0.0279	0	-1	-1	0.1271	-0.1723	-1	0.12819467365627935	0.0543	0.05365399999999999	0.053975999999999996	-0.2198	-0.3703	-0.5762457713620202	-1	-1	4	17	19	2.2105	3	0.9091	-1	0.3036	0.125	2.9477	0.0	0.0	-0.0	45374	37058.0	2.5033	0.25	0.5	1.7924	20135	7	9
BPI_Challenge_2014_Inspection.xes.gz	0.9975	-1.0	-1.0	-1.0	5485.0	ETM	-1	-1	-1	-1	0.6139654463146232	0.7647058823529411	0.8900523560209425	0.2605390532933437	0.266829	0.264481	0.265768	-0.0327	-0.5	-1.4963	-6	-1	-1	-0.1021	-2.1635	-1	0.0	0.0	0.0	0.0	-1.4537	-2.1297	0.011425157785152924	-1	-1	3	28	30	2.0667	3	0.9683	-1	0.5769	0.0659	2.8729	0.0163	0.0029	3.4566	124193	3632.0	3.9069	0.319	0.2239	2.5799	5485	3190	15
BPI_Challenge_2014_Geo parcel document.xes.gz	0.6923	0.821	-1.0	-1.0	29059.0	ETM	-1	-1	-1	-1	0.6958975602054736	0.8536585365853658	0.9163879598662208	0.3125811433058855	0.318081	0.314672	0.317286	0.0751	0.0	-1.9051	-8	-1	-1	0.0035	-1.6059	-1	0.06440867941300997	0.028248000000000002	0.027299	0.027558999999999997	-2.2523	-2.6807	-0.09708830386109947	-1	-1	25	8	31	3.2258	11	0.4706	-1	0.3421	0.0897	3.875	0.0177	0.0025	3.5	140472	5657.0	4.0	0.5042	0.1322	2.8819	29059	9274	16
4a_VARA_CIVEL_-_TJGO.xes	0.8239	0.9257	-1.0	-1.0	339.0	ETM	-1	-1	-1	-1	0.7321147633094535	0.6022727272727273	0.7927927927927928	0.2333984375	0.264129	0.235342	0.239429	-0.0592	-0.5529	5.4926	18	-1	-1	0.1637	-0.3136	-1	12.0595703125	0.41072	0.3887	0.39300999999999997	-0.7182	-0.258	0.4242514027202393	-1	-1	30	13	32	4.4375	16	0.3589	-1	0.6032	0.077	3.75	0.0978	0.0363	3.3278	202	7.0	3.875	0.2583	0.2581	2.9119	339	98	16
BPI_Challenge_2014_Department control parcels.xes.gz	0.4675	0.9889	-1.0	-1.0	29297.0	ETM	-1	-1	-1	-1	0.9937391488222626	0.5	0.5909090909090909	0.008470381944935447	0.008891	0.008806	0.008858	0.1075	0.0	0.4166	3	-1	-1	-0.1471	-0.3819	-1	2.107597890181993	0.22908499999999998	0.216144	0.214511	-0.4221	-0.6729999999999999	-0.08425617674411852	-1	-1	6	5	9	2.6667	4	0.7143	-1	0.25	0.05	1.7925	0.0473	0.018000000000000002	2.2516	8982	1565.0	2.585	0.6333	0.3158	1.9579	29297	349	6
BPI_Challenge_2014_Entitlement application.xes.gz	0.8283	0.9246	-1.0	-1.0	15260.0	ETM	-1	-1	-1	-1	0.9243735614113614	0.8366013071895425	0.9270315091210614	0.1202168834933246	0.12191199999999999	0.121048	0.12171099999999999	0.0555	0.0	-1.7158	-9	-1	-1	0.0637	-1.2565	-1	0.2815597878906717	0.030118000000000002	0.029867	0.029882	-2.3023	-2.6035	-0.0920403146972646	-1	-1	44	22	60	3.5333	11	0.4228	-1	0.5283	0.0504	3.7414	0.0102	0.0008	4.2219	79058	725.5	4.3219	0.4	0.1316	3.2111	15260	2553	20
VARA_DA_FAZENDA_PUBLICA_DA_COMARCA_DE_PAULISTA_-_TJPE.xes	0.9775	0.6096	-1.0	-1.0	116.0	ETM	-1	-1	-1	-1	0.6170972471576118	0.782258064516129	0.8847457627118644	0.410071942446044	0.416584	0.41370200000000007	0.417497	-0.0594	0.0	-0.8492	-13	-1	-1	0.479	-0.9352	-1	0.11151079136690648	0.008611	0.008589	0.008597	-1.8808	-2.0567	0.2927872842127214	-1	-1	11	60	65	2.4308	11	0.7556	-1	0.7407	0.0032	3.1966	0.0388	0.0064	2.8560000000000003	1109	50.0	4.1558	0.1441	0.2479	3.7358	116	112	29
BPI_Challenge_2014_Control summary.xes.gz	0.6471	0.9972	-1.0	-1.0	43808.0	ETM	-1	-1	-1	-1	0.9956714427396436	0.5625	0.6904761904761905	0.010056046027179844	0.012742	0.010686	0.011054999999999999	-0.0168	-0.0833	0.0154	-1	-1	-1	0.1242	-0.7002	-1	0.65262622755679	0.203532	0.209092	0.20745300000000003	-0.1631	-0.3428	0.11637346453047655	-1	-1	10	6	13	3.6923	11	0.4328	-1	0.2667	0.1667	2.1281	0.0091	0.0007	1.8424	43808	12002.0	2.8074	0.2857	0.5833	1.943	43808	59	7
DocumentProcessingENG.xes.gz	0.9085	0.8905	-1.0	-1.0	18352.0	ETM	-1	-1	-1	-1	0.8288117083743499	0.09523809523809523	0.3448275862068966	0.05231039812396738	0.054015999999999995	0.05231	0.057732000000000006	0.1083	0.5	0.2	0	-1	-1	0.6579	0.7148	-1	0.20519106752651492	0.104109	0.107216	0.10949300000000001	0.3702	-0.0013	-1.0393190438860271	-1	-1	4	18	20	2.2	3	0.9129999999999999	-1	0.1944	0.125	2.7219	0.0	0.0	-0.0	36704	27158.0	2.1219	0.2111	0.5263	2.0742	18352	3	10
BPI_Challenge_2012.xes.gz						ETM	-1	-1	-1	-1	0.0	0.9935064935064936	1.0	1.0000000000000009	1.02701	1.005884	1.017211	-0.1157	-0.5	-1.5736	-12	-1	-1	-0.0884	-2.0865	-1	0.04991228070175439	0.025391	0.024975	0.025716000000000003	-2.3538	-2.5508	0.16009189088796769	-1	-1	0	34	33	2.0606	3	0.971	-1	0.5494	0.0415	3.0027	0.0485	0.0061	4.1683	52911	5064.0	4.3035	0.2264	0.192	3.0731	13087	4366	24
1a_VARA_DE_FEITOS_TRIBUTARIOS_DO_ESTADO_-_TJMG.xes	0.9659	0.5713	-1.0	-1.0	28.0	ETM	-1	-1	-1	-1	0.5451449538786158	0.8031088082901554	0.8722109533468559	0.4313408723747988	0.436612	0.43431800000000004	0.435619	0.024	-0.5	-0.8335	-8	-1	-1	0.0992	-0.9027	-1	0.01655896607431341	0.001772	0.001772	0.001772	-2.234	-2.2438	-0.09136059031938792	-1	-1	10	111	122	2.1311	11	0.8773	-1	0.3477	0.0385	4.5821	0.0416	0.0122	4.2542	490	8.0	3.9783	0.1798	0.1986	3.667	28	28	32
edited_hh104_weekends.xes.gz	0.98	0.6019	-1.0	-1.0	18.0	ETM	-1	-1	-1	-1	0.4257902966127077	0.6923076923076923	0.7863501483679525	0.4571759259259263	0.464262	0.45975600000000005	0.466034	0.0115	0.1667	-0.3345	-8	-1	-1	0.4205	0.6572	-1	0.1296296296296296	0.045384	0.051713999999999996	0.045244	-1.3246	-1.5843	-0.20364240240351603	-1	-1	2	126	124	2.0645	3	0.9692	-1	0.2161	0.0341	3.8269	0.0276	0.0144	4.1427	382	64.0	4.1427	0.5234	0.1061	3.1256	18	18	19
1a_VARA_CRIMINAL_DA_CAPITAL_-_TJAM.xes	0.9956	0.5635	-1.0	-1.0	131.0	ETM	-1	-1	-1	-1	0.4576109308514597	0.8759999999999999	0.9441624365482234	0.547832449240899	0.556918	0.549593	0.5548960000000001	-0.0993	-0.8	-1.5427	-31	-1	-1	0.0272	-1.4491	-1	0.017559904883848544	0.0037229999999999997	0.0037090000000000005	0.00371	-2.6089	-2.9656	0.06138862969073401	-1	-1	10	54	59	2.4407	11	0.7455	-1	0.2382	0.0265	4.6782	0.0191	0.0037	4.0688	2574	16.0	4.6255	0.1757	0.1538	4.205	131	128	38
BPI_Challenge_2020_InternationalDeclarations.xes.gz	0.6348	0.8511	-1.0	-1.0	6449.0	ETM	-1	-1	-1	-1	0.6569757530976564	0.7952380952380952	0.8904593639575972	0.3839032030048107	0.38960700000000004	0.385083	0.389527	-0.0122	-0.2667	-0.2294	-18	-1	-1	0.3902	-0.4663	-1	0.5996174689193499	0.06679199999999999	0.06667200000000001	0.066733	-2.129	-1.8758	-7.55230728383976e-05	-1	-1	24	25	39	3.7436	11	0.4314	-1	0.4438	0.0414	4.5095	0.0222	0.0042	4.83	8099	537.5	5.0875	0.1747	0.1735	3.6021	6449	753	34
3a_VARA_DE_FEITOS_TRIBUTARIOS_DO_ESTADO_-_TJMG.xes	0.9877	0.5469	-1.0	-1.0	35.0	ETM	-1	-1	-1	-1	0.4001969479698933	0.7916666666666666	0.8901830282861897	0.5503116651825475	0.5572819999999999	0.5531159999999999	0.555218	-0.0296	0.0	-1.2315	-13	-1	-1	0.2357	-1.2837	-1	0.07212822796081922	0.01201	0.011987000000000001	0.012	-2.0796	-2.0287	0.050038632554531344	-1	-1	5	106	106	2.0943	3	0.9559	-1	0.3878	0.033	4.3232	0.0359	0.0152	4.2542	383	16.0	4.2802	0.2143	0.1667	3.591	35	35	30
VARA_DE_SUCESSOES_DE_CAMPINA_GRANDE_-_TJPB.xes	0.9672	0.6063	-1.0	-1.0	25.0	ETM	-1	-1	-1	-1	0.4171121700862862	0.7928994082840237	0.8674418604651163	0.5343609505459234	0.541246	0.537326	0.5405270000000001	0.0011	0.0	-0.8413	-9	-1	-1	0.0721	-0.9817	-1	0.050738599871547836	0.007821	0.0077930000000000004	0.007801000000000001	-1.9679	-2.1066	0.07951533391785613	-1	-1	12	77	88	2.2273	11	0.8233	-1	0.2681	0.061	4.5639	0.0288	0.0172	4.1639	395	26.0	4.0195	0.2783	0.1497	3.4075	25	25	25
Hospital Billing - Event Log.xes.gz	0.5305	0.9322	-1.0	-1.0	100000.0	ETM	-1	-1	-1	-1	0.9113970942921884	0.7976190476190477	0.8942976356050071	0.08819121359756145	0.08985499999999999	0.089028	0.089272	-0.005	-0.6987	2.6315	15	-1	-1	0.0692	-0.5081	-1	6.909434025989385	0.29630500000000004	0.29186100000000004	0.295247	-1.7348	-1.4140000000000001	-0.038835310512156516	-1	-1	26	10	27	4.1481	16	0.3913	-1	0.5037	0.0928	3.8366	0.0085	0.0013	4.1699	78882	2492.0	4.1699	0.4673	0.1259	3.0597	100000	1020	18
BPI_Challenge_2019_log_IEEE.xes.gz	0.9831	0.7561	-1.0	-1.0	251734.0	ETM	-1	-1	-1	-1	0.64945370771368	0.9740000000000001	0.9939068100358422	0.5229997285392838	0.5320090000000001	0.523975	0.528223	-0.0921	-1.0	-4.1145	-40	-1	-1	-0.1897	-3.0281	-1	0.02366712160314444	0.001189	0.001188	0.001188	-5.2686	-5.3191	0.034401267247346594	-1	-1	2	7	10	2.0	3	0.9048	-1	0.3355	0.0396	4.9934	0.0078	0.0005	5.2495	291321	1628.0	5.1542	0.2892	0.0843	4.1452	251734	11973	42
BPI_Challenge_2014_Reference alignment.xes.gz	0.62	0.9762	-1.0	-1.0	43802.0	ETM	-1	-1	-1	-1	0.9857276387115352	0.5909090909090909	0.7536231884057971	0.013924109712649938	0.016759	0.014828999999999998	0.014634000000000001	0.0114	-0.5	-0.0792	0	-1	-1	-0.0458	-0.6199	-1	0.9431367363131444	0.28871199999999997	0.272409	0.277876	-0.0322	-0.2563	-0.15869645229691176	-1	-1	17	6	20	3.9	11	0.3805	-1	0.4	0.25	1.9183	0.0137	0.0048	2.2516	43802	8433.0	2.585	0.5	0.4	1.9738	43802	515	6
BPI_Challenge_2020_PermitLog.xes.gz	0.8139	0.7418	-1.0	-1.0	7065.0	ETM	-1	-1	-1	-1	0.5212001623984261	0.9175627240143368	0.9641754169240272	0.5245954655178341	0.532459	0.5254939999999999	0.528313	0.0349	-0.5	-0.6285	-22	-1	-1	0.1433	-0.5335	-1	0.21913583811690784	0.029449	0.029373000000000003	0.029387	-3.4619999999999997	-3.5754	-0.1758470637190174	-1	-1	28	22	44	3.4091	11	0.4563	-1	0.1869	0.0264	5.0738	0.0092	0.0016	5.4763	7574	221.0	5.5548	0.2169	0.0922	4.101	7065	1478	51
BPI_Challenge_2020_PrepaidTravelCost.xes.gz	0.6796	0.9142	-1.0	-1.0	2099.0	ETM	-1	-1	-1	-1	0.8379915553450392	0.8777777777777778	0.9216710182767625	0.19109187530816893	0.19481800000000002	0.191833	0.1944	-0.0306	-0.5	-0.2199	-9	-1	-1	0.0331	-0.3505	-1	0.5377746123924835	0.053424	0.053007000000000006	0.053158000000000004	-2.1651	-2.3315	0.01972749211043362	-1	-1	16	16	26	3.6923	11	0.4328	-1	0.3958	0.0533	3.8742	0.0118	0.0039	4.5561	2279	158.0	4.72	0.2007	0.1779	3.4342	2099	202	29
COLOMBO_-_VARA_DA_FAZENDA_PUBLICA_-_TJPR.xes	0.9136	0.7809	-1.0	-1.0	513.0	ETM	-1	-1	-1	-1	0.7244882020099296	0.7741935483870968	0.875	0.28828828828828834	0.29396	0.290478	0.294072	-0.01	0.0	-0.8452	-10	-1	-1	0.3926	-0.8171	-1	0.12443693693693696	0.026869	0.026725	0.026680000000000002	-2.1904	-2.2443	-0.16669749209761145	-1	-1	20	28	43	2.6512	11	0.6642	-1	0.43	0.0458	3.6691	0.0192	0.0063	4.0188	3997	154.0	4.3168	0.2411	0.1885	3.4201	513	395	23
Road_Traffic_Fine_Management_Process.xes.gz	0.8264	0.8706	-1.0	-1.0	150370.0	ETM	-1	-1	-1	-1	0.5851857818105662	0.8108108108108109	0.8771929824561403	0.2652572710919544	0.280914	0.272539	0.27498	0.0089	-0.1	-0.3977	-4	-1	-1	0.2209	-1.0287	-1	0.20533243094021053	0.030565	0.030032999999999997	0.029994	-2.0983	-2.1171	-0.0078050331286902705	-1	-1	6	8	10	2.8	4	0.75	-1	0.3	0.0667	2.5503	0.0333	0.0045	3.0958	150370	4188.0	3.2776	0.6364	0.1571	2.3445	150370	231	11
2A._VARA_DE_EXECUTIVO_FISCAL_JOAO_PESSOA_-_TJPB.xes	0.9656	0.5378	-1.0	-1.0	229.0	ETM	-1	-1	-1	-1	0.2773375032779073	0.8609865470852018	0.9482758620689656	0.6436517746777276	0.652207	0.646255	0.650468	-0.0811	-0.5	-2.3697	-35	-1	-1	-0.1062	-1.985	-1	0.011478015186297015	0.002634	0.0026219999999999998	0.002624	-2.845	-2.6755	0.29657924241519423	-1	-1	8	51	53	2.5283	11	0.7179	-1	0.3861	0.0543	4.2534	0.0505	0.0189	3.8788	929	72.5	4.3213	0.2923	0.1267	3.471	229	227	28
JUIZO_DA_1a_ESCRIVANIA_CRIMINAL_DE_ARAPOEMA_-_TJTO.xes	0.8301	0.4672	-1.0	-1.0	43.0	ETM	-1	-1	-1	-1	0.2505236027076787	0.8905660377358491	0.9494640122511484	0.7917232021709714	0.7983680000000001	0.7956	0.7986300000000001	-0.0381	-0.5	-1.166	-13	-1	-1	-0.0805	-1.4134	-1	0.021031207598371782	0.00569	0.00564	0.005640999999999999	-2.7979	-3.0933	0.4557117817910888	-1	-1	11	30	38	2.5789	11	0.6752	-1	0.2809	0.0119	4.8145	0.0463	0.0182	4.3713	161	13.0	4.1562	0.1768	0.1489	3.8181	43	41	39
BPI_Challenge_2013_incidents.xes.gz						ETM	-1	-1	-1	-1	0.0	0.9722222222222222	1.0	1.0	1.106974	1.081302	1.102791	-0.2671	-0.1667	-0.4263	5	-1	-1	0.0504	-0.3964	-1	1.61375774407178	0.08293400000000001	0.071437	0.070741	0.7229	0.4875	0.142558225794835	-1	-1	14	10	17	3.7647	11	0.4713	-1	0.8333	0.3333	1.5	0.0547	0.0276	1.0	40109	8932.5	2.0	0.9167	0.3636	1.5554	7554	1511	4
5a_VARA_CIVEL_-_TJMT.xes	0.963	0.4877	-1.0	-1.0	29.0	ETM	-1	-1	-1	-1	0.2357529569215684	0.8210526315789474	0.8969957081545065	0.6575591985428051	0.663996	0.6620560000000001	0.665667	0.0299	0.0	-0.7091	-9	-1	-1	0.2216	-0.8340000000000001	-1	0.25227686703096536	0.031777	0.031673	0.03168	-2.1854	-2.1941	-0.08010036452151653	-1	-1	15	60	66	2.5152	11	0.7382	-1	0.4127	0.0183	4.257	0.0456	0.0191	4.4004	245	11.0	4.064	0.1563	0.1882	3.8768	29	29	35
BPI Challenge 2017.xes.gz	0.9033	-1.0	-1.0	-1.0	31509.0	ETM	-1	-1	-1	-1	0.7442032029705863	0.8131868131868132	0.9151103565365024	0.3584453370174849	0.361566	0.361458	0.362335	0.0669	0.1667	-1.4826	-9	-1	-1	0.2845	-1.3091	-1	0.1392868638996163	0.023366	0.023331	0.023344	-2.4496	-2.3159	-0.6682878283102005	-1	-1	27	29	51	2.6275	11	0.6646	-1	0.5217	0.0392	3.7138	0.0322	0.0031	4.6235	196834	27333.0	4.4697	0.2738	0.1461	3.2185	31509	15930	26
BPI_Challenge_2020_DomesticDeclarations.xes.gz	0.7056	0.9663	-1.0	-1.0	10500.0	ETM	-1	-1	-1	-1	0.92851441944914	0.6607142857142857	0.8442211055276382	0.05463930282300116	0.056247000000000005	0.055485	0.056186	-0.0801	-0.2778	2.0302	5	-1	-1	0.3465	0.2932	-1	2.181064503013912	0.198211	0.188899	0.192476	-0.7589	-0.4042	0.0010998250002935126	-1	-1	27	12	32	3.9375	11	0.3923	-1	0.8583	0.0542	3.2869	0.0612	0.0051	3.3816	11531	289.0	3.8078	0.1434	0.4359	2.9261	10500	99	17
Sepsis Cases - Event Log.xes.gz	0.8582	0.7753	-1.0	-1.0	1050.0	ETM	-1	-1	-1	-1	0.6288237811307559	0.6638655462184874	0.8073022312373225	0.3308794531352701	0.336505	0.33259	0.335925	-0.0472	-0.5	-1.3394	-10	-1	-1	0.1126	-0.8685	-1	0.3231891678716972	0.026393	0.026149000000000002	0.02621	-1.6603	-1.4639	-0.17867663380415302	-1	-1	62	24	77	3.7143	11	0.3985	-1	0.3849	0.1377	3.5778	0.0334	0.0238	3.5778	3339	738.5	4.0	0.4792	0.1391	2.9654	1050	846	16
BPI_Challenge_2013_open_problems.xes.gz						ETM	-1	-1	-1	-1	0.0	0.9743589743589745	1.0	1.0	1.1675389999999999	1.098443	1.207178	-0.04	-0.3214	2.4333	21	-1	-1	0.3061	-0.2515	-1	9.473873155165538	0.300168	0.257457	0.35172800000000004	1.1374	1.1725	0.5951717833552765	-1	-1	31	11	31	4.2581	11	0.3822	-1	1.0	0.0	0.9183	0.0	0.0	-0.0	1211	290.0	1.585	1.0	0.5	0.9706	819	108	3
