EVENT_LOG	DISCOVERY_ALG	PRECISION	FITNESS	ALIGNMENTS_MARKOV	ABS_EDGES_ONLY_IN_LOG	ABS_EDGES_ONLY_IN_LOG_W	ABS_EDGES_ONLY_IN_LOG_BTW	ABS_EDGES_ONLY_IN_LOG_BTW_NORM	ABS_EDGES_ONLY_IN_LOG_CC	ABS_EDGES_ONLY_IN_MODEL	ABS_EDGES_ONLY_IN_MODEL_W	ABS_MAX_DEGREE	ABS_MAX_DEGREE_DIV	ABS_MAX_CLUSTER	ABS_MAX_CLUSTER_DIV	ABS_DEGREE_ENTROPY	ABS_DEGREE_ENTROPY_DIV	ABS_LINK_DENSITY_DIV	ABS_LOG_MAX_DEGREE	ABS_LOG_DEGREE_ENTROPY	ABS_LOG_LINK_DENSITY	ABS_MODEL_MAX_DEGREE	ABS_MODEL_DEGREE_ENTROPY	ABS_MODEL_LINK_DENSITY	ABS_MEAN_DEGREE	ABS_MEAN_DEGREE_DIV	ABS_NODE_LINK_RATIO	ABS_NODE_LINK_RATIO_DIV	ABS_LINK_DENSITY	ABS_MEAN_CLUST	ABS_MEAN_CLUST_DIV	ABS_MAX_BTW	ABS_MAX_BTW_DIV	ABS_MEAN_BTW	ABS_MEAN_BTW_DIV	ABS_BTW_ENTROPY	ABS_BTW_ENTROPY_DIV	ABS_BTW_ENTROPY_NORM	ABS_BTW_ENTROPY_NORM_DIV	ABS_DFT_ENTROPY	ABS_DFT_ENTROPY_DIV	ABS_CC_ENTROPY	ABS_CC_ENTROPY_DIV	ABS_CC_ENTROPY_NORM	ABS_DEGREE_ASSORT	ABS_DEGREE_ASSORT_DIV	LOG_EVENTS	LOG_EVENTS_TYPES	LOG_SEQS	LOG_UNIQUE_SEQS	LOG_PERC_UNIQUE_SEQS	LOG_AVG_SEQS_LENGTH	LOG_AVG_EDIT_DIST	variant_entropy	variant_entropy_norm	sequence_entropy	sequence_entropy_norm	PN_SILENT_TRANS	PN_PERC_SILENT_TRANS	PN_TRANS	PN_PLACES	PN_ARCS_MEAN	PN_ARCS_MAX	PN_IN_ARCS_MEAN	PN_OUT_ARCS_MEAN	PN_IN_ARCS_TRAN_MEAN	PN_OUT_ARCS_TRAN_MEAN	PN_IN_ARCS_INV_TRAN_MEAN	PN_OUT_ARCS_INV_TRAN_MEAN	PN_IN_ARCS_MAX	PN_OUT_ARCS_MAX	PN_IN_ARCS_TRAN_MAX	PN_OUT_ARCS_TRAN_MAX	PN_IN_ARCS_INV_TRAN_MAX	PN_OUT_ARCS_INV_TRAN_MAX	TIME_MARKOV	FOOTPRINT_COST_FIT_W	FOOTPRINT_COST_FIT	FOOTPRINT_COST_PRE_W	FOOTPRINT_COST_PRE	ABS_EDGES_ONLY_IN_MODEL_W_2	DIST_NODES_PERCENT	DIST_EDGES_PERCENT	ALIGNMENTS_MARKOV_2_K1	ALIGNMENTS_MARKOV_1_K1	ALIGNMENTS_MARKOV_3_K1	FITNESS_50_FREQ	FITNESS_50_RAND	FITNESS_25_FREQ	FITNESS_25_RAND	PRECISION_50_FREQ	PRECISION_50_RAND	PRECISION_25_FREQ	PRECISION_25_RAND	ABS_LOG_NODE_LINK_RATIO	ABS_LOG_MAX_CLUST_COEF	ABS_LOG_MEAN_CLUST_COEF	ABS_LOG_MAX_BTW	ABS_LOG_MEAN_BTW	ABS_LOG_BTW_ENTROPY	ABS_LOG_BTW_ENTROPY_NORM	ABS_LOG_DFT_ENTROPY	ABS_LOG_CC_ENTROPY	ABS_LOG_CC_ENTROPY_NORM	ABS_LOG_DEGREE_ASSORT	TIME_ALIGN	ALIGNMENTS_MARKOV_4_K1
Production_Data	IMf	0.3595	0.627	0.8004	0.9708	0.7633	34.8022	0.0113	0.0031	0.3588	-1.9355	0	1.0	-0.1364	0.8636	18.1577	18.1577	2.6392	34	-83.6675	0.1555	34	-65.5098	0.4104	6.6306	1.7752	-0.051	0.5637	0.2549	-0.2099	0.6906	0.39	2.8047	-0.0041	0.821	-131.8057	5.62	4.2326	5.62	-1.1448	0.7401	0	-1	0	-0.0515	1.2243	9077	55	225	221	98.2222	40.3422	52.157	38046.4987	0.5447	79181.4989	0.9598	129	0.7771	37	94	3.5745	24	1.7872	1.7872	1.0	1.0	1.0155	1.0155	16	16	1	1	2	2	6.856	0.7575	0.3817	0.5283	0.3241	0.5595	0.3214	0.7562				0.5787	0.5896	0.5519	0.6064	0.1787	0.2943	0.1657	0.2479	0.1169	1.0	0.6785	0.2161	0.0229	-28.5293	-167.3225	-514347.7073	0	0	-0.2296	36.47	0.7391
Production_Data	IMd	0.067	0.921	0.9231	0.9887	0.9031	0.0	0.0	0.0037	0.3061	-12.624	3	1.0882	0.0	1.0	-79.049	-79.049	5.3029	34	-83.6675	0.1555	37	-162.7165	0.8246	22.7797	3.6632	-0.085	0.2729	0.6691	0.2188	1.3225	-0.0148	0.9315	-0.0168	0.2664	-142.6774	6.0011	-32.0987	6.0011	-1.1089	0.7483	0	-1	0	0.0841	0.6337	9077	55	225	221	98.2222	40.3422	52.157	38046.4987	0.5447	79181.4989	0.9598	45	0.5422	38	33	5.0303	30	2.5152	2.5152	1.0	1.0	1.0	1.0	28	28	1	1	1	1	2.106	0.9026	0.7681	0.4876	0.2825	0.508	0.3036	0.7182				0.9548	0.9447	0.9273	0.9022	0.0459	0.0558	0.0454	0.0503	0.1169	1.0	0.6785	0.2161	0.0229	-28.5293	-167.3225	-514347.7073	0	0	-0.2296	6.39	0.9167
4a_VARA_DE_SUCESSOES_E_REGISTROS_PUBLICOS_DA_CAPITAL_-_TJPE	IMf	0.2203	0.8834	0.8834	0.9723	0.8765	53.0	0.1147	0.0089	0.7619	-0.3808	-4	0.6923	-0.2581	0.7419	18.2647	18.2647	2.1685	13	-22.2647	0.2641	9	-4.0	0.5727	0.1818	1.0328	-0.0057	0.9684	0.3086	0.1139	1.2172	-0.0262	0.9369	0.028	1.5109	3.5098	0.7996	16.0	0.7996	-1.1046	0.6784	0	-1	0	0.579	-1.194	2637	21	36	36	100.0	73.25	70.8444	8111.6459	0.43	20158.0393	0.9704	29	0.7436	10	24	3.25	6	1.625	1.625	1.0	1.0	1.0	1.0	4	4	1	1	1	1	0.1043	0.8731	0.3565	0.7981	0.7593	0.8116	0.5	0.6496				0.8577	0.8767	0.8554	0.9117	0.2128	0.2185	0.2857	0.1934	0.1803	1.0	0.5243	0.4151	0.0548	-17.5098	-30.0	-147202.3914	0	0	-0.2639	0.27	0.8834
4a_VARA_DE_SUCESSOES_E_REGISTROS_PUBLICOS_DA_CAPITAL_-_TJPE	IMd	0.0764	0.978	0.9795	0.9936	0.9753	24.7833	0.0536	0.0016	0.3431	-6.9731	4	1.3077	0.0	1.0	-41.7353	-41.7353	3.7864	13	-22.2647	0.2641	17	-64.0	1.0	11.4545	3.0655	-0.1215	0.3261	0.7359	0.4462	1.851	-0.3563	0.1417	-0.0513	0.0639	-46.4902	3.6551	-39.4869	3.6551	-0.6959	0.7974	0	-1	0	0.2083	0.2107	2637	21	36	36	100.0	73.25	70.8444	8111.6459	0.43	20158.0393	0.9704	47	0.7344	17	36	3.6667	9	1.8333	1.8333	1.0	1.0	1.0426	1.0426	6	5	1	1	2	2	4183.2624	0.9746	0.8522	0.5198	0.359	0.51	0.1818	0.6749				0.9774	0.978	0.978	0.9822	0.0721	0.0726	0.0677	0.0665	0.1803	1.0	0.5243	0.4151	0.0548	-17.5098	-30.0	-147202.3914	0	0	-0.2639	2.75	0.979
4a_VARA_DE_SUCESSOES_E_REGISTROS_PUBLICOS_DA_CAPITAL_-_TJPE	ETM	0.8311	0.4869	0.8492	0.9712	0.878	25.0	0.0541	0.0084	0.9783	0.9877	-7	0.4615	-0.4167	0.5833	5.5098	5.5098	0.8292	13	-22.2647	0.2641	6	-16.7549	0.219	-2.4788	0.553	0.1458	1.8087	-0.0451	-0.3564	0.3202	-0.036	0.9133	0.0895	2.6332	5.5098	0.6853	18.0	0.6853	-0.5623	0.8363	0	-1	0	0.4303	-0.6305	2637	21	36	36	100.0	73.25	70.8444	8111.6459	0.43	20158.0393	0.9704	17	0.1141	132	139	2.1439	3	1.0719	1.0719	1.0	1.0	1.0	1.0	2	2	1	1	1	1	1.0621	0.882	0.3739	0.9738	0.9773	0.9743	0.3182	0.6341	0.4405	0.8492	0.4323	0.5338	0.4908	0.5821	0.601	0.8509	0.8609	0.88	0.8729	0.1803	1.0	0.5243	0.4151	0.0548	-17.5098	-30.0	-147202.3914	0	0	-0.2639	10.39	0.4405
edited_hh104_labour	IMf	0.3136	0.4603	0.6177	0.9755	0.7813	0.0	0.0	0.0091	0.7278	0.1185	-2	0.8824	-0.2948	0.6904	0.0	0.0	0.8017	17	-12.7549	0.5763	15	-12.7549	0.462	-2.6342	0.7594	0.029	1.3176	-0.1143	-0.1781	0.7514	0.2474	3.4184	0.036	1.9651	-33.2193	7.9863	-19.2193	7.9863	-0.4009	0.8741	0	-1	0	-0.1212	8.1294	4200	19	43	43	100.0	97.6744	63.5548	13528.5253	0.4564	33443.6585	0.9544	70	0.7955	18	58	3.1379	5	1.569	1.569	1.0	1.0	1.0429	1.0429	3	3	1	1	2	2	8.971	0.7768	0.5207	0.8401	0.7244	0.8409	0.05	0.5611				0.4472	0.4668	0.4518	0.4569	0.1722	0.2762	0.1705	0.2608	0.0913	0.9521	0.7164	0.1023	0.0373	-4.7549	-20.7549	-167818.0355	0	0	-0.017	11.66	0.5961
edited_hh104_labour	IMd	0.0675	0.996	0.998	0.9988	0.9981	3.1	0.0082	0.016	0.6239	-2.5506	1	1.0588	0.0479	1.0503	-53.2451	-53.2451	1.5662	17	-12.7549	0.5763	18	-66.0	0.9026	6.2	1.5662	-0.033	0.6386	0.3263	0.2039	1.2846	0.0468	1.4575	-0.029	0.2225	-64.0	14.4598	-59.9557	14.4598	-0.3354	0.8947	0	-1	0	-0.0333	2.9588	4200	19	43	43	100.0	97.6744	63.5548	13528.5253	0.4564	33443.6585	0.9544	39	0.6724	19	33	3.5758	11	1.7879	1.7879	1.0	1.0	1.0256	1.0256	9	9	1	1	2	2	136.1211	0.9981	0.977	0.8267	0.6839	0.7456	0.0	0.3851	0.998	0.998	0.998	0.9959	0.9937	0.9997	0.9957	0.0643	0.0644	0.0618	0.0618	0.0913	0.9521	0.7164	0.1023	0.0373	-4.7549	-20.7549	-167818.0355	0	0	-0.017	4.44	0.998
3a_VARA_DE_EXECUCOES_FISCAIS_DA_COMARCA_DE_FORTALEZA_-_TJCE	IMf	0.3818	0.4891	0.496	0.8583	0.4252	4.3206	0.0057	0.035	0.8462	0.5906	-11	0.3889	0.0	1.0	22.3645	22.3645	2.0994	18	-30.3645	0.172	7	-8.0	0.3611	-1.754	0.6222	0.1308	1.6072	0.1891	0.0758	1.159	-0.0731	0.8461	0.1006	3.004	10.0	0.4874	32.2646	0.4874	-1.4927	0.5736	0	-1	0	-0.0892	1.3452	704	27	58	53	91.3793	12.1379	13.5136	1898.1845	0.5722	4120.9052	0.9167	9	0.5294	8	13	2.7692	4	1.3846	1.3846	1.125	1.0	1.0	1.1111	3	3	2	1	1	2	0.0162	0.4489	0.1653	0.859	0.8696	0.846	0.6786	0.8358	0.4891	0.496	0.478	0.4895	0.618	0.4626	0.603	0.0	0.3409	0.0	0.3448	0.2154	1.0	0.4767	0.4749	0.0502	-19.5098	-41.7744	-42060.0717	0	0	-0.2584	0.3	0.4891
3a_VARA_DE_EXECUCOES_FISCAIS_DA_COMARCA_DE_FORTALEZA_-_TJCE	IMd	0.164	0.4088	0.4385	0.8648	0.3963	4.3206	0.0057	0.035	0.4655	0.0958	-11	0.3889	-0.4048	0.5952	18.3645	18.3645	3.0657	18	-30.3645	0.172	7	-12.0	0.5273	0.6298	1.1356	-0.0257	0.8807	0.3553	0.078	1.1636	-0.286	0.3978	0.0316	1.6295	2.7549	0.8588	25.0195	0.8588	-1.6183	0.5378	0	-1	0	0.2556	0.0108	704	27	58	53	91.3793	12.1379	13.5136	1898.1845	0.5722	4120.9052	0.9167	13	0.5652	10	16	3.0	7	1.5	1.5	1.0	1.0	1.0769	1.0769	3	4	1	1	2	2	0.0404	0.4149	0.2066	0.6787	0.5	0.6548	0.6071	0.8323	0.4088	0.4385	0.4088	0.4274	0.5347	0.3799	0.5444	0.0	0.1535	0.0	0.177	0.2154	1.0	0.4767	0.4749	0.0502	-19.5098	-41.7744	-42060.0717	0	0	-0.2584	0.19	0.4088
activitylog_uci_detailed_labour	IMf	0.3347	0.7842	0.8019	0.9626	0.8116	1.0	0.0037	0.0234	0.8429	0.1221	-5	0.5833	0.0731	1.0884	-0.4902	-0.4902	0.9339	12	-13.5098	0.4118	7	-14.0	0.3846	-1.5882	0.7589	0.0482	1.3175	-0.0272	0.0096	1.0166	0.1472	1.5737	0.0835	2.3254	-24.3645	13.1822	-15.6096	13.1822	-0.3142	0.8868	0	-1	0	0.3784	-15.381	1392	16	25	25	100.0	55.68	36.9367	4040.0953	0.4443	9786.9452	0.9713	43	0.7679	13	39	3.0256	4	1.5128	1.5128	1.0	1.0	1.0698	1.0698	3	3	1	1	3	3	7.4815	0.823	0.5321	0.951	0.9206	0.849	0.1765	0.5203	0.7997	0.8019	0.7138	0.7599	0.7755	0.7461	0.7594	0.2535	0.3083	0.2105	0.2288	0.1518	0.8269	0.5789	0.2566	0.063	-2.0	-10.7549	-44466.1358	0	0	-0.0231	1.69	0.7997
activitylog_uci_detailed_labour	IMd	0.0768	1.0	1.0	1.0	1.0	0.0	0.0	0.0	0.4118	-6.3444	4	1.3333	0.1731	1.2093	-45.0936	-45.0936	2.4284	12	-13.5098	0.4118	16	-58.6034	1.0	9.4118	2.4286	-0.0893	0.4117	0.5882	0.3897	1.6732	-0.1941	0.2436	-0.0591	0.0619	-56.6034	29.3017	-53.2451	29.3017	-0.4893	0.8237	0	-1	0	-0.0357	2.5455	1392	16	25	25	100.0	55.68	36.9367	4040.0953	0.4443	9786.9452	0.9713	46	0.7419	16	36	3.5556	7	1.7778	1.7778	1.0	1.0	1.0435	1.0435	5	5	1	1	3	3	1986.5942	1.0	1.0	0.603	0.4523	0.539	0.0	0.5882				0.9996	0.9996	0.9996	0.9996	0.0725	0.0751	0.0695	0.0713	0.1518	0.8269	0.5789	0.2566	0.063	-2.0	-10.7549	-44466.1358	0	0	-0.0231	2.42	1.0
activitylog_uci_detailed_labour	ETM	0.9905	0.5943	0.8518	0.9548	0.8582	1.0	0.0037	0.0234	1.0	1.0	-5	0.5833	0.1731	1.2093	-12.8966	-12.8966	0.4286	12	-13.5098	0.4118	7	-26.4064	0.1765	-3.7647	0.4286	0.2024	2.3333	-0.2353	-0.329	0.4317	0.3392	2.3219	0.0645	2.0238	-26.2647	14.1324	-17.5098	14.1324	0.0146	1.0053	0	-1	0	0.0444	-0.9221	1392	16	25	25	100.0	55.68	36.9367	4040.0953	0.4443	9786.9452	0.9713	10	0.0962	94	100	2.24	11	1.12	1.12	1.0	1.0	1.8	1.8	6	5	1	1	3	3	0.482	0.8537	0.422	1.0	1.0	1.0	0.0	0.5714	0.5449	0.8518	0.5412	0.6375	0.5772	0.6758	0.5762	0.9848	0.9091	0.9737	0.9688	0.1518	0.8269	0.5789	0.2566	0.063	-2.0	-10.7549	-44466.1358	0	0	-0.0231	3.45	0.5449
activitylog_uci_detailed_weekends	IMf	0.2893	0.7513	0.7555	0.9237	0.759	0.0	0.0	0.0516	0.8235	0.4378	-5	0.5455	-0.14	0.86	4.7549	4.7549	1.1593	11	-13.5098	0.3333	6	-8.7549	0.3864	-0.75	0.85	0.0353	1.1765	0.0531	0.0368	1.0798	0.1561	1.617	0.0848	1.9895	-12.7549	2.8882	-10.7549	2.8882	-0.4795	0.8248	0	-1	0	0.1326	4.7039	488	15	10	10	100.0	48.8	35.0	1000.2578	0.3667	2940.3212	0.9733	34	0.7556	11	29	3.1034	5	1.5517	1.5517	1.0	1.0	1.0	1.0	3	3	1	1	1	1	0.0218	0.749	0.5128	0.8498	0.8163	0.8524	0.25	0.5281	0.7555	0.7555	0.7555	0.717	0.7527	0.6914	0.8687	0.2152	0.2549	0.1739	0.24	0.2	1.0	0.4612	0.253	0.0857	-6.7549	-8.7549	-12279.9518	0	0	0.0358	0.2	0.7555
activitylog_uci_detailed_weekends	IMd	0.0792	1.0	1.0	1.0	1.0	0.0	0.0	0.0	0.3556	-6.5341	4	1.3636	0.0	1.0	-36.5959	-36.5959	2.8128	11	-13.5098	0.3333	15	-50.1057	0.9375	9.0625	2.8125	-0.1289	0.3555	0.6042	0.4741	2.028	-0.1244	0.5083	-0.0768	0.1039	-43.3508	7.4177	-49.8485	7.4177	-0.4015	0.8533	0	-1	0	-0.0916	-1.5587	488	15	10	10	100.0	48.8	35.0	1000.2578	0.3667	2940.3212	0.9733	46	0.7541	15	33	3.697	9	1.8485	1.8485	1.0	1.0	1.0	1.0	7	7	1	1	1	1	109.8816	1.0	1.0	0.512	0.3939	0.4548	0.0	0.6444				0.9997	0.9997	0.9997	0.9997	0.0765	0.0761	0.0743	0.0736	0.2	1.0	0.4612	0.253	0.0857	-6.7549	-8.7549	-12279.9518	0	0	0.0358	0.62	1.0
activitylog_uci_detailed_weekends	ETM	0.9773	0.6348	0.7732	0.9177	0.7711	0.0	0.0	0.0374	0.9286	0.6908	-4	0.6364	0.0	1.0	-4.8547	-4.8547	0.6925	11	-13.5098	0.3333	7	-18.3645	0.2308	-2.0	0.6	0.1333	1.6665	-0.1025	-0.1915	0.5848	0.2577	2.0186	0.0562	1.6558	2.0	0.7039	2.0	0.7039	-0.0438	0.984	0	-1	0	-0.0813	-1.271	488	15	10	10	100.0	48.8	35.0	1000.2578	0.3667	2940.3212	0.9733	6	0.0896	61	66	2.0606	3	1.0303	1.0303	1.0	1.0	1.1667	1.1667	2	2	1	1	2	2	0.1235	0.7615	0.4744	0.9332	0.9268	0.933	0.125	0.5301	0.6123	0.7732	0.6123	0.6742	0.6322	0.5825	0.6	0.9655	0.9412	0.6667	0.6667	0.2	1.0	0.4612	0.253	0.0857	-6.7549	-8.7549	-12279.9518	0	0	0.0358	0.9	0.6123
edited_hh102_labour	IMf	0.2609	0.7831	0.7912	0.9479	0.8068	1.0	0.0029	0.0296	0.6739	-1.0205	-4	0.7143	-0.1352	0.8343	-0.8547	-0.8547	1.0659	14	-16.7549	0.3596	10	-17.6096	0.3833	-0.7237	0.8882	0.0194	1.1256	0.0237	-0.0832	0.8434	0.0319	1.1257	0.0573	1.9363	-22.2647	5.6825	-13.0196	5.6825	-0.0757	0.9723	0	-1	0	0.3676	6.0985	1152	18	18	18	100.0	64.0	38.6797	2832.6121	0.4158	7693.1463	0.9473	50	0.7692	15	43	3.1163	5	1.5581	1.5581	1.0	1.0	1.04	1.04	3	3	1	1	3	3	0.9494	0.8007	0.4959	0.735	0.6667	0.7374	0.1579	0.5948				0.7899	0.7786	0.8019	0.7536	0.2222	0.2482	0.2222	0.2222	0.1545	0.8158	0.5314	0.2538	0.0612	-4.7549	-14.0	-28787.794	0	0	0.0721	0.76	0.7854
edited_hh102_labour	IMd	0.0718	0.9951	0.9951	0.9957	0.9923	17.1667	0.0502	0.03	0.4083	-6.5556	3	1.2143	0.1842	1.2258	-43.8485	-43.8485	2.6263	14	-16.7549	0.3596	17	-60.6034	0.9444	9.5819	2.4801	-0.0922	0.4032	0.5848	0.4113	1.774	-0.1398	0.4492	-0.0543	0.1127	-55.8485	12.7455	-55.4869	12.7455	-0.2984	0.8907	0	-1	0	-0.1224	-0.6976	1152	18	18	18	100.0	64.0	38.6797	2832.6121	0.4158	7693.1463	0.9473	7	0.2917	17	8	6.0	17	3.0	3.0	1.0	1.0	1.0	1.0	15	15	1	1	1	1	0.0212	0.9921	0.9587	0.5766	0.4514	0.5162	0.0526	0.5986	0.9951	0.9951	0.9951	0.9965	0.993	0.9999	0.9925	0.0683	0.0683	0.0653	0.0652	0.1545	0.8158	0.5314	0.2538	0.0612	-4.7549	-14.0	-28787.794	0	0	0.0721	0.25	0.9951
VITORIA_-_5a_VARA_CIVEL_-_TJES	IMf	0.322	0.7888	0.8189	0.9819	0.8181	9.15	0.0051	0.0098	0.8315	0.5164	-27	0.2895	0.0	1.0	41.7744	41.7744	2.3702	38	-53.7744	0.1788	11	-12.0	0.4238	-1.5783	0.7899	0.0354	1.266	0.245	-0.1343	0.8119	-0.0691	0.8357	0.0368	2.3285	36.1057	0.3327	83.6836	0.3327	-1.5191	0.6411	0	-1	0	0.2211	0.5	13546	42	206	206	100.0	65.7573	60.7943	64029.6347	0.5428	126011.4812	0.9778	30	0.6818	14	31	3.0968	5	1.5484	1.5484	1.0	1.0	1.1333	1.1333	4	4	1	1	4	4	0.2444	0.8296	0.2133	0.9257	0.8421	0.8968	0.6512	0.7811				0.8136	0.7959	0.8457	0.798	0.2896	0.304	0.2894	0.2963	0.1331	1.0	0.7138	0.4207	0.0277	-54.1057	-107.1934	-2247159.4176	0	0	-0.4422	11.32	0.7953
VITORIA_-_5a_VARA_CIVEL_-_TJES	IMd	0.0426	0.9965	0.9965	0.9964	0.9942	3.0909	0.0017	0.0056	0.303	-11.085	-8	0.7895	-0.0322	0.9678	-80.8315	-80.8315	5.4183	38	-53.7744	0.1788	30	-134.6059	0.9688	21.5529	3.8693	-0.0987	0.2585	0.79	0.2516	1.3525	-0.3552	0.1557	-0.0255	0.0794	-86.7757	2.6038	-40.0133	2.6038	-0.7019	0.8342	0	-1	0	0.411	0.0706	13546	42	206	206	100.0	65.7573	60.7943	64029.6347	0.5428	126011.4812	0.9778	37	0.5522	30	27	4.963	14	2.4815	2.4815	1.0	1.0	1.0	1.0	12	12	1	1	1	1	27.1118	0.9942	0.84	0.5915	0.2993	0.5994	0.2791	0.7129				0.9959	0.9958	0.9973	0.9948	0.0404	0.0395	0.0386	0.0396	0.1331	1.0	0.7138	0.4207	0.0277	-54.1057	-107.1934	-2247159.4176	0	0	-0.4422	7.36	0.9965
VITORIA_-_5a_VARA_CIVEL_-_TJES	ETM	0.8603	-1.0	0.8093	0.9785	0.7853	17.1394	0.0095	0.0056	0.9643	0.9948	-32	0.1579	0.0	1.0	42.2646	42.2646	1.4234	38	-53.7744	0.1788	6	-11.5098	0.2545	-4.9661	0.3389	0.2598	2.9519	0.0757	-0.4066	0.4304	0.1293	1.3073	0.1965	8.0939	45.3508	0.1618	98.4385	0.1618	-1.8787	0.5561	0	-1	0	0.6026	-0.3627	13546	42	206	206	100.0	65.7573	60.7943	64029.6347	0.5428	126011.4812	0.9778	13	0.1646	66	72	2.1944	3	1.0972	1.0972	1.0	1.0	1.0	1.0	2	2	1	1	1	1	0.1304	0.7885	0.08	0.9766	0.96	0.9782	0.7442	0.9167	0.5172	0.8093	0.5173	-1.0	0.5886	0.6008	0.5893	0.4221	0.8418	0.0	0.8382	0.1331	1.0	0.7138	0.4207	0.0277	-54.1057	-107.1934	-2247159.4176	0	0	-0.4422	18.61	0.5172
Receipt phase of an environmental permit application process (_WABO_) CoSeLoG project	IMd	0.1375	0.9434	0.981	0.997	0.9752	0.0	0.0	0.0017	0.2658	-12.9474	13	2.0	-0.2111	0.7625	-11.6355	-11.6355	2.9847	13	-35.8743	0.1508	26	-47.5098	0.4501	7.6323	2.8746	-0.1602	0.3477	0.2993	0.1669	1.4386	0.009	1.0288	-0.0346	0.5221	-73.974	4.3225	-61.0774	4.3225	-0.2183	0.9371	0	-1	0	-0.102	2.1711	8577	27	1434	116	8.0893	5.9812	3.1029	2349.3403	0.6798	5845.597	0.7652	34	0.5667	26	29	4.2069	7	2.1034	2.1034	1.0	1.0	1.0294	1.0294	5	5	1	1	2	2	0.5448	0.9657	0.7273	0.3302	0.2424	0.3785	0.0357	0.7572				0.9429	0.8666	0.9496	0.966	0.0944	0.1202	0.0923	0.1121	0.2456	0.8889	0.3805	0.3125	0.0724	-22.2647	-35.1613	-1347472.9196	0	0	-0.0871	1.33	0.9436
3a_VARA_DE_FAMILIA_E_REGISTRO_CIVIL_DA_COMARCA_DE_OLINDA_-_TJPE	IMf	0.3027	0.6655	0.6712	0.995	0.6938	0.0	0.0	0.0411	0.6875	-0.2121	1	1.2	0.0	1.0	6.0	6.0	1.5407	5	-14.7549	0.2308	6	-8.7549	0.3556	0.4308	1.1556	-0.0486	0.8654	0.1248	0.0595	1.2264	0.0189	1.0335	0.0164	1.1091	-5.5098	1.9183	-5.5098	1.9183	-0.3795	0.8501	0	-1	0	0.1628	0.5249	2583	12	232	33	14.2241	11.1336	3.2226	624.7064	0.5792	1843.844	0.7996	29	0.7632	9	25	3.04	5	1.52	1.52	1.0	1.0	1.0	1.0	4	3	1	1	1	1	0.015	0.6333	0.5882	0.6832	0.6667	0.7202	0.2308	0.5217	0.6712	0.6712	0.6712	0.6628	0.6581	0.6593	0.6702	0.1738	0.2442	0.1612	0.2369	0.3611	0.5	0.2628	0.5644	0.1503	-6.0	-6.0	-124666.1197	0	0	-0.3427	0.13	0.6712
3a_VARA_DE_FAMILIA_E_REGISTRO_CIVIL_DA_COMARCA_DE_OLINDA_-_TJPE	IMd	0.1731	0.9988	0.9988	0.9986	0.9972	18.0	0.1154	0.0227	0.2909	-5.6359	5	2.0	0.5	2.0	-13.7744	-13.7744	4.3328	5	-14.7549	0.2308	10	-28.5293	1.0	7.2308	3.6112	-0.2611	0.2769	0.7692	0.6867	3.613	-0.4644	0.1772	-0.1402	0.0672	-22.5293	4.7549	-27.2193	4.7549	-0.4887	0.807	0	-1	0	0.2518	0.2652	2583	12	232	33	14.2241	11.1336	3.2226	624.7064	0.5792	1843.844	0.7996	5	0.3333	10	6	5.0	11	2.5	2.5	1.0	1.0	1.0	1.0	9	9	1	1	1	1	0.0071	0.9966	0.8824	0.4118	0.3297	0.3799	0.1538	0.7193	0.9988	0.9988	0.9988	0.9999	0.997	0.9999	0.9989	0.1488	0.1582	0.1423	0.1495	0.3611	0.5	0.2628	0.5644	0.1503	-6.0	-6.0	-124666.1197	0	0	-0.3427	0.08	0.9988
3a_VARA_DE_FAMILIA_E_REGISTRO_CIVIL_DA_COMARCA_DE_OLINDA_-_TJPE	ETM	0.8923	0.9615	0.9917	0.9922	0.9812	12.0	0.0769	0.0016	1.0	1.0	-2	0.6	-0.5	0.0	3.1453	3.1453	1.4441	5	-14.7549	0.2308	3	-11.6096	0.3333	-0.7692	0.7222	0.1389	1.3847	0.1025	-0.2628	0.0	0.2356	1.4174	0.2211	2.4711	-9.5098	2.585	-9.5098	2.585	-0.8596	0.6605	0	-1	0	0.1289	0.6239	2583	12	232	33	14.2241	11.1336	3.2226	624.7064	0.5792	1843.844	0.7996	7	0.35	13	15	2.6667	4	1.3333	1.3333	1.0	1.0	1.0	1.0	3	2	1	1	1	1	0.0057	0.9775	0.3529	1.0	1.0	1.0	0.4615	0.6111	0.9616	0.9917	0.9253	0.972	0.9413	0.9805	0.96	0.8644	0.8641	0.8388	0.7658	0.3611	0.5	0.2628	0.5644	0.1503	-6.0	-6.0	-124666.1197	0	0	-0.3427	0.08	0.9616
PRIMEIRA_VARA_CRIMINAL_-_COMARCA_DE_VARZEA_GRANDE_-_SDCR_-_TJMT	IMf	0.7168	0.5251	0.6802	0.9665	0.6127	0.0	0.0	0.01	0.9355	0.9389	-36	0.122	0.0	1.0	55.7744	55.7744	3.7866	41	-61.7744	0.1462	5	-6.0	0.5536	-2.8484	0.5763	0.1094	1.7357	0.4074	-0.0858	0.8706	-0.2243	0.6142	0.1186	6.5681	38.2647	0.1105	101.9321	0.1105	-2.3288	0.4788	0	-1	0	0.5371	-0.235	8527	46	47	47	100.0	181.4255	190.9759	29917.5413	0.3976	76839.45	0.9955	30	0.8108	7	26	2.9231	4	1.4615	1.4615	1.0	1.0	1.0333	1.0333	2	2	1	1	2	2	0.1447	0.6156	0.0754	0.9936	0.9583	0.9844	0.8298	0.9088	0.6789	0.6802	0.5913	0.5126	0.5101	0.5087	0.5036	0.3424	0.5056	0.3534	0.2667	0.1487	1.0	0.6633	0.5814	0.0213	-43.0196	-106.687	-1145407.0153	0	0	-0.4349	0.8	0.6789
PRIMEIRA_VARA_CRIMINAL_-_COMARCA_DE_VARZEA_GRANDE_-_SDCR_-_TJMT	IMd	0.0633	0.95	0.9506	0.9831	0.8895	18.8333	0.0087	0.0047	0.4286	-3.3965	-21	0.4878	0.0	1.0	-18.9362	-18.9362	7.1819	41	-61.7744	0.1462	20	-80.7106	1.05	13.2266	2.9672	-0.0986	0.3369	0.9038	0.3367	1.5076	-0.5814	0.0	-0.0213	0.0	-43.419	2.0093	20.2484	2.0093	-1.5177	0.6603	0	-1	0	0.3849	0.115	8527	46	47	47	100.0	181.4255	190.9759	29917.5413	0.3976	76839.45	0.9955	27	0.587	19	22	4.2727	12	2.1364	2.1364	1.0	1.0	1.037	1.037	10	10	1	1	2	2	11.5133	0.8912	0.5311	0.8008	0.4488	0.7947	0.5745	0.6857				0.9239	0.9352	0.9163	0.949	0.0574	0.0599	0.0551	0.0582	0.1487	1.0	0.6633	0.5814	0.0213	-43.0196	-106.687	-1145407.0153	0	0	-0.4349	1.73	0.95
BPI_Challenge_2014_Control summary	IMf	0.9391	0.8945	0.8945	1.0	0.8419	7.0	0.125	0.0115	1.0	1.0	-2	0.6	0.0	1.0	0.0	0.0	0.8626	5	-6.7549	0.3036	3	-6.7549	0.2619	-0.5536	0.7395	0.1658	1.3523	-0.0417	-0.0087	0.961	0.0714	1.1666	0.1041	1.4115	-2.0	1.1723	-2.0	1.1723	-0.2893	0.8648	0	-1	0	0.1686	-1.5545	161296	7	43808	59	0.1347	3.6819	1.1525	224.7354	0.4119	3047.9948	0.58	8	0.5714	6	11	2.5455	3	1.2727	1.2727	1.0	1.0	1.0	1.0	2	2	1	1	1	1	0.0047	0.9998	0.6667	1.0	1.0	1.0	0.125	0.3529	0.8945	0.8945	0.8945	0.9034	0.8983	0.9023	0.9998	0.9085	0.9394	0.9168	0.9328	0.4706	0.5	0.223	0.4286	0.253	-11.6096	-11.6096	-18031875.716	0	0	-0.066	0.44	0.8945
BPI_Challenge_2014_Control summary	IMd	0.8442	0.8963	0.8963	1.0	0.8449	10.0	0.1786	0.0231	0.6818	0.7785	0	1.0	0.25	1.5	-2.0	-2.0	1.2941	5	-6.7549	0.3036	5	-8.7549	0.3929	0.625	1.2941	-0.107	0.7726	0.0893	0.1967	1.8821	0.0	1.0	-0.009	0.9644	-1.1453	1.0987	-1.1453	1.0987	-0.1957	0.9085	0	-1	0	0.3299	-3.9985	161296	7	43808	59	0.1347	3.6819	1.1525	224.7354	0.4119	3047.9948	0.58	3	0.3	7	7	2.8571	5	1.4286	1.4286	1.0	1.0	1.0	1.0	3	3	1	1	1	1	0.0031	0.9999	0.9167	0.9152	0.6471	0.9332	0.0	0.375	0.8963	0.8963	0.8963	0.9052	0.8923	0.9042	0.9994	0.7292	0.8645	0.7454	0.4622	0.4706	0.5	0.223	0.4286	0.253	-11.6096	-11.6096	-18031875.716	0	0	-0.066	0.41	0.8963
BPI_Challenge_2014_Control summary	ETM	0.6471	0.9975	0.9975	1.0	0.996	7.0	0.125	0.0	0.7692	0.4312	-1	0.8	-0.1	0.8	-1.2451	-1.2451	1.4272	5	-6.7549	0.3036	4	-8.0	0.4333	0.0417	1.0196	-0.0091	0.9807	0.1297	0.0727	1.326	-0.0786	0.8166	-0.0363	0.8565	4.8547	0.5818	4.8547	0.5818	-0.3569	0.8332	0	-1	0	-0.0516	1.7818	161296	7	43808	59	0.1347	3.6819	1.1525	224.7354	0.4119	3047.9948	0.58	10	0.625	6	13	3.6923	11	1.8462	1.8462	1.0	1.0	1.8	1.8	6	5	1	1	3	3	0.0068	0.9931	0.5	0.6578	0.6667	0.7594	0.25	0.5	0.9975	0.9975	0.9975	0.9973	0.9905	0.9975	0.9993	0.6466	0.7215	0.6441	0.7006	0.4706	0.5	0.223	0.4286	0.253	-11.6096	-11.6096	-18031875.716	0	0	-0.066	0.48	0.9975
BPI_Challenge_2014_Department control parcels	IMf	0.9914	0.7241	0.7241	0.9998	0.6755	0.0	0.0	0.0236	1.0	1.0	-2	0.6	-0.5	0.5	2.0	2.0	1.1668	5	-2.0	0.5714	3	0.0	0.6667	-1.4286	0.5833	0.2083	1.7141	0.0953	-0.2303	0.6615	0.0667	1.1539	0.1203	1.7019	0.0	1.0	0.0	1.0	-0.4506	0.7724	0	-1	0	-0.3067	-0.6678	46669	6	29297	349	1.1912	1.593	1.0469	4276.4	0.682	17748.7984	0.6497	6	0.6667	3	7	2.5714	4	1.2857	1.2857	1.0	1.0	1.0	1.0	2	2	1	1	1	1	0.003	0.9655	0.2632	1.0	1.0	1.0	0.4286	0.6667	0.7241	0.7241	0.7241	0.7627	0.7465	0.7602	0.6894	0.9952	0.9927	0.996	0.9938	0.2917	1.0	0.6803	0.4333	0.1714	-2.0	-2.0	-7928369.9268	0	0	0.1839	0.29	0.7241
BPI_Challenge_2014_Department control parcels	IMd	0.9646	0.9999	0.9999	0.9999	0.9995	10.0	0.2381	0.0008	0.9412	0.9976	-1	0.8	-0.3077	0.6923	-4.7549	-4.7549	1.4876	5	-2.0	0.5714	4	-6.7549	0.85	-0.0286	0.9917	0.0024	1.0082	0.2786	0.0018	1.0026	-0.1833	0.577	-0.0714	0.5834	-4.7549	3.3775	-4.7549	3.3775	-0.4232	0.7862	0	-1	0	-0.3339	-0.8157	46669	6	29297	349	1.1912	1.593	1.0469	4276.4	0.682	17748.7984	0.6497	12	0.75	4	10	3.2	5	1.6	1.6	1.0	1.0	1.0	1.0	3	3	1	1	1	1	0.0074	0.9984	0.6316	1.0	1.0	0.999	0.2857	0.36	0.9999	0.9999	0.9999	0.9997	0.9998	0.9997	0.9998	0.9642	0.9585	0.97	0.9763	0.2917	1.0	0.6803	0.4333	0.1714	-2.0	-2.0	-7928369.9268	0	0	0.1839	0.31	0.9999
BPI_Challenge_2014_Department control parcels	ETM	0.4675	0.9928	0.9993	0.9999	0.9979	0.0	0.0	0.0028	0.8125	0.0991	0	1.0	-0.1	0.9	2.0	2.0	1.4001	5	-2.0	0.5714	5	0.0	0.8	-0.2286	0.9333	0.0208	1.0713	0.2286	0.0875	1.1286	-0.1555	0.6411	-0.0714	0.5834	0.0	1.0	0.0	1.0	-0.4412	0.7771	0	-1	0	-0.4546	-1.472	46669	6	29297	349	1.1912	1.593	1.0469	4276.4	0.682	17748.7984	0.6497	6	0.5455	5	9	2.6667	4	1.3333	1.3333	1.0	1.0	1.1667	1.1667	3	2	1	1	2	2	0.0061	0.9914	0.4737	0.8146	0.9	0.8453	0.2857	0.5185	0.9928	0.9993	0.1401	0.9896	0.9701	0.99	0.9456	0.4563	0.7828	0.4498	0.7602	0.2917	1.0	0.6803	0.4333	0.1714	-2.0	-2.0	-7928369.9268	0	0	0.1839	0.36	0.9928
ElectronicInvoicingENG	IMf	0.5691	0.9328	0.9328	1.0	0.9714	12.0	0.1333	0.0	1.0	1.0	-1	0.6667	0.0	-1.0	-12.4064	-12.4064	0.8501	3	-12.0	0.2222	2	-24.4064	0.1889	-0.3	0.85	0.0882	1.1764	-0.0333	0.0	-1.0	-0.0903	0.847	0.1278	1.3434	-19.6097	2.4409	-19.6097	2.4409	0.0028	1.0016	0	-1	0	0.1345	1.3079	309030	9	20135	7	0.0348	15.3479	4.2501	95.2116	0.4224	424.8217	0.7625	13	0.5909	9	16	2.75	3	1.375	1.375	1.0	1.0	1.0	1.0	2	2	1	1	1	1	0.0074	0.9674	0.8333	1.0	1.0	1.0	0.0	0.15	0.9328	0.9328	0.9328	0.9467	0.9802	0.9999	0.931	0.5401	0.5714	0.5333	0.5	0.5	0.0	0.0	0.5903	0.3722	-13.6096	-13.6096	-12581054.408	0	0	0.4369	0.39	0.9328
ElectronicInvoicingENG	IMd	0.2114	0.9766	0.9766	1.0	0.9843	12.0	0.1333	0.0	0.4	-1.8936	5	2.6667	0.5	-1.0	-9.6515	-9.6515	2.2502	3	-12.0	0.2222	8	-21.6515	0.5	2.5	2.25	-0.2778	0.4444	0.2778	0.4806	-1.0	-0.0903	0.847	-0.2222	0.403	-10.7968	1.7933	-10.7968	1.7933	0.1645	1.0963	0	-1	0	-0.2849	0.3479	309030	9	20135	7	0.0348	15.3479	4.2501	95.2116	0.4224	424.8217	0.7625	13	0.5909	9	16	2.75	3	1.375	1.375	1.0	1.0	1.0	1.0	2	2	1	1	1	1	0.0168	0.9821	0.8889	0.3923	0.3721	0.4082	0.0	0.617	0.9766	0.9766	0.9766	0.9819	0.9474	0.9999	0.9522	0.2046	0.1753	0.2025	0.1538	0.5	0.0	0.0	0.5903	0.3722	-13.6096	-13.6096	-12581054.408	0	0	0.4369	0.42	0.9766
ElectronicInvoicingENG	ETM	0.945	0.9238	0.9418	1.0	0.9794	12.0	0.1333	0.0	1.0	1.0	0	1.0	0.0	-1.0	-6.3645	-6.3645	0.9001	3	-12.0	0.2222	3	-18.3645	0.2	-0.2	0.9	0.0556	1.1112	-0.0222	0.0	-1.0	-0.0903	0.847	0.1167	1.3135	-12.3904	1.9104	-12.3904	1.9104	0.3185	1.1865	0	-1	0	0.1345	1.3079	309030	9	20135	7	0.0348	15.3479	4.2501	95.2116	0.4224	424.8217	0.7625	4	0.1905	17	19	2.2105	3	1.1053	1.1053	1.0	1.0	1.0	1.0	2	2	1	1	1	1	0.0081	0.9765	0.8889	1.0	1.0	1.0	0.0	0.1	0.9238	0.9418	0.9201	0.9392	0.8577	1.0	0.9412	0.8481	0.8642	0.8333	0.7143	0.5	0.0	0.0	0.5903	0.3722	-13.6096	-13.6096	-12581054.408	0	0	0.4369	0.46	0.9238
4a_VARA_CIVEL_-_TJGO	IMf	0.7556	0.7447	0.8146	0.9614	0.6097	25.0	0.0919	0.0181	0.8158	0.3648	-6	0.5385	-0.0769	0.9231	0.7549	0.7549	3.0383	13	-6.7549	0.2978	7	-6.0	0.9048	0.6639	1.1393	-0.0257	0.8776	0.607	0.1816	1.2721	-0.3114	0.291	-0.0251	0.6028	-8.0	5.0	-3.2451	5.0	-1.1843	0.6059	0	-1	0	0.4022	0.1914	955	16	339	98	28.9086	2.8171	2.1803	950.9332	0.7886	1905.4291	0.7882	19	0.76	6	19	2.8421	4	1.4211	1.4211	1.0	1.0	1.1053	1.1053	2	2	1	1	2	2	0.4067	0.539	0.3387	0.9107	0.8077	0.9345	0.5882	0.6477	0.7447	0.7517	0.2628	0.7012	0.7403	0.7097	0.6918	0.759	0.7502	0.7579	0.7875	0.2099	1.0	0.6673	0.4392	0.0632	-2.0	-6.7549	-115982.4272	0	0	-0.4974	0.2	0.7447
4a_VARA_CIVEL_-_TJGO	IMd	0.7572	0.3084	0.8247	0.9629	0.6244	25.0	0.0919	0.0181	0.6875	0.2094	-6	0.5385	0.0	1.0	-8.7549	-8.7549	3.8378	13	-6.7549	0.2978	7	-15.5098	1.1429	2.0924	1.4391	-0.0641	0.6946	0.8451	0.3327	1.4986	-0.4392	0.0	-0.0632	0.0	-17.6515	9.8257	-12.8966	9.8257	-1.2404	0.5873	0	-1	0	0.3545	0.2873	955	16	339	98	28.9086	2.8171	2.1803	950.9332	0.7886	1905.4291	0.7882	18	0.75	6	16	3.125	5	1.5625	1.5625	1.0	1.0	1.0556	1.0556	3	3	1	1	2	2	0.1573	0.5698	0.371	0.8488	0.6389	0.8859	0.5882	0.6562	0.3084	0.7641	0.284	0.3527	0.3725	0.3178	0.3809	0.7675	0.7299	0.7538	0.7856	0.2099	1.0	0.6673	0.4392	0.0632	-2.0	-6.7549	-115982.4272	0	0	-0.4974	0.13	0.3084
4a_VARA_CIVEL_-_TJGO	ETM	0.8239	0.9051	0.9723	0.973	0.9413	25.0	0.0919	0.0181	0.6571	-0.092	-4	0.6923	-0.0288	0.9712	0.0	0.0	3.2646	13	-6.7549	0.2978	9	-6.7549	0.9722	3.0131	1.6324	-0.0813	0.6127	0.6744	0.2445	1.3664	-0.4081	0.0708	-0.0473	0.2516	-7.5098	4.7549	-4.7549	4.7549	-0.9709	0.6769	0	-1	0	0.4141	0.1675	955	16	339	98	28.9086	2.8171	2.1803	950.9332	0.7886	1905.4291	0.7882	30	0.6977	13	32	4.4375	16	2.2188	2.2188	1.0	1.0	1.9333	1.9333	9	7	1	1	4	4	2.6635	0.9026	0.5484	0.8238	0.6623	0.807	0.4706	0.5619	0.9051	0.9723	0.6211	0.9258	0.9756	0.926	0.9504	0.8157	0.6488	0.7122	0.6175	0.2099	1.0	0.6673	0.4392	0.0632	-2.0	-6.7549	-115982.4272	0	0	-0.4974	0.35	0.9051
VARA_DA_FAZENDA_PUBLICA_DA_COMARCA_DE_PAULISTA_-_TJPE	IMf	0.3709	0.8075	0.8075	0.9787	0.7382	29.0	0.0333	0.0214	0.7353	-0.0734	-14	0.3333	-0.119	0.8572	35.1612	35.1612	4.3302	21	-41.9161	0.1402	7	-6.7549	0.6071	0.1833	1.0451	-0.0106	0.9569	0.4669	0.2173	1.565	-0.1893	0.7345	0.0515	2.0362	38.5712	0.2608	62.3904	0.2608	-1.824	0.5202	0	-1	0	0.4577	-0.2886	4448	29	116	112	96.5517	38.3448	26.7798	12795.7982	0.5651	31049.1846	0.8535	28	0.8	7	22	3.1818	6	1.5909	1.5909	1.0	1.0	1.0	1.0	3	4	1	1	1	1	0.0214	0.7246	0.188	0.8175	0.8148	0.7489	0.7333	0.8092	0.8075	0.8075	0.8075	0.7955	0.8154	0.7715	0.7786	0.3021	0.3424	0.285	0.3024	0.2459	0.8333	0.3846	0.7131	0.0497	-52.1808	-76.0	-339297.0201	0	0	-0.3552	0.29	0.8075
VARA_DA_FAZENDA_PUBLICA_DA_COMARCA_DE_PAULISTA_-_TJPE	ETM	0.9775	0.6019	0.7744	0.9794	0.7535	29.0	0.0333	0.0214	0.8235	0.5366	-16	0.2381	-0.3333	0.6	25.9161	25.9161	1.3324	21	-41.9161	0.1402	5	-16.0	0.1868	-1.6381	0.5972	0.1659	1.6747	0.0466	-0.1382	0.6407	0.0561	1.0787	0.1504	4.0262	39.4259	0.2444	57.6355	0.2444	-1.1429	0.6994	0	-1	0	0.3117	0.1225	4448	29	116	112	96.5517	38.3448	26.7798	12795.7982	0.5651	31049.1846	0.8535	11	0.1549	60	65	2.4308	11	1.2154	1.2154	1.0	1.0	1.7273	1.7273	6	5	1	1	3	3	0.1018	0.7419	0.2222	0.8664	0.8125	0.871	0.5333	0.7812	0.5597	0.7744	0.5537	0.6185	0.6011	0.5901	0.5843	0.9608	0.9563	0.9665	0.9754	0.2459	0.8333	0.3846	0.7131	0.0497	-52.1808	-76.0	-339297.0201	0	0	-0.3552	3.39	0.5597
BPI_Challenge_2014_Entitlement application	IMf	0.3273	0.9918	0.9972	0.9998	0.9925	5.0	0.0119	0.0084	0.614	-1.2318	-3	0.8333	0.1212	1.1379	-8.2647	-8.2647	1.8134	18	-14.0	0.3929	15	-22.2647	0.7125	2.8304	1.3602	-0.0337	0.7353	0.3196	0.1661	1.2695	-0.0353	0.7846	-0.0118	0.733	-28.016	4.502	-15.6515	4.502	-0.47	0.8538	0	-1	0	0.1521	-0.9677	293245	20	15260	2553	16.73	19.2166	6.9503	187385.515	0.7173	563610.895	0.6817	32	0.6809	15	28	3.5	7	1.75	1.75	1.0	1.0	1.0625	1.0625	5	4	1	1	3	3	0.2058	0.9921	0.6316	0.6823	0.6115	0.6855	0.2381	0.5455				0.9923	0.9799	0.995	0.9878	0.3162	0.3008	0.2598	0.2539	0.1273	0.8788	0.6163	0.1639	0.0442	-8.0	-20.3645	-50585801.8145	0	0	-0.0773	7.84	0.9918
BPI_Challenge_2014_Entitlement application	IMd	0.0769	0.7156	0.7312	0.9999	0.7335	0.0	0.0	0.0007	0.4867	-3.3232	1	1.0556	-0.1321	0.8497	-26.0391	-26.0391	1.7615	18	-14.0	0.3929	19	-40.0391	0.6921	5.2929	1.6736	-0.0513	0.597	0.2992	0.1088	1.1765	0.1843	2.1245	-0.024	0.457	-49.0587	7.1323	-54.6942	7.1323	-0.0979	0.9695	0	-1	0	-0.0019	1.0246	293245	20	15260	2553	16.73	19.2166	6.9503	187385.515	0.7173	563610.895	0.6817	32	0.6275	19	29	3.6552	10	1.8276	1.8276	1.0	1.0	1.0625	1.0625	8	8	1	1	2	2	0.824	0.7043	0.7697	0.6167	0.5	0.5944	0.0476	0.5733				0.7121	0.7246	0.7105	0.7423	0.0615	0.0769	0.0615	0.0769	0.1273	0.8788	0.6163	0.1639	0.0442	-8.0	-20.3645	-50585801.8145	0	0	-0.0773	40.3	0.7156
BPI_Challenge_2014_Entitlement application	ETM	0.8283	0.9369	0.9589	0.9996	0.9172	2.0	0.0048	0.0013	1.0	1.0	-12	0.3333	0.1212	1.1379	7.2451	7.2451	0.9544	18	-14.0	0.3929	6	-6.7549	0.375	-4.8571	0.3818	0.206	2.6182	-0.0179	-0.1276	0.793	0.1932	2.1788	0.1403	4.1742	3.2451	0.5944	15.6096	0.5944	-1.1339	0.6473	0	-1	0	0.1392	-0.8008	293245	20	15260	2553	16.73	19.2166	6.9503	187385.515	0.7173	563610.895	0.6817	44	0.6667	22	60	3.5333	11	1.7667	1.7667	1.0	1.0	1.9091	1.9091	6	5	1	1	3	3	0.175	0.9137	0.1579	1.0	1.0	1.0	0.5714	0.8364	0.9295	0.9589	0.8551	0.945	0.9122	0.9572	0.8807	0.8295	0.8008	0.7811	0.7942	0.1273	0.8788	0.6163	0.1639	0.0442	-8.0	-20.3645	-50585801.8145	0	0	-0.0773	51.16	0.9295
BPI_Challenge_2014_Inspection	IMf	0.671	-1.0	0.7903	0.9998	0.8452	15.0	0.0625	0.0014	0.5972	0.1043	-2	0.8333	-0.2581	0.7419	3.2451	3.2451	1.2659	12	-14.0	0.3125	10	-10.7549	0.3956	0.4554	1.0972	-0.0189	0.9114	0.0831	-0.1172	0.8126	-0.1784	0.6378	0.0624	1.9889	-9.9002	1.7274	-9.9002	1.7274	-0.2765	0.897	0	-1	0	0.2785	-0.1212	197717	15	5485	3190	58.1586	36.0469	39.6714	461944.1948	0.6204	1525065.9712	0.8182	30	0.6977	13	31	2.9677	4	1.4839	1.4839	1.0	1.0769	1.1	1.0667	2	2	1	2	3	3	1.3334	0.8577	0.5821	0.8639	0.6	0.8714	0.125	0.5865				0.7926	0.8482	0.7648	0.8427	0.6708	0.6849	0.6517	0.6474	0.2133	1.0	0.6255	0.4925	0.0631	-13.6096	-13.6096	-8630178.6851	0	0	-0.2484	16.87	0.7813
BPI_Challenge_2014_Inspection	IMd	0.2344	0.8618	0.8781	0.9999	0.9011	15.0	0.0625	0.008	0.3563	-2.5049	2	1.1667	-0.156	0.844	-23.9742	-23.9742	2.32	12	-14.0	0.3125	14	-37.9742	0.725	6.1875	2.32	-0.1213	0.4313	0.4125	0.1798	1.2875	-0.3639	0.2611	-0.0313	0.504	-34.1648	3.5103	-34.1648	3.5103	-0.2949	0.8901	0	-1	0	0.2985	-0.2017	197717	15	5485	3190	58.1586	36.0469	39.6714	461944.1948	0.6204	1525065.9712	0.8182	16	0.5161	15	17	3.7647	8	1.8824	1.8824	1.0	1.0	1.0625	1.0625	6	6	1	1	2	2	0.0515	0.9017	0.8358	0.7315	0.3478	0.7412	0.0	0.6684	0.8618	0.8781	0.8618	0.8496	0.8968	0.8132	0.9035	0.2121	0.2228	0.1954	0.2186	0.2133	1.0	0.6255	0.4925	0.0631	-13.6096	-13.6096	-8630178.6851	0	0	-0.2484	19.43	0.8618
BPI_Challenge_2014_Inspection	ETM	0.9975	-1.0	0.8615	0.9997	0.8364	27.0	0.1125	0.008	1.0	1.0	-8	0.3333	-0.5	0.5	-10.4064	-10.4064	0.4944	12	-14.0	0.3125	4	-24.4064	0.1545	-3.142	0.3297	0.4338	3.0338	-0.158	-0.374	0.4021	0.2575	1.5228	0.1702	3.6973	4.8547	0.6433	4.8547	0.6433	-0.6619	0.7533	0	-1	0	0.1532	0.3833	197717	15	5485	3190	58.1586	36.0469	39.6714	461944.1948	0.6204	1525065.9712	0.8182	3	0.0968	28	30	2.0667	3	1.0333	1.0333	1.0	1.0	1.0	1.0	2	2	1	1	1	1	0.0188	0.8337	0.2239	1.0	1.0	1.0	0.3125	0.7733	0.6713	0.8615	0.6713	-1.0	-1.0	0.7175	-1.0	0.9971	0.996	0.9902	0.9971	0.2133	1.0	0.6255	0.4925	0.0631	-13.6096	-13.6096	-8630178.6851	0	0	-0.2484	16.53	0.6713
BPI_Challenge_2014_Geo parcel document	IMf	0.3713	-1.0	0.9624	0.9999	0.9474	19.0	0.0699	0.0115	0.7576	0.4119	-4	0.7333	-0.2321	0.7679	-13.5098	-13.5098	1.2787	15	-6.0	0.4963	11	-19.5098	0.6346	-0.3258	0.959	0.0054	1.0429	0.1383	-0.0822	0.8864	0.2057	2.093	0.0246	1.5802	-33.2193	17.6096	-26.4644	17.6096	-0.4224	0.8548	0	-1	0	0.2567	0.3289	569209	16	29059	9274	31.9144	19.588	16.8236	1224971.0955	0.7295	2668507.692	0.804	44	0.7857	12	37	3.1892	6	1.5946	1.5946	1.0	1.0	1.0682	1.0682	5	3	1	1	2	2	4.9139	0.9417	0.5289	0.8532	0.7442	0.8629	0.2353	0.5283	0.9587	0.9624	0.8601	0.9391	0.9426	0.9455	0.9287	0.3317	0.3348	0.3143	0.3646	0.1259	1.0	0.7239	0.1882	0.0424	-2.0	-8.7549	-86511344.1078	0	0	-0.3825	27.35	0.9587
BPI_Challenge_2014_Geo parcel document	IMd	0.1938	0.9982	0.9982	1.0	0.9983	43.6667	0.1605	0.0157	0.6105	-1.0755	-1	0.9333	-0.0545	0.9455	-25.0196	-25.0196	1.8231	15	-6.0	0.4963	14	-31.0196	0.9048	4.7255	1.5951	-0.047	0.6267	0.4085	0.1659	1.2292	-0.1168	0.3794	-0.0299	0.2948	-35.1613	18.5806	-28.4064	18.5806	-0.307	0.8945	0	-1	0	0.3018	0.211	569209	16	29059	9274	31.9144	19.588	16.8236	1224971.0955	0.7295	2668507.692	0.804	29	0.6744	14	24	3.6667	8	1.8333	1.8333	1.0	1.0	1.0345	1.0345	6	6	1	1	2	2	103.8342	0.9982	0.8678	0.81	0.5966	0.8199	0.1176	0.445				0.9988	0.9975	0.9991	0.9985	0.1897	0.1734	0.1892	0.172	0.1259	1.0	0.7239	0.1882	0.0424	-2.0	-8.7549	-86511344.1078	0	0	-0.3825	31.67	0.9982
BPI_Challenge_2014_Geo parcel document	ETM	0.6923	0.8372	0.8561	0.9998	0.7908	0.0	0.0	0.0088	0.9545	0.9514	-10	0.3333	0.0	1.0	1.2451	1.2451	1.0554	15	-6.0	0.4963	5	-4.7549	0.5238	-4.7983	0.3958	0.1923	2.5274	0.0275	-0.119	0.8356	0.1507	1.8007	0.1005	3.3703	0.0	1.0	6.7549	1.0	-1.1102	0.6183	0	-1	0	0.1541	0.5971	569209	16	29059	9274	31.9144	19.588	16.8236	1224971.0955	0.7295	2668507.692	0.804	25	0.7576	8	31	3.2258	11	1.6129	1.6129	1.0	1.0	1.68	1.68	6	5	1	1	3	3	0.0679	0.7786	0.1405	0.9875	0.9474	0.989	0.5882	0.8456	0.8367	0.8561	0.8152	0.8608	0.7964	0.8843	0.7612	0.6879	0.6873	0.684	0.7107	0.1259	1.0	0.7239	0.1882	0.0424	-2.0	-8.7549	-86511344.1078	0	0	-0.3825	16.15	0.8367
BPI_Challenge_2012	IMf	0.3754	-1.0	0.7349	0.9998	0.8052	0.0	0.0	0.0145	0.4368	-2.1082	4	1.2667	-0.0385	0.9615	0.0	0.0	1.5064	15	-23.5098	0.2283	19	-23.5098	0.3439	2.0852	1.3805	-0.0503	0.7244	0.1156	0.0014	1.0027	0.204	1.8586	0.0426	1.7448	-18.0666	1.4512	-28.5643	1.4512	-0.1663	0.9435	0	-1	0	0.2256	-0.2348	262200	24	13087	4366	33.3614	20.0351	24.1151	469331.1569	0.6999	1584263.0089	0.7167	29	0.5686	22	43	2.6977	6	1.3488	1.3488	1.0	1.0909	1.2414	1.1724	3	3	1	3	4	4	0.1879	0.7949	0.536	0.5252	0.4268	0.5579	0.08	0.6766				0.6943	0.6798	0.6664	0.6655	0.4087	0.4048	0.4136	0.3986	0.1825	1.0	0.516	0.2376	0.0572	-40.0391	-40.0391	-16052091.2168	0	0	-0.1827	166.96	0.6231
BPI_Challenge_2012	IMd	0.2995	0.7215	0.8079	0.9999	0.8549	0.0	0.0	0.0145	0.3555	-3.9233	4	1.2667	-0.2314	0.7686	-38.2056	-38.2056	2.6058	15	-23.5098	0.2283	19	-61.7154	0.5949	7.607	2.3881	-0.1061	0.4186	0.3666	0.1651	1.32	-0.0341	0.8565	-0.0169	0.7045	-39.4478	1.9852	-39.4478	1.9852	-0.4451	0.8489	0	-1	0	0.5066	-1.7729	262200	24	13087	4366	33.3614	20.0351	24.1151	469331.1569	0.6999	1584263.0089	0.7167	30	0.5769	22	43	2.7442	9	1.3721	1.3721	1.0	1.0	1.2333	1.2333	6	7	1	1	4	4	25.3736	0.8564	0.784	0.5058	0.3439	0.5215	0.08	0.6767				0.7813	0.8368	0.7469	0.867	0.3362	0.3089	0.3341	0.263	0.1825	1.0	0.516	0.2376	0.0572	-40.0391	-40.0391	-16052091.2168	0	0	-0.1827	75.93	0.7215
BPI_Challenge_2012	ETM	-1.0	-1.0	0.0	0.9995	0.0	0.0	0.0	0.0145	0.0	0.9525	-12	0.2	-0.5	0.5	-26.2646	-26.2646	0.3456	15	-23.5098	0.2283	3	-49.7744	0.0789	-3.98	0.2737	0.4842	3.6532	-0.1494	-0.4541	0.12	0.3136	2.3199	0.1967	4.4388	16.5293	0.5872	16.5293	0.5872	-0.2358	0.92	0	-1	0	0.4694	-1.5692	262200	24	13087	4366	33.3614	20.0351	24.1151	469331.1569	0.6999	1584263.0089	0.7167	0	0.0	34	33	2.0606	3	1.0303	1.0303	1.0	1.0	0.0	0.0	2	2	1	1	0	0	0.0405	0.0	0.0						0.0	0.0	0.0	-1.0	-1.0	-1.0	-1.0	-1.0	-1.0	-1.0	-1.0	0.1825	1.0	0.516	0.2376	0.0572	-40.0391	-40.0391	-16052091.2168	0	0	-0.1827	5.4	0.0
edited_hh110_weekends	IMf	0.1508	0.9188	0.9588	0.9813	0.9465	9.0	0.0429	0.0209	0.5179	-2.3583	4	1.4444	-0.1	0.9	0.0	0.0	1.9884	9	-10.0	0.3095	13	-10.0	0.6154	3.6667	1.8462	-0.1058	0.5416	0.3059	0.2339	1.468	-0.1609	0.5871	-0.0553	0.453	-2.8547	1.2238	-2.8547	1.2238	-0.1515	0.9437	0	-1	0	-0.0951	-4.1129	368	14	6	6	100.0	61.3333	26.9333	553.29	0.3088	2071.1192	0.9526	45	0.7759	13	40	3.05	5	1.525	1.525	1.0	1.0	1.0667	1.0667	3	2	1	1	2	3	928.9158	0.942	0.873	0.5881	0.5288	0.5738	0.0667	0.5126				0.907	0.9009	0.8938	0.9998	0.1333	0.1333	0.1333	0.1425	0.2308	1.0	0.4998	0.3897	0.1011	-12.7549	-14.7549	-8139.6329	0	0	0.0186	12.47	0.9295
edited_hh110_weekends	IMd	0.0875	0.9555	0.9562	0.984	0.9439	9.0	0.0429	0.0209	0.3711	-5.5508	5	1.5556	-0.0776	0.9224	-12.7549	-12.7549	2.8226	9	-10.0	0.3095	14	-22.7549	0.8736	7.0238	2.6209	-0.1427	0.3817	0.5641	0.3562	1.7127	-0.332	0.1481	-0.0846	0.1632	-28.4644	3.2316	-26.4644	3.2316	-0.4504	0.8327	0	-1	0	-0.0813	-3.371	368	14	6	6	100.0	61.3333	26.9333	553.29	0.3088	2071.1192	0.9526	46	0.7797	13	34	3.4706	6	1.7353	1.7353	1.0	1.0	1.0	1.0	4	4	1	1	1	1	84.2281	0.942	0.9048	0.4982	0.413	0.459	0.0667	0.6424				0.9518	0.9685	0.9372	0.9513	0.0769	0.0835	0.0724	0.0724	0.2308	1.0	0.4998	0.3897	0.1011	-12.7549	-14.7549	-8139.6329	0	0	0.0186	0.56	0.9555
3a_VARA_DE_FEITOS_TRIBUTARIOS_DO_ESTADO_-_TJMG	IMd	0.1156	0.7044	0.7618	0.9544	0.68	0.0	0.0	0.0134	0.4027	-3.6361	-2	0.9091	-0.1346	0.8654	-16.4644	-16.4644	2.9225	22	-20.7549	0.2387	20	-37.2193	0.6976	6.7911	1.9483	-0.0679	0.5136	0.4589	0.1068	1.1579	-0.1877	0.3868	-0.0121	0.6311	-42.4064	3.1579	-9.3288	3.1579	-0.8198	0.7776	0	-1	0	0.2507	0.3373	2246	30	35	35	100.0	64.1714	56.8672	7343.1938	0.4435	17217.4488	0.9879	26	0.5652	20	25	3.76	9	1.88	1.88	1.0	1.0	1.0385	1.0385	7	7	1	1	2	2	0.2161	0.6857	0.5476	0.5822	0.4021	0.5838	0.3226	0.7028				0.6897	0.6969	0.6917	0.7255	0.0	0.1119	0.0	0.0937	0.1396	1.0	0.6762	0.3061	0.0328	-19.6515	-52.7291	-215102.3815	0	0	-0.3783	2.21	0.7044
3a_VARA_DE_FEITOS_TRIBUTARIOS_DO_ESTADO_-_TJMG	ETM	0.9877	0.5233	0.7396	0.9228	0.6975	0.0	0.0	0.0139	0.902	0.4805	-13	0.4091	0.0	1.0	-12.0	-12.0	0.6246	22	-20.7549	0.2387	9	-32.7549	0.1491	-4.4771	0.3748	0.2329	2.6683	-0.0896	-0.4805	0.2894	0.1786	1.5835	0.062	2.8902	-2.6132	1.133	23.5678	1.133	-0.6655	0.8194	0	-1	0	0.0715	0.811	2246	30	35	35	100.0	64.1714	56.8672	7343.1938	0.4435	17217.4488	0.9879	5	0.045	106	106	2.0943	3	1.0472	1.0472	1.0	1.0	1.0	1.0	2	2	1	1	1	1	0.701	0.7042	0.2095	0.9064	0.898	0.9112	0.3871	0.7974	0.455	0.7396	0.454	0.5093	0.5475	0.4378	0.5331	0.6296	0.9787	0.8889	0.95	0.1396	1.0	0.6762	0.3061	0.0328	-19.6515	-52.7291	-215102.3815	0	0	-0.3783	5.62	0.455
BPI_Challenge_2020_InternationalDeclarations	IMf	0.2038	0.9272	0.9273	0.9987	0.9212	0.0	0.0	0.0022	0.3684	-4.7949	-11	0.5769	-0.1667	0.8333	-7.789	-7.789	2.3003	26	-42.2647	0.1765	15	-50.0537	0.406	4.5556	1.7593	-0.072	0.5681	0.2295	0.1156	1.2304	0.0301	1.0757	0.0062	1.1845	-38.0579	2.5857	-11.3191	2.5857	-0.4911	0.8605	0	-1	0	0.5012	-1.2148	72151	34	6449	753	11.6762	11.1879	5.4197	30396.2374	0.7502	73857.3427	0.7994	28	0.5185	26	31	3.6129	8	1.8065	1.8065	1.0	1.0	1.0714	1.0714	5	5	1	1	2	2	0.2016	0.9236	0.4898	0.4399	0.3678	0.445	0.2286	0.7308				0.9361	0.9435	0.9401	0.9329	0.1934	0.193	0.1903	0.1814	0.1667	1.0	0.5017	0.3976	0.0336	-24.0	-58.0391	-10310442.3578	0	0	-0.2263	2.33	0.9272
BPI_Challenge_2020_InternationalDeclarations	IMd	0.1711	0.5924	0.6286	0.9992	0.8003	115.3333	0.0969	0.0015	0.1992	-14.0042	6	1.2308	-0.2277	0.7723	-51.4868	-51.4868	4.2153	26	-42.2647	0.1765	32	-93.7515	0.744	17.0625	3.8438	-0.1233	0.2603	0.5675	0.2393	1.477	-0.1417	0.6436	-0.013	0.6131	-109.1369	5.5474	-75.0978	5.5474	-0.353	0.8997	0	-1	0	0.195	0.1383	72151	34	6449	753	11.6762	11.1879	5.4197	30396.2374	0.7502	73857.3427	0.7994	23	0.4259	31	18	6.0	19	3.0	3.0	1.0	1.0	1.0	1.0	17	17	1	1	1	1	0.6756	0.7614	0.699	0.2983	0.1963	0.304	0.0857	0.8165				0.6029	0.6197	0.6018	0.6045	0.1645	0.165	0.1542	0.157	0.1667	1.0	0.5017	0.3976	0.0336	-24.0	-58.0391	-10310442.3578	0	0	-0.2263	37.4	0.5924
BPI_Challenge_2020_InternationalDeclarations	ETM	0.6348	0.8453	0.8596	0.9979	0.807	0.0	0.0	0.0022	0.7719	0.4389	-20	0.2308	-0.3333	0.6667	6.3904	6.3904	0.6992	26	-42.2647	0.1765	6	-35.8743	0.1234	-3.4091	0.4318	0.2193	2.3155	-0.0531	-0.2666	0.4686	0.0175	1.044	0.1358	5.0417	-1.6096	1.0671	29.6746	1.0671	-0.6719	0.8091	0	-1	0	0.7375	-2.2589	72151	34	6449	753	11.6762	11.1879	5.4197	30396.2374	0.7502	73857.3427	0.7994	24	0.4898	25	39	3.7436	11	1.8718	1.8718	1.0	1.0	2.0	2.0	6	5	1	1	3	3	0.1204	0.799	0.2143	0.8436	0.7833	0.8357	0.3714	0.8027	0.8446	0.8596	0.7913	0.8568	0.8402	0.8622	0.8135	0.6337	0.6338	0.5309	0.6469	0.1667	1.0	0.5017	0.3976	0.0336	-24.0	-58.0391	-10310442.3578	0	0	-0.2263	2.71	0.8446
DocumentProcessingENG	IMf	0.5438	0.8455	0.8455	1.0	0.9341	16.0	0.1455	0.0	1.0	1.0	-1	0.6667	0.0	-1.0	-6.0419	-6.0419	0.9895	3	-18.3645	0.1909	2	-24.4064	0.1889	-0.2091	0.8905	0.0644	1.1229	-0.002	0.0	-1.0	-0.0556	0.8999	0.0838	1.2013	-15.2193	1.8455	-15.2193	1.8455	0.1265	1.0665	0	-1	0	0.2235	1.6424	262682	10	18352	3	0.0163	14.3135	6.0295	18.2042	0.2149	133.2317	0.8487	13	0.5909	9	16	2.75	3	1.375	1.375	1.0	1.0	1.0	1.0	2	2	1	1	1	1	0.0076	0.9242	0.7895	1.0	1.0	1.0	0.0909	0.1905	0.8455	0.8455	0.8455	0.9999	0.4666	0.9999	0.4666	0.5333	0.5	0.5333	0.5333	0.5238	0.0	0.0	0.5556	0.4162	-18.0	-18.0	-11177035.6086	0	0	0.3479	0.38	0.8455
DocumentProcessingENG	IMd	0.194	0.9142	0.9142	1.0	0.9341	16.0	0.1455	0.0	0.3778	-1.7798	5	2.6667	0.5	-1.0	-3.287	-3.287	2.6192	3	-18.3645	0.1909	8	-21.6515	0.5	2.5909	2.3571	-0.3016	0.4242	0.3091	0.4806	-1.0	-0.0556	0.8999	-0.2662	0.3604	-6.4064	1.3559	-6.4064	1.3559	-0.1433	0.9247	0	-1	0	-0.1959	0.4369	262682	10	18352	3	0.0163	14.3135	6.0295	18.2042	0.2149	133.2317	0.8487	13	0.5909	9	16	2.75	3	1.375	1.375	1.0	1.0	1.0	1.0	2	2	1	1	1	1	0.0165	0.9242	0.7895	0.3671	0.3488	0.3855	0.0909	0.6531	0.9142	0.9142	0.9142	0.9999	0.909	0.9999	0.7499	0.2025	0.1733	0.2025	0.2025	0.5238	0.0	0.0	0.5556	0.4162	-18.0	-18.0	-11177035.6086	0	0	0.3479	0.34	0.9142
DocumentProcessingENG	ETM	0.9085	0.8573	0.896	1.0	0.983	16.0	0.1455	0.0	0.9524	0.9034	0	1.0	0.5	-1.0	0.0	0.0	1.0	3	-18.3645	0.1909	3	-18.3645	0.1909	0.0	1.0	0.0	1.0	0.0	0.0758	-1.0	-0.0556	0.8999	0.0303	1.0728	-8.0	1.4444	-8.0	1.4444	0.2275	1.1196	0	-1	0	0.0931	1.2676	262682	10	18352	3	0.0163	14.3135	6.0295	18.2042	0.2149	133.2317	0.8487	4	0.1818	18	20	2.2	3	1.1	1.1	1.0	1.0	1.0	1.0	2	2	1	1	1	1	0.0091	0.9805	0.9474	0.9653	0.9474	0.9675	0.0	0.0909	0.8573	0.896	0.8573	1.0	1.0	1.0	0.5	0.8889	0.8889	0.8889	0.8889	0.5238	0.0	0.0	0.5556	0.4162	-18.0	-18.0	-11177035.6086	0	0	0.3479	0.37	0.8573
edited_hh110_labour	IMf	0.256	0.7628	0.7797	0.9575	0.7279	1.5	0.0049	0.0244	0.8958	0.46	-5	0.5833	0.0053	1.0059	5.5098	5.5098	1.9807	12	-15.5098	0.3366	7	-10.0	0.6667	-0.3889	0.932	0.0127	1.0727	0.3301	0.1715	1.3346	0.0085	1.038	0.0399	1.5938	-8.0	2.1843	-6.0	2.1843	-0.9949	0.6656	0	-1	0	0.2698	-5.3482	1390	17	21	21	100.0	66.1905	37.5714	3336.9214	0.4252	9389.9241	0.9334	29	0.7838	8	27	2.963	4	1.4815	1.4815	1.0	1.0	1.1034	1.1034	2	2	1	1	3	3	3.5426	0.7064	0.3861	0.9204	0.907	0.9109	0.5	0.6019	0.7628	0.7797	0.6233	0.778	0.7637	0.7748	0.7229	0.2857	0.2019	0.2857	0.2857	0.1748	0.8947	0.5125	0.2236	0.0672	-6.7549	-8.7549	-41946.4926	0	0	-0.0425	0.44	0.7628
edited_hh110_labour	IMd	0.0763	0.9981	0.9981	0.9972	0.9972	28.5	0.0931	0.0134	0.396	-6.2941	4	1.3333	0.1053	1.1177	-21.0195	-21.0195	2.7305	12	-15.5098	0.3366	16	-36.5293	0.9191	8.9837	2.57	-0.1068	0.389	0.5825	0.4089	1.7979	-0.1028	0.5403	-0.0576	0.1429	-34.5293	6.1117	-55.2451	6.1117	-0.7709	0.7409	0	-1	0	-0.0145	1.3412	1390	17	21	21	100.0	66.1905	37.5714	3336.9214	0.4252	9389.9241	0.9334	34	0.68	16	26	3.8462	11	1.9231	1.9231	1.0	1.0	1.0	1.0	9	9	1	1	1	1	7.8306	0.9971	0.9604	0.5753	0.4369	0.5125	0.0556	0.6102				0.9983	0.9982	0.9964	0.9998	0.0734	0.0745	0.0718	0.0708	0.1748	0.8947	0.5125	0.2236	0.0672	-6.7549	-8.7549	-41946.4926	0	0	-0.0425	0.36	0.9981
1a_VARA_DE_FEITOS_TRIBUTARIOS_DO_ESTADO_-_TJMG	IMf	0.1315	0.9369	0.936	0.9625	0.9042	47.5667	0.045	0.0147	0.5622	-1.5308	-8	0.6522	-0.1553	0.8447	20.7549	20.7549	3.2245	23	-34.2647	0.1875	15	-13.5098	0.6046	4.2778	1.713	-0.0694	0.5837	0.4171	0.1291	1.2102	-0.1869	0.5109	-0.0027	0.9229	-17.5678	1.894	19.2842	1.894	-0.9467	0.7537	0	-1	0	0.3684	-0.0171	2476	32	28	28	100.0	88.4286	72.6138	7708.5005	0.4131	19214.899	0.9917	29	0.6304	17	27	3.4815	9	1.7407	1.7407	1.0	1.0	1.0345	1.0345	7	4	1	1	2	2	0.8679	0.9089	0.526	0.7326	0.5976	0.6838	0.4545	0.6272				0.9442	0.9406	0.9671	0.946	0.0	0.1343	0.0	0.1215	0.1667	1.0	0.6143	0.3821	0.035	-19.6515	-58.5035	-293679.8496	0	0	-0.3622	0.94	0.9362
1a_VARA_DE_FEITOS_TRIBUTARIOS_DO_ESTADO_-_TJMG	IMd	0.0752	0.9291	0.9291	0.9732	0.9113	47.5667	0.045	0.0147	0.3922	-5.9253	-3	0.8696	-0.1099	0.8901	-21.0383	-21.0383	4.2411	23	-34.2647	0.1875	20	-55.303	0.7952	9.9048	2.6508	-0.1038	0.3773	0.6077	0.241	1.3923	-0.2058	0.4614	-0.0195	0.4429	-54.5903	3.7779	-15.7383	3.7779	-0.8742	0.7726	0	-1	0	0.3061	0.1549	2476	32	28	28	100.0	88.4286	72.6138	7708.5005	0.4131	19214.899	0.9917	18	0.4737	20	15	5.0667	15	2.5333	2.5333	1.0	1.0	1.0	1.0	13	13	1	1	1	1	0.1749	0.9163	0.6667	0.5894	0.3879	0.5906	0.3636	0.6733				0.9334	0.9243	0.9449	0.9372	0.0	0.0755	0.0	0.0685	0.1667	1.0	0.6143	0.3821	0.035	-19.6515	-58.5035	-293679.8496	0	0	-0.3622	0.78	0.9291
1a_VARA_DE_FEITOS_TRIBUTARIOS_DO_ESTADO_-_TJMG	ETM	0.9659	0.5636	0.842	0.9365	0.7528	47.5667	0.045	0.0147	1.0	1.0	-17	0.2609	0.0	1.0	23.5098	23.5098	1.3333	23	-34.2647	0.1875	6	-10.7549	0.25	-3.0	0.5	0.1666	1.9994	0.0625	-0.2853	0.5356	-0.0519	0.8642	0.1014	3.8971	17.6515	0.1018	54.5035	0.1018	-1.256	0.6733	0	-1	0	0.4599	-0.2697	2476	32	28	28	100.0	88.4286	72.6138	7708.5005	0.4131	19214.899	0.9917	10	0.0826	111	122	2.1311	11	1.0656	1.0656	1.0	1.0	1.9	1.9	6	5	1	1	3	3	0.6571	0.759	0.1927	1.0	1.0	1.0	0.6061	0.803	0.4857	0.842	0.485	0.5565	0.5694	0.5605	0.5329	0.0	0.9677	0.0	0.95	0.1667	1.0	0.6143	0.3821	0.035	-19.6515	-58.5035	-293679.8496	0	0	-0.3622	6.89	0.4857
QUARTA_VARA_CRIMINAL_-_COMARCA_DE_VARZEA_GRANDE_-_SDCR_-_TJMT	IMf	0.5623	0.7536	0.7599	0.9695	0.6553	0.0	0.0	0.0076	0.6486	0.6458	-36	0.122	0.0	1.0	59.1354	59.1354	2.689	41	-71.1354	0.1251	5	-12.0	0.3364	-2.2668	0.5974	0.1197	1.674	0.2113	-0.2356	0.681	-0.1808	0.7208	0.1063	5.6217	20.4022	0.5369	79.4738	0.5369	-2.2567	0.4958	0	-1	0	0.3843	0.1762	7659	45	52	52	100.0	147.2885	115.8793	28717.455	0.4314	68099.3052	0.993	24	0.7059	10	23	3.0435	4	1.5217	1.5217	1.0	1.0	1.0417	1.0417	2	2	1	1	2	2	0.0223	0.6418	0.0763	0.9654	0.6552	0.9018	0.7609	0.9118	0.7591	0.7599	0.6896	0.7572	0.7572	0.7582	0.7365	0.0	0.428	0.0	0.4015	0.1776	1.0	0.7386	0.6475	0.023	-44.0537	-103.1253	-1160066.6949	0	0	-0.4665	0.82	0.7591
QUARTA_VARA_CRIMINAL_-_COMARCA_DE_VARZEA_GRANDE_-_SDCR_-_TJMT	IMd	0.033	0.9909	0.991	0.9946	0.9837	104.825	0.0506	0.0043	0.1934	-11.4145	-7	0.8293	0.0	1.0	-82.4447	-82.4447	7.9936	41	-71.1354	0.1251	34	-153.5801	1.0	27.3696	5.861	-0.1473	0.1706	0.8749	0.2463	1.3335	-0.6172	0.0468	-0.0221	0.0391	-122.4113	3.7787	-63.3397	3.7787	-0.7178	0.8396	0	-1	0	0.438	0.0611	7659	45	52	52	100.0	147.2885	115.8793	28717.455	0.4314	68099.3052	0.993	34	0.5075	33	25	5.36	16	2.68	2.68	1.0	1.0	1.0	1.0	13	14	1	1	1	1	21.5511	0.9836	0.8353	0.6513	0.1968	0.6473	0.2609	0.8136				0.9882	0.9903	0.9904	0.9919	0.0318	0.0326	0.0312	0.0318	0.1776	1.0	0.7386	0.6475	0.023	-44.0537	-103.1253	-1160066.6949	0	0	-0.4665	4.44	0.9909
edited_hh104_weekends	IMf	0.2199	0.675	0.6878	0.9204	0.6529	4.9695	0.0131	0.0113	0.9545	0.9347	-10	0.375	-0.125	0.875	-2.0	-2.0	0.8398	16	-8.0	0.4763	6	-10.0	0.4	-5.05	0.442	0.1395	2.2624	-0.0763	-0.1046	0.8417	0.3337	3.7375	0.1167	3.5425	-13.5098	3.0	-0.7549	3.0	-0.787	0.7579	0	-1	0	0.103	-0.8659	1728	19	18	18	100.0	96.0	64.0392	4206.9628	0.3912	12305.8167	0.9553	35	0.7778	10	32	3.0	5	1.5	1.5	1.0	1.0	1.0857	1.0857	3	4	1	1	3	3	0.7919	0.638	0.2067	0.9951	0.9737	0.9877	0.45	0.7705				0.6402	0.6854	0.6772	0.6811	0.1818	0.2013	0.1818	0.1854	0.1105	1.0	0.6608	0.1219	0.0459	-6.7549	-19.5098	-66204.3659	0	0	-0.0552	0.74	0.676
edited_hh104_weekends	IMd	0.0724	0.9842	0.9844	0.9903	0.9759	11.0	0.0289	0.0142	0.6406	-2.575	0	1.0	0.0	1.0	-47.303	-47.303	1.9761	16	-8.0	0.4763	16	-55.303	0.9412	6.0088	1.664	-0.0441	0.6009	0.4649	0.2784	1.4213	-0.0011	0.991	-0.0381	0.1699	-48.5481	8.1871	-44.4902	8.1871	-0.6542	0.7987	0	-1	0	0.0023	0.9583	1728	19	18	18	100.0	96.0	64.0392	4206.9628	0.3912	12305.8167	0.9553	20	0.5556	16	19	4.0	12	2.0	2.0	1.0	1.0	1.1	1.1	10	10	1	1	3	3	2.2024	0.9754	0.905	0.828	0.7137	0.7343	0.15	0.3993	0.9842	0.9842	0.9842	0.9771	0.9854	0.9858	0.9856	0.0698	0.0704	0.0684	0.0684	0.1105	1.0	0.6608	0.1219	0.0459	-6.7549	-19.5098	-66204.3659	0	0	-0.0552	0.43	0.9842
edited_hh104_weekends	ETM	0.98	0.5953	0.7401	0.929	0.7554	41.25	0.1086	0.0165	0.9661	0.9336	-8	0.5	0.0	1.0	-12.3645	-12.3645	0.4554	16	-8.0	0.4763	8	-20.3645	0.2169	-5.5794	0.3835	0.1776	2.6072	-0.2594	-0.3234	0.5106	0.3899	4.1985	0.0617	2.3442	-2.7549	1.4078	-0.4902	1.4078	-0.1811	0.9443	0	-1	0	0.1063	-0.9257	1728	19	18	18	100.0	96.0	64.0392	4206.9628	0.3912	12305.8167	0.9553	2	0.0156	126	124	2.0645	3	1.0323	1.0323	1.0	1.0	1.0	1.0	2	2	1	1	1	1	1.0491	0.7503	0.3073	0.9862	0.9649	0.9864	0.15	0.6885	0.5678	0.7401	0.5662	0.586	0.5852	0.6096	0.4761	0.6667	0.6667	0.6667	0.6667	0.1105	1.0	0.6608	0.1219	0.0459	-6.7549	-19.5098	-66204.3659	0	0	-0.0552	7.2	0.5678
1a_VARA_CRIMINAL_DA_CAPITAL_-_TJAM	IMf	0.4786	0.7214	0.7283	0.9596	0.6402	0.0	0.0	0.0036	0.5938	0.5476	-18	0.3793	-0.24	0.76	34.3645	34.3645	1.1746	29	-57.1194	0.1781	11	-22.7549	0.2092	-3.2136	0.5253	0.1335	1.9039	0.0311	-0.2177	0.678	0.1772	1.4127	0.0622	3.2455	-35.41	4.0501	21.4839	4.0501	-1.3032	0.6892	0	-1	0	0.0559	0.8627	5463	38	131	128	97.7099	41.7023	40.8571	23596.8202	0.5378	46560.9705	0.9788	32	0.6531	17	31	3.3548	11	1.6774	1.6774	1.0	1.0	1.0938	1.0938	6	9	1	1	3	3	9.3575	0.6498	0.1174	0.9401	0.6042	0.9026	0.5385	0.869	0.7283	0.7283	0.5695	0.7574	0.7611	0.7296	0.7875	0.3592	0.3683	0.2804	0.3595	0.1477	1.0	0.676	0.4294	0.0277	-11.6096	-68.5035	-687995.2424	0	0	-0.4072	2.28	0.7283
1a_VARA_CRIMINAL_DA_CAPITAL_-_TJAM	IMd	0.06	0.9924	0.9927	0.9921	0.987	46.3333	0.0313	0.0019	0.291	-7.7177	-2	0.931	0.0	1.0	-65.092	-65.092	5.6148	29	-57.1194	0.1781	27	-122.2114	1.0	20.2308	3.9887	-0.1107	0.2505	0.8219	0.3055	1.4519	-0.3924	0.0862	-0.0264	0.0469	-116.7724	11.0583	-59.8785	11.0583	-0.734	0.825	0	-1	0	0.3728	0.0845	5463	38	131	128	97.7099	41.7023	40.8571	23596.8202	0.5378	46560.9705	0.9788	21	0.4375	27	16	6.0	17	3.0	3.0	1.0	1.0	1.0	1.0	15	15	1	1	1	1	1.9276	0.9865	0.8259	0.7014	0.2906	0.7039	0.2821	0.725				0.9908	0.993	0.9951	0.9952	0.0519	0.0574	0.0468	0.0489	0.1477	1.0	0.676	0.4294	0.0277	-11.6096	-68.5035	-687995.2424	0	0	-0.4072	2.25	0.9924
1a_VARA_CRIMINAL_DA_CAPITAL_-_TJAM	ETM	0.9956	0.533	0.7507	0.9585	0.6827	21.1	0.0142	0.0077	0.9697	0.9814	-21	0.2759	0.0	1.0	39.1194	39.1194	1.1875	29	-57.1194	0.1781	8	-18.0	0.2115	-4.2307	0.375	0.2462	2.6669	0.0334	-0.1915	0.7167	0.2953	1.6877	0.1023	4.6931	4.8547	0.5818	57.7486	0.5818	-1.5219	0.6371	0	-1	0	0.058	0.8576	5463	38	131	128	97.7099	41.7023	40.8571	23596.8202	0.5378	46560.9705	0.9788	10	0.1562	54	59	2.4407	11	1.2203	1.2203	1.0	1.0	1.8	1.8	6	5	1	1	3	3	0.0835	0.6847	0.1215	0.9969	0.9677	0.9969	0.6667	0.8792	0.4878	0.7507	0.4456	0.5648	0.5734	0.5164	0.5772	0.9929	0.9911	0.7609	0.9833	0.1477	1.0	0.676	0.4294	0.0277	-11.6096	-68.5035	-687995.2424	0	0	-0.4072	3.63	0.4878
2A._VARA_DE_EXECUTIVO_FISCAL_JOAO_PESSOA_-_TJPB	IMf	0.1414	0.9597	0.9597	0.99	0.9459	5.4	0.0067	0.0083	0.6932	-1.0005	-6	0.7391	0.0	1.0	-30.5959	-30.5959	2.5903	23	-21.5098	0.298	17	-52.1057	0.7719	5.5499	1.6651	-0.0478	0.601	0.4739	0.1313	1.1709	-0.1739	0.3827	-0.0157	0.5124	-39.3508	3.5372	-25.5936	3.5372	-0.8025	0.768	0	-1	0	0.5145	-0.2282	5663	28	229	227	99.1266	24.7293	21.9296	24371.0466	0.6184	46146.2469	0.9467	13	0.4194	18	12	5.1667	15	2.5833	2.5833	1.0	1.0	1.0	1.0	13	13	1	1	1	1	0.0318	0.9584	0.7647	0.8256	0.6898	0.8234	0.3448	0.4334				0.9481	0.9606	0.9328	0.9654	0.1177	0.1199	0.1535	0.1136	0.1198	1.0	0.7684	0.2817	0.0322	-15.5098	-40.4064	-598554.6744	0	0	-0.4189	1.14	0.9597
2A._VARA_DE_EXECUTIVO_FISCAL_JOAO_PESSOA_-_TJPB	IMd	0.1509	0.9369	0.9395	0.9912	0.9143	0.0	0.0	0.0195	0.5249	-2.7902	-4	0.8261	-0.0476	0.9524	-44.4902	-44.4902	3.1966	23	-21.5098	0.298	19	-66.0	0.9526	9.7552	2.169	-0.0646	0.4608	0.6546	0.1766	1.2298	-0.2291	0.1867	-0.0269	0.1646	-61.5489	4.9684	-36.6523	4.9684	-0.5414	0.8435	0	-1	0	0.3742	0.1067	5663	28	229	227	99.1266	24.7293	21.9296	24371.0466	0.6184	46146.2469	0.9467	19	0.5	19	15	5.0667	10	2.5333	2.5333	1.0	1.0	1.0	1.0	8	8	1	1	1	1	0.2123	0.9124	0.7738	0.7386	0.5262	0.7401	0.3103	0.5411	0.9369	0.9369	0.9369	0.931	0.9276	0.9227	0.93	0.1138	0.13	0.099	0.1249	0.1198	1.0	0.7684	0.2817	0.0322	-15.5098	-40.4064	-598554.6744	0	0	-0.4189	1.56	0.9369
2A._VARA_DE_EXECUTIVO_FISCAL_JOAO_PESSOA_-_TJPB	ETM	0.9656	0.5161	0.6439	0.9644	0.5747	0.5	0.0006	0.0278	0.9697	0.9779	-18	0.2174	-0.5	0.5	-6.1417	-6.1417	0.4614	23	-21.5098	0.298	5	-27.6515	0.1375	-6.2823	0.2472	0.365	4.0467	-0.1605	-0.6284	0.1822	0.2608	1.9258	0.1315	5.0839	5.5098	0.6448	28.4064	0.6448	-0.7129	0.7939	0	-1	0	0.1859	0.5562	5663	28	229	227	99.1266	24.7293	21.9296	24371.0466	0.6184	46146.2469	0.9467	8	0.1356	51	53	2.5283	11	1.2642	1.2642	1.0	1.0	2.0	2.0	6	5	1	1	3	3	0.0847	0.5985	0.1357	0.9796	0.9688	0.9802	0.4483	0.8683	0.4508	0.6439	0.448	0.5207	0.534	0.4948	0.5396	0.9664	0.9776	0.9355	0.9338	0.1198	1.0	0.7684	0.2817	0.0322	-15.5098	-40.4064	-598554.6744	0	0	-0.4189	3.88	0.4508
VARA_DE_SUCESSOES_DE_CAMPINA_GRANDE_-_TJPB	IMd	0.118	0.7565	0.7638	0.9741	0.7718	1.5	0.0023	0.0223	0.3442	-6.4779	4	1.2222	-0.1185	0.8815	-38.9937	-38.9937	3.1465	18	-24.3645	0.2738	22	-63.3582	0.8615	11.2447	2.6425	-0.0908	0.3785	0.5877	0.2032	1.3088	-0.078	0.6749	-0.0306	0.2369	-84.4386	43.2193	-58.0322	43.2193	-0.5833	0.8331	0	-1	0	0.2073	0.1728	1557	25	25	25	100.0	62.28	50.9067	4656.867	0.4232	11347.2659	0.9915	25	0.5435	21	21	4.4762	14	2.2381	2.2381	1.0	1.0	1.04	1.04	12	12	1	1	2	2	0.6409	0.765	0.7605	0.563	0.3405	0.5751	0.1538	0.6879				0.7461	0.7749	0.7447	0.8049	0.0825	0.0881	0.0635	0.0871	0.1461	1.0	0.6581	0.2399	0.0401	-2.0	-28.4064	-139316.3838	0	0	-0.2506	2.07	0.7565
VARA_DE_SUCESSOES_DE_CAMPINA_GRANDE_-_TJPB	ETM	0.9672	0.5917	0.7568	0.9102	0.696	0.0	0.0	0.0254	0.973	0.835	-12	0.3333	0.0	1.0	2.8547	2.8547	0.5632	18	-24.3645	0.2738	6	-21.5098	0.1542	-4.5337	0.3378	0.2863	2.9596	-0.1196	-0.4301	0.3465	0.3823	2.5936	0.1185	3.9551	-6.7549	4.3774	16.8966	4.3774	-0.6276	0.8205	0	-1	0	0.2481	0.01	1557	25	25	25	100.0	62.28	50.9067	4656.867	0.4232	11347.2659	0.9915	12	0.1348	77	88	2.2273	11	1.1136	1.1136	1.0	1.0	1.75	1.75	6	5	1	1	3	3	0.2681	0.7069	0.2036	0.9795	0.9737	0.9767	0.3846	0.7989	0.5462	0.7568	0.5453	0.6058	0.6082	0.6561	0.6586	0.9583	0.9535	0.9512	0.9444	0.1461	1.0	0.6581	0.2399	0.0401	-2.0	-28.4064	-139316.3838	0	0	-0.2506	2.54	0.5462
BPI_Challenge_2020_PrepaidTravelCost	IMf	0.4029	0.8486	0.9406	0.9949	0.918	11.0	0.0126	0.002	0.4383	-2.6673	3	1.2308	-0.066	0.934	4.3904	4.3904	2.1198	13	-29.5098	0.2011	16	-25.1194	0.4263	2.2667	1.3886	-0.0479	0.7205	0.2252	0.2402	1.6047	0.0535	1.2239	0.028	1.6731	1.4099	0.9506	25.7412	0.9506	-0.7066	0.7962	0	-1	0	0.1857	0.1571	18246	29	2099	202	9.6236	8.6927	3.8252	5445.904	0.7181	12632.861	0.7971	22	0.5366	19	34	2.7647	5	1.3824	1.3824	1.0	1.0	1.2727	1.2727	3	4	1	1	3	3	51.1458	0.9138	0.4049	0.4817	0.443	0.4675	0.3333	0.7331				0.8659	0.895	0.8737	0.908	0.3778	0.4067	0.3605	0.3432	0.1714	1.0	0.3972	0.2389	0.0416	-28.5293	-58.8606	-2397287.337	0	0	-0.2203	7.05	0.8486
BPI_Challenge_2020_PrepaidTravelCost	IMd	0.3485	0.7371	0.8936	0.995	0.8519	11.0	0.0126	0.002	0.3645	-3.9429	10	1.7692	-0.1852	0.8148	3.2451	3.2451	1.995	13	-29.5098	0.2011	23	-26.2647	0.4012	2.9928	1.5131	-0.0581	0.661	0.2001	0.2281	1.5743	0.0706	1.2955	-0.0117	0.7188	-48.5294	2.701	-18.1981	2.701	-0.5278	0.8478	0	-1	0	-0.0929	1.4217	18246	29	2099	202	9.6236	8.6927	3.8252	5445.904	0.7181	12632.861	0.7971	20	0.4762	22	22	3.9091	7	1.9545	1.9545	1.0	1.0	1.05	1.05	4	4	1	1	2	2	0.0649	0.8155	0.4049	0.4645	0.386	0.4414	0.2333	0.7566	0.737	0.8806	0.737	0.7461	0.7494	0.7525	0.6371	0.3395	0.3489	0.294	0.2117	0.1714	1.0	0.3972	0.2389	0.0416	-28.5293	-58.8606	-2397287.337	0	0	-0.2203	1.12	0.737
BPI_Challenge_2020_PrepaidTravelCost	ETM	0.6796	0.9095	0.9097	0.9926	0.8769	11.0	0.0126	0.002	0.6154	0.3327	-9	0.3077	-0.6	0.4	2.0	2.0	0.7131	13	-29.5098	0.2011	4	-27.5098	0.1434	-3.5392	0.3933	0.2645	2.5432	-0.0577	-0.1558	0.6078	0.2361	1.9883	0.192	5.6154	2.9197	0.8977	33.251	0.8977	-0.9913	0.7141	0	-1	0	0.6657	-2.0218	18246	29	2099	202	9.6236	8.6927	3.8252	5445.904	0.7181	12632.861	0.7971	16	0.5	16	26	3.6923	11	1.8462	1.8462	1.0	1.0	2.0	2.0	6	5	1	1	3	3	0.0165	0.8633	0.1288	0.6953	0.5833	0.7259	0.4333	0.8737	0.9095	0.9097	0.8909	0.925	0.8603	0.9353	0.8947	0.676	0.6611	0.668	0.6178	0.1714	1.0	0.3972	0.2389	0.0416	-28.5293	-58.8606	-2397287.337	0	0	-0.2203	0.4	0.9095
JUIZO_DA_1a_ESCRIVANIA_CRIMINAL_DE_ARAPOEMA_-_TJTO	IMf	0.0805	0.8523	0.8548	0.9473	0.8695	4.7833	0.0031	0.0258	0.582	-5.174	-4	0.84	-0.0479	0.9521	27.4637	27.4637	4.4761	25	-59.0733	0.1718	21	-31.6096	0.769	8.681	2.2957	-0.0843	0.4354	0.5972	0.3326	1.6537	-0.1324	0.5256	-0.0215	0.3994	-13.7095	1.6158	39.456	1.6158	-1.2274	0.682	0	-1	0	0.1527	0.5603	1474	39	43	41	95.3488	34.2791	39.9812	4320.2728	0.4575	10249.3688	0.968	31	0.6078	20	27	3.8519	11	1.9259	1.9259	1.0	1.0	1.0323	1.0323	9	9	1	1	2	2	1.345	0.884	0.7023	0.6813	0.6033	0.6607	0.475	0.5335				0.8267	0.878	0.8038	0.916	0.0	0.1024	0.0	0.0629	0.1493	1.0	0.5088	0.2791	0.0358	-22.2647	-97.1194	-106538.44	0	0	-0.3473	0.62	0.8523
JUIZO_DA_1a_ESCRIVANIA_CRIMINAL_DE_ARAPOEMA_-_TJTO	IMd	0.0735	0.6931	0.7099	0.9367	0.7034	4.7833	0.0031	0.0258	0.3848	-7.677	0	1.0	-0.2345	0.7655	-9.9463	-9.9463	4.3364	25	-59.0733	0.1718	25	-69.0196	0.745	11.18	2.6687	-0.0934	0.3744	0.5732	0.2379	1.4676	0.0379	1.1358	-0.0231	0.3547	-87.7744	4.9423	-12.9197	4.9423	-1.147	0.7028	0	-1	0	0.2773	0.2016	1474	39	43	41	95.3488	34.2791	39.9812	4320.2728	0.4575	10249.3688	0.968	25	0.5102	24	19	5.1579	14	2.5789	2.5789	1.0	1.0	1.0	1.0	12	12	1	1	1	1	1.3023	0.7086	0.645	0.5667	0.4082	0.5334	0.375	0.6832				0.6777	0.7266	0.6768	0.6957	0.0	0.0643	0.0	0.0421	0.1493	1.0	0.5088	0.2791	0.0358	-22.2647	-97.1194	-106538.44	0	0	-0.3473	1.5	0.6931
JUIZO_DA_1a_ESCRIVANIA_CRIMINAL_DE_ARAPOEMA_-_TJTO	ETM	0.8301	0.4844	0.6121	0.8431	0.4595	45.1952	0.029	0.0257	0.9375	0.9143	-20	0.2	-0.5	0.5	35.0733	35.0733	0.8871	25	-59.0733	0.1718	5	-24.0	0.1524	-4.5667	0.3184	0.3195	3.14	-0.0194	-0.3299	0.3516	0.1962	1.703	0.1466	5.095	17.5098	0.2136	89.1194	0.2136	-1.3346	0.6542	0	-1	0	0.3362	0.032	1474	39	43	41	95.3488	34.2791	39.9812	4320.2728	0.4575	10249.3688	0.968	11	0.2683	30	38	2.5789	11	1.2895	1.2895	1.0	1.0	1.7273	1.7273	6	5	1	1	3	3	0.0336	0.4375	0.1069	0.9659	0.9333	0.9669	0.625	0.8889	0.4689	0.6121	0.4564	0.5427	0.454	0.4909	0.5453	0.7759	0.7465	775.0	0.8	0.1493	1.0	0.5088	0.2791	0.0358	-22.2647	-97.1194	-106538.44	0	0	-0.3473	0.83	0.4689
BPI_Challenge_2014_Reference alignment	IMf	0.9231	0.8595	0.8595	1.0	0.821	0.0	0.0	0.0719	0.8125	0.7458	-1	0.8	-0.0417	0.9333	0.0	0.0	0.8001	5	-4.0	0.4762	4	-4.0	0.381	-0.5714	0.8	0.0875	1.25	-0.0952	-0.136	0.7106	0.2	1.6667	0.0952	1.5403	-2.7549	1.4078	-2.7549	1.4078	0.0374	1.0209	0	-1	0	0.1385	-0.8691	128554	6	43802	515	1.1757	2.9349	1.5702	9402.1885	0.6895	42015.943	0.638	9	0.6	6	11	2.7273	4	1.3636	1.3636	1.0	1.0	1.0	1.0	2	2	1	1	1	1	0.0061	0.9987	0.7333	0.9129	0.7857	0.9327	0.0	0.4348	0.8595	0.8595	0.8595	0.8794	0.9992	0.8781	0.997	0.9235	0.8729	0.9197	0.8087	0.35	0.625	0.47	0.3	0.1762	-6.7549	-6.7549	-12747566.7105	0	0	-0.0741	0.53	0.8595
BPI_Challenge_2014_Reference alignment	IMd	0.8302	0.8596	0.8596	1.0	0.8216	0.0	0.0	0.0719	0.8095	0.7237	-1	0.8	0.125	1.2	-2.7549	-2.7549	1.05	5	-4.0	0.4762	4	-6.7549	0.5	0.1429	1.05	-0.0167	0.9523	0.0238	0.0097	1.0206	0.1	1.3333	0.0238	1.1351	-2.7549	1.4078	-2.7549	1.4078	0.0392	1.0219	0	-1	0	0.1141	-0.5398	128554	6	43802	515	1.1757	2.9349	1.5702	9402.1885	0.6895	42015.943	0.638	4	0.4	6	7	2.8571	5	1.4286	1.4286	1.0	1.0	1.0	1.0	3	3	1	1	1	1	0.0034	1.0	0.9333	0.919	0.8235	0.9271	0.0	0.2917	0.8596	0.8596	0.8596	0.8796	0.9999	0.8782	0.9999	0.8271	0.7581	0.8205	0.7038	0.35	0.625	0.47	0.3	0.1762	-6.7549	-6.7549	-12747566.7105	0	0	-0.0741	0.57	0.8596
BPI_Challenge_2014_Reference alignment	ETM	0.62	0.9837	0.9996	1.0	0.9982	0.0	0.0	0.0122	0.6667	0.2327	0	1.0	0.0417	1.0667	-2.7549	-2.7549	1.26	5	-4.0	0.4762	5	-6.7549	0.6	0.1429	1.05	-0.0167	0.9523	0.1238	0.0856	1.1821	-0.1	0.6667	-0.0512	0.7094	2.7549	0.5922	2.7549	0.5922	-0.2173	0.8785	0	-1	0	-0.0509	1.6869	128554	6	43802	515	1.1757	2.9349	1.5702	9402.1885	0.6895	42015.943	0.638	17	0.7391	6	20	3.9	11	1.95	1.95	1.0	1.0	1.9412	1.9412	6	5	1	1	3	3	0.068	0.9963	0.5333	0.6693	0.625	0.7273	0.1429	0.5385	0.9829	0.9996	0.9793	0.9771	0.9767	0.9773	0.9255	0.6175	0.5818	0.6126	0.7775	0.35	0.625	0.47	0.3	0.1762	-6.7549	-6.7549	-12747566.7105	0	0	-0.0741	0.72	0.9829
Hospital Billing - Event Log	IMf	0.7475	0.821	0.8226	0.9999	0.8836	0.0	0.0	0.0004	0.7885	-0.1441	-4	0.7333	-0.0333	0.96	-6.0	-6.0	1.0719	15	-8.0	0.462	11	-14.0	0.4952	-1.3825	0.8338	0.0239	1.1987	0.0332	0.1029	1.1875	0.2013	2.8919	0.0395	1.8624	-29.2611	5.3318	-24.016	5.3318	-0.4706	0.844	0	-1	0	0.0063	0.9624	451359	18	100000	1020	1.02	4.5136	2.8935	24210.8816	0.7446	81738.0917	0.6928	20	0.5882	14	20	3.5	7	1.75	1.75	1.0	1.0	1.05	1.05	4	4	1	1	2	2	0.0365	0.8828	0.5035	0.7737	0.7742	0.7979	0.2105	0.5444	0.821	0.8226	0.821	0.8765	0.8704	0.8779	0.9925	0.6651	0.7121	0.6157	0.6531	0.1203	0.8333	0.5489	0.1064	0.0458	-6.7549	-12.0	-83955389.1754	0	0	-0.1675	4.41	0.821
Hospital Billing - Event Log	IMd	0.625	0.9983	0.9983	1.0	0.9952	0.0	0.0	0.0101	0.6633	-2.1061	0	1.0	0.0369	1.0443	-34.8086	-34.8086	1.7948	15	-8.0	0.462	15	-42.8086	0.8292	4.1217	1.4956	-0.0399	0.6683	0.3672	0.2943	1.5362	0.0222	1.2086	-0.0256	0.441	-43.3508	7.4177	-38.1057	7.4177	-0.2876	0.9046	0	-1	0	0.0743	0.5564	451359	18	100000	1020	1.02	4.5136	2.8935	24210.8816	0.7446	81738.0917	0.6928	20	0.5714	15	16	4.375	10	2.1875	2.1875	1.0	1.0	1.0	1.0	8	8	1	1	1	1	0.3425	0.9938	0.8322	0.6996	0.6503	0.727	0.1579	0.4133				0.9959	0.9962	0.9982	0.9973	0.5564	0.5538	0.4748	0.3162	0.1203	0.8333	0.5489	0.1064	0.0458	-6.7549	-12.0	-83955389.1754	0	0	-0.1675	5.1	0.9983
Hospital Billing - Event Log	ETM	0.5305	0.9454	0.9568	0.9998	0.9363	88.5	0.2588	0.001	0.5806	-1.7063	-6	0.6	0.1364	1.1637	4.0	4.0	1.8639	15	-8.0	0.462	9	-4.0	0.8611	-1.4269	0.8284	0.0249	1.207	0.3991	0.3136	1.5713	-0.0445	0.5818	-0.018	0.607	0.0	1.0	1.2451	1.0	-1.202	0.6015	0	-1	0	-0.0062	1.037	451359	18	100000	1020	1.02	4.5136	2.8935	24210.8816	0.7446	81738.0917	0.6928	26	0.7222	10	27	4.1481	16	2.0741	2.0741	1.0	1.0	1.7692	1.7692	9	7	1	1	4	4	4.1921	0.9299	0.2238	0.5734	0.5926	0.589	0.5263	0.8043	0.9483	0.9568	0.6061	0.937	0.9501	0.9414	0.9672	0.5302	0.5319	0.5122	0.4551	0.1203	0.8333	0.5489	0.1064	0.0458	-6.7549	-12.0	-83955389.1754	0	0	-0.1675	25.77	0.9483
COLOMBO_-_VARA_DA_FAZENDA_PUBLICA_-_TJPR	IMf	0.4487	0.5886	0.886	0.9965	0.8787	0.0	0.0	0.0014	0.401	-3.2068	-1	0.9333	-0.1111	0.8889	-13.7744	-13.7744	3.4498	15	-18.7549	0.2319	14	-32.5293	0.8	6.6667	2.25	-0.1042	0.4443	0.5681	0.1986	1.3195	-0.1012	0.7017	-0.0309	0.3808	-33.6515	2.7124	-18.7737	2.7124	-0.9375	0.7337	0	-1	0	0.2613	0.317	14208	23	513	395	76.9981	27.6959	18.6026	39939.5896	0.6458	90648.9756	0.8461	54	0.7826	15	42	3.3333	5	1.6667	1.6667	1.0	1.0	1.0185	1.0185	3	3	1	1	2	2	0.8993	0.8697	0.582	0.5991	0.4356	0.5618	0.3333	0.6831				0.5903	0.5892	0.5978	0.5887	0.4006	0.4428	0.3114	0.3555	0.1875	1.0	0.6216	0.3393	0.0499	-19.6515	-34.5293	-1042542.8422	0	0	-0.3826	2.3	0.8626
COLOMBO_-_VARA_DA_FAZENDA_PUBLICA_-_TJPR	IMd	0.1169	0.9982	0.9982	0.9983	0.9961	0.0	0.0	0.0014	0.3189	-8.3116	3	1.2	0.0	1.0	-50.732	-50.732	4.552	15	-18.7549	0.2319	18	-69.4869	1.0556	12.6111	3.3646	-0.1318	0.2971	0.8237	0.3784	1.6088	-0.3393	0.0	-0.0499	0.0	-55.4072	3.8195	-40.5294	3.8195	-0.848	0.7591	0	-1	0	0.327	0.1453	14208	23	513	395	76.9981	27.6959	18.6026	39939.5896	0.6458	90648.9756	0.8461	45	0.7258	17	31	4.0	10	2.0	2.0	1.0	1.0	1.0	1.0	8	8	1	1	1	1	597.7258	0.9958	0.7951	0.5362	0.3356	0.5175	0.25	0.704				0.9969	0.9974	0.9982	0.9978	0.1097	0.1052	0.0939	0.0956	0.1875	1.0	0.6216	0.3393	0.0499	-19.6515	-34.5293	-1042542.8422	0	0	-0.3826	3.13	0.9982
COLOMBO_-_VARA_DA_FAZENDA_PUBLICA_-_TJPR	ETM	0.9136	0.7838	0.893	0.9933	0.8633	3.6667	0.0066	0.0105	0.9677	0.9328	-9	0.4	0.0	1.0	8.0	8.0	1.2152	15	-18.7549	0.2319	6	-10.7549	0.2818	-2.5151	0.5284	0.1673	1.8923	0.0499	-0.1818	0.7075	0.2107	1.621	0.1147	3.2986	15.6515	0.2035	30.5293	0.2035	-1.2347	0.6493	0	-1	0	0.1634	0.5729	14208	23	513	395	76.9981	27.6959	18.6026	39939.5896	0.6458	90648.9756	0.8461	20	0.4167	28	43	2.6512	11	1.3256	1.3256	1.0	1.0	1.45	1.45	6	5	1	1	3	3	0.0288	0.8535	0.2213	0.9728	0.9688	0.972	0.5417	0.7674	0.7296	0.893	0.7276	0.8067	0.7766	0.8448	0.7857	0.9206	0.8641	0.8514	0.8751	0.1875	1.0	0.6216	0.3393	0.0499	-19.6515	-34.5293	-1042542.8422	0	0	-0.3826	2.61	0.7296
Road_Traffic_Fine_Management_Process	IMf	0.7347	0.7893	0.9176	1.0	0.9254	4.0	0.0303	0.0054	0.7303	-1.1929	-1	0.9091	-0.0953	0.8999	-6.0	-6.0	1.141	11	-4.0	0.5909	10	-10.0	0.6742	0.9167	1.141	-0.019	0.8765	0.0833	0.0174	1.0235	0.0472	1.3761	-0.003	0.9381	-9.2451	2.3687	-9.2451	2.3687	-0.0868	0.9655	0	-1	0	0.0516	0.7048	561470	11	150370	231	0.1536	3.7339	2.1787	1882.7079	0.7654	8525.8181	0.5976	16	0.5926	11	26	2.5385	3	1.2692	1.2692	1.0	1.4545	1.375	1.0625	2	2	1	6	3	2	1.3069	0.8708	0.8143	0.6091	0.7308	0.6228	0.0	0.3627	0.7893	0.9176	0.7838	0.8332	0.8544	0.8329	0.9903	0.6672	0.5773	0.5009	0.5653	0.1538	0.9524	0.7415	0.1255	0.0485	-6.7549	-6.7549	-80836473.9447	0	0	-0.1748	6.66	0.7892
Road_Traffic_Fine_Management_Process	IMd	0.4442	0.5796	0.7948	1.0	0.7663	0.0	0.0	0.0072	0.697	-1.6542	-1	0.9091	-0.1032	0.8916	-16.2647	-16.2647	1.2693	11	-4.0	0.5909	10	-20.2647	0.75	1.75	1.2692	-0.0326	0.788	0.1591	0.0208	1.0281	-0.0346	0.7243	-0.0152	0.6866	-6.7549	2.0	-11.6096	2.0	0.0192	1.0076	0	-1	0	-0.0054	1.0309	561470	11	150370	231	0.1536	3.7339	2.1787	1882.7079	0.7654	8525.8181	0.5976	19	0.6333	11	22	3.0	5	1.5	1.5	1.0	1.0	1.1579	1.1579	2	3	1	1	2	2	0.2608	0.5954	0.8714	0.642	0.6932	0.6401	0.0	0.3611				0.5559	0.4994	0.5555	0.5571	0.4443	0.4441	0.3333	0.444	0.1538	0.9524	0.7415	0.1255	0.0485	-6.7549	-6.7549	-80836473.9447	0	0	-0.1748	2.01	0.5796
Road_Traffic_Fine_Management_Process	ETM	0.8264	0.84	0.84	0.9999	0.8751	4.0	0.0303	0.0054	0.85	0.8422	-8	0.2727	-0.6191	0.35	-4.0	-4.0	0.4701	11	-4.0	0.5909	3	-8.0	0.2778	-4.2778	0.3419	0.2962	2.9259	-0.3131	-0.56	0.2448	0.4102	4.2685	0.2055	5.2371	-4.7549	1.7039	-4.7549	1.7039	-0.4789	0.8094	0	-1	0	0.4185	-1.3942	561470	11	150370	231	0.1536	3.7339	2.1787	1882.7079	0.7654	8525.8181	0.5976	6	0.4286	8	10	2.8	4	1.4	1.4	1.0	1.0	1.0	1.0	2	2	1	1	1	1	0.0047	0.8348	0.1857	0.8608	0.8125	0.8944	0.25	0.7901	0.84	0.84	0.84	0.8707	0.8709	0.8709	0.8814	0.8263	0.8288	0.8261	0.8268	0.1538	0.9524	0.7415	0.1255	0.0485	-6.7549	-6.7549	-80836473.9447	0	0	-0.1748	0.81	0.84
BPI_Challenge_2020_PermitLog	IMd	0.1283	0.711	0.7368	0.9979	0.736	0.0	0.0	0.0011	0.3011	-16.8329	6	1.1765	-0.0692	0.9308	-107.0769	-107.0769	3.4986	34	-41.7744	0.2142	40	-148.8513	0.7494	19.0525	2.7442	-0.0581	0.365	0.5352	0.2053	1.3424	-0.0503	0.7166	-0.0134	0.3558	-168.2019	6.0634	-77.489	6.0634	-0.536	0.87	0	-1	0	0.1265	0.2857	86581	51	7065	1478	20.92	12.2549	8.4139	95852.5071	0.7278	216169.4	0.8169	24	0.375	40	20	6.4	25	3.2	3.2	1.0	1.0	1.0	1.0	23	23	1	1	1	1	1.7592	0.6892	0.6474	0.4706	0.3039	0.4657	0.2115	0.7407				0.7106	0.7365	0.7117	0.7149	0.1238	0.1235	0.1249	0.1231	0.0915	1.0	0.5996	0.1775	0.0208	-33.2193	-123.9322	-16239419.9406	0	0	-0.1771	121.0	0.711
BPI_Challenge_2020_PermitLog	ETM	0.8139	0.7391	0.7502	0.9944	0.6909	5.2202	0.002	0.0024	0.9216	0.8099	-25	0.2647	0.0	1.0	15.368	15.368	0.8754	34	-41.7744	0.2142	9	-26.4064	0.1875	-7.9231	0.2746	0.2418	3.6426	-0.0267	-0.1604	0.7325	0.3475	2.9577	0.1182	6.6827	12.8548	0.613	100.8128	0.613	-1.5935	0.6136	0	-1	0	0.2622	-0.4805	86581	51	7065	1478	20.92	12.2549	8.4139	95852.5071	0.7278	216169.4	0.8169	28	0.56	22	44	3.4091	11	1.7045	1.7045	1.0	1.0	1.8929	1.8929	6	5	1	1	3	3	0.1064	0.6654	0.0814	0.9499	0.9245	0.9486	0.6731	0.9178	0.7003	0.7502	0.6817	0.7555	0.6876	0.7683	0.6914	0.8106	0.8851	0.8082	0.8303	0.0915	1.0	0.5996	0.1775	0.0208	-33.2193	-123.9322	-16239419.9406	0	0	-0.1771	11.6	0.7003
BPI_Challenge_2019_log_IEEE	IMd	-1.0	-1.0	0.9669	0.9999	0.9418	42.5833	0.0236	0.0	0.494	-9.1454	0	1.0	0.0	1.0	-111.851	-111.851	3.4726	29	-22.7549	0.2979	29	-134.6059	1.0345	16.4539	2.3151	-0.0454	0.4318	0.7366	0.3728	1.5944	-0.1189	0.0	-0.0259	0.0	-126.1265	9.5481	-64.8681	9.5481	-0.7056	0.825	0	-1	0	0.1537	0.1833	1595923	42	251734	11973	4.7562	6.3397	5.1255	1682613.1757	0.6426	3722494.2533	0.8644	35	0.5556	28	27	4.7407	19	2.3704	2.3704	1.0	1.0	1.0286	1.0286	17	17	1	1	2	2	37.5908	0.9558	0.7671	0.669	0.4872	0.6683	0.3256	0.5691												0.0799	1.0	0.6272	0.1189	0.0259	-14.7549	-76.0133	-477683762.6292	0	0	-0.1882	162.82	0.9592
BPI_Challenge_2019_log_IEEE	ETM	0.9831	0.8121	0.8139	0.9997	0.6204	0.0	0.0	0.0035	1.0	1.0	-25	0.1379	-0.4	0.6	14.7549	14.7549	0.8993	29	-22.7549	0.2979	4	-8.0	0.2679	-10.6366	0.1499	0.4534	6.6746	-0.03	-0.3387	0.46	0.3573	4.005	0.2181	9.4208	8.7549	0.4066	70.0133	0.4066	-2.1167	0.475	0	-1	0	0.113	0.3996	1595923	42	251734	11973	4.7562	6.3397	5.1255	1682613.1757	0.6426	3722494.2533	0.8644	2	0.2222	7	10	2.0	3	1.0	1.0	1.0	1.0	1.5	1.5	2	2	1	1	2	2	0.0051	0.5631	0.0241	1.0	1.0	1.0	0.814	0.9721	0.8123	0.8139	0.8123	0.8192	0.6264	0.8327	0.7884	0.9828	0.9723	0.9828	0.9821	0.0799	1.0	0.6272	0.1189	0.0259	-14.7549	-76.0133	-477683762.6292	0	0	-0.1882	16.76	0.8123
SETIMA_VARA_CIVEL_-_COMARCA_DA_CAPITAL_-_SDCR_-_TJMT	IMf	0.4068	0.7852	0.7801	0.9824	0.7686	85.0865	0.0218	0.0017	0.8229	0.7428	-41	0.18	0.0	1.0	92.155	92.155	3.8219	50	-108.9099	0.1196	9	-16.7549	0.4571	-1.0127	0.8634	0.0213	1.1579	0.3375	-0.1848	0.7738	0.1036	1.2842	0.0784	5.3799	54.6033	0.301	174.0293	0.301	-2.1568	0.5517	0	-1	0	0.2399	0.4885	21907	62	159	149	93.7107	137.7799	145.9379	98582.1254	0.479	213971.5263	0.9876	20	0.5882	14	23	3.3043	6	1.6522	1.6522	1.0	1.0	1.2	1.2	5	5	1	1	5	5	35.6494	0.7698	0.1556	0.9608	0.8333	0.9521	0.7619	0.8368				0.798	0.811	0.7777	0.8028	0.3263	0.3754	0.2813	0.3022	0.1349	1.0	0.8169	0.3645	0.0179	-78.1131	-201.1487	-4080233.6267	0	0	-0.469	27.46	0.786
SETIMA_VARA_CIVEL_-_COMARCA_DA_CAPITAL_-_SDCR_-_TJMT	IMd	0.0701	0.9073	0.9953	0.9971	0.9903	85.0865	0.0218	0.0017	0.191	-17.8221	-4	0.92	0.0	1.0	-138.2235	-138.2235	8.5426	50	-108.9099	0.1196	46	-247.1334	1.0217	38.5656	6.2026	-0.1132	0.1609	0.9021	0.1831	1.2241	-0.3645	0.0	-0.0179	0.0	-175.9707	3.2528	-52.9351	3.2528	-0.7124	0.8519	0	-1	0	0.4473	0.0463	21907	62	159	149	93.7107	137.7799	145.9379	98582.1254	0.479	213971.5263	0.9876	28	0.3836	45	21	7.0476	20	3.5238	3.5238	1.0	1.0	1.0357	1.0357	17	17	1	1	2	2	4798.1398	0.9902	0.86	0.6087	0.1911	0.6151	0.2698	0.8145				0.9039	0.9355	0.8916	0.94	0.0622	0.0558	0.0517	0.0424	0.1349	1.0	0.8169	0.3645	0.0179	-78.1131	-201.1487	-4080233.6267	0	0	-0.469	43.43	0.9073
Sepsis Cases - Event Log	IMf	0.6937	0.7929	0.7818	0.995	0.7614	0.0	0.0	0.0296	0.7571	0.4107	-8	0.5294	-0.2021	0.7877	-10.7549	-10.7549	0.6716	17	-8.7549	0.4963	9	-19.5098	0.3333	-3.2745	0.5877	0.0884	1.7021	-0.163	-0.2182	0.7017	0.2872	2.5973	0.094	3.2816	-26.3645	6.5447	-19.1194	6.5447	-0.2758	0.9055	0	-1	0	0.2984	0.0223	15214	16	1050	846	80.5714	14.4895	11.8652	40115.9206	0.687	101159.0168	0.7705	16	0.5333	14	22	3.0	5	1.5	1.5	1.0	1.0714	1.1875	1.125	3	3	1	2	3	3	0.0584	0.7922	0.4087	0.8272	0.7344	0.8453	0.1176	0.6513	0.7929	0.7818	0.7398	0.7893	0.8073	0.7855	0.7996	0.6022	0.6883	0.588	0.6355	0.1259	0.9521	0.7316	0.1798	0.0412	-4.7549	-12.0	-1394247.6423	0	0	-0.3052	3.07	0.7929
Sepsis Cases - Event Log	IMd	0.374	0.7738	0.9999	0.9999	0.9999	50.0	0.1838	0.0097	0.4926	-3.4868	0	1.0	0.0479	1.0503	-49.8485	-49.8485	2.0149	17	-8.7549	0.4963	17	-58.6034	1.0	8.0588	2.0148	-0.0634	0.4964	0.5037	0.2373	1.3244	-0.1173	0.3476	-0.0375	0.0898	-59.2451	13.4598	-52.0	13.4598	-0.2119	0.9274	0	-1	0	0.2501	0.1805	15214	16	1050	846	80.5714	14.4895	11.8652	40115.9206	0.687	101159.0168	0.7705	16	0.5	16	18	3.8889	7	1.9444	1.9444	1.0	1.0	1.1875	1.1875	5	5	1	1	3	3	47.0011	0.9999	0.9913	0.6898	0.475	0.7033	0.0	0.5092				0.7687	0.7639	0.7692	0.7831	0.3195	0.3628	0.2863	0.3644	0.1259	0.9521	0.7316	0.1798	0.0412	-4.7549	-12.0	-1394247.6423	0	0	-0.3052	10.25	0.7738
Sepsis Cases - Event Log	ETM	0.8582	0.7541	0.8294	0.9943	0.8432	0.5	0.0018	0.0125	0.9348	0.7351	-8	0.5294	-0.0771	0.919	-2.8547	-2.8547	0.7022	17	-8.7549	0.4963	9	-11.6096	0.3485	-4.1079	0.4827	0.135	2.0723	-0.1478	-0.1469	0.7992	0.2666	2.4828	0.058	2.4078	2.7549	0.4206	0.4902	0.4206	-0.4181	0.8567	0	-1	0	0.3508	-0.1494	15214	16	1050	846	80.5714	14.4895	11.8652	40115.9206	0.687	101159.0168	0.7705	62	0.7209	24	77	3.7143	11	1.8571	1.8571	1.0	1.0	1.9194	1.9194	6	5	1	1	3	3	0.2219	0.8487	0.3391	0.968	0.9423	0.9599	0.2941	0.6884	0.7409	0.8294	0.6571	0.7516	0.7593	0.707	0.7916	0.8244	0.8618	0.7124	0.8525	0.1259	0.9521	0.7316	0.1798	0.0412	-4.7549	-12.0	-1394247.6423	0	0	-0.3052	7.61	0.734
4_a_VARA_CIVEL_DE_ARACAJU_-_TJSE	IMd	0.0415	0.9368	0.9983	0.9988	0.9977	13.3333	0.0029	0.0017	0.1955	-21.2941	-12	0.8	0.0	1.0	-94.5681	-94.5681	9.0187	60	-118.7349	0.1124	48	-213.303	1.0137	40.1164	6.328	-0.1118	0.1581	0.9013	0.194	1.2424	-0.4973	0.0004	-0.0179	0.0056	-147.3966	2.9242	-44.2053	2.9242	-0.8153	0.8279	0	-1	0	0.4759	0.0411	55758	67	456	456	100.0	122.2763	127.3023	309909.644	0.5392	598222.8233	0.9816	25	0.3472	47	21	6.9524	34	3.4762	3.4762	1.0	1.0	1.04	1.04	32	32	1	1	2	2	14.3657	0.9976	0.8697	0.5652	0.1978	0.5609	0.2941	0.8099				0.9523	0.9442	0.965	0.9396	0.0333	0.0373	0.0286	0.0331	0.1328	1.0	0.8003	0.4975	0.018	-76.6034	-223.8729	-10712488.9812	0	0	-0.4963	113.2	0.9368
BPI_Challenge_2013_open_problems	IMf	0.9502	0.9783	0.9783	0.9994	0.9811	1.0	0.0833	0.1706	1.0	1.0	0	1.0	0.0	1.0	2.0	2.0	0.8333	4	-2.0	1.0	4	0.0	0.8333	-0.5	0.8333	0.0667	1.2001	-0.1667	-0.05	0.94	0.5	3.9994	0.0834	2.0012	-2.7549	2.3775	-2.7549	2.3775	-0.107	0.9272	0	-1	0	0.0	1.0	2351	3	819	108	13.1868	2.8706	2.2846	891.6574	0.6812	3082.3382	0.6986	7	0.7	3	7	2.8571	5	1.4286	1.4286	1.0	1.0	1.0	1.0	3	3	1	1	1	1	0.0034	1.0	1.0	1.0	1.0	1.0	0.0	0.1667	0.9783	0.9783	0.9783	0.9798	0.9687	0.9848	0.9772	0.9631	0.8771	0.9733	0.9412	0.3333	1.0	0.8333	0.1667	0.0833	-2.0	-2.0	-126610.3615	0	0	-0.1228	0.2	0.9783
BPI_Challenge_2013_open_problems	IMd	0.9066	1.0	1.0	1.0	1.0	0.0	0.0	0.0	0.8	0.635	0	1.0	0.0	1.0	-2.7549	-2.7549	1.25	4	-2.0	1.0	4	-4.7549	1.25	0.75	1.25	-0.0666	0.8002	0.25	0.1667	1.2	-0.1667	0.0	-0.0833	0.0	-6.0	4.0	-6.0	4.0	-0.0148	0.9899	0	-1	0	-0.1272	2.0358	2351	3	819	108	13.1868	2.8706	2.2846	891.6574	0.6812	3082.3382	0.6986	11	0.7857	3	9	3.1111	5	1.5556	1.5556	1.0	1.0	1.0	1.0	3	3	1	1	1	1	0.0087	1.0	1.0	0.836	0.6667	0.9016	0.0	0.2	0.6676	1.0	1.0	0.9996	0.9996	0.9996	0.9996	0.7996	0.8816	0.8046	0.7733	0.3333	1.0	0.8333	0.1667	0.0833	-2.0	-2.0	-126610.3615	0	0	-0.1228	0.17	1.0
BPI_Challenge_2013_open_problems	ETM	-1.0	-1.0	0.0	0.9962	0.0	0.0	0.0	0.1706	0.0	-0.2918	2	1.5	0.0	1.0	-4.7549	-4.7549	1.1333	4	-2.0	1.0	6	-6.7549	1.1333	2.6667	1.8889	-0.1568	0.5296	0.1333	0.1334	1.1601	-0.1542	0.075	-0.075	0.0996	-8.0	5.0	-8.0	5.0	0.0983	1.0669	0	-1	0	-0.0439	1.3575	2351	3	819	108	13.1868	2.8706	2.2846	891.6574	0.6812	3082.3382	0.6986	31	0.7381	11	31	4.2581	11	2.129	2.129	1.0	1.0	1.7742	1.7742	6	5	1	1	3	3	1.9264	0.0	0.0						-0.4946	-0.4946	-0.4946	-1.0	-1.0	-1.0	-1.0	-1.0	-1.0	-1.0	-1.0	0.3333	1.0	0.8333	0.1667	0.0833	-2.0	-2.0	-126610.3615	0	0	-0.1228	0.25	-0.4946
BPI_Challenge_2013_incidents	IMf	0.9236	0.7246	0.7644	0.9999	0.7855	0.0	0.0	0.0294	0.9167	0.8421	-2	0.6	0.0	1.0	-2.0	-2.0	1.25	5	-2.0	0.8	3	-4.0	1.0	-0.2	0.9375	0.0208	1.0666	0.2	-0.0319	0.9622	0.0416	1.1426	0.0083	1.0711	2.7549	0.4206	2.7549	0.4206	-0.0104	0.9931	0	-1	0	0.1574	0.6136	65533	4	7554	1511	20.0026	8.6753	7.12	88097.2829	0.7131	227641.4707	0.7637	9	0.75	3	10	2.6	3	1.3	1.3	1.0	1.0	1.1111	1.1111	2	2	1	1	2	2	0.0058	0.8597	0.6364	1.0	1.0	0.9579	0.2	0.3529	0.7251	0.7644	0.6713	0.7607	0.7629	0.739	0.8448	0.9437	0.9237	0.874	0.8581	0.3125	1.0	0.8444	0.2917	0.1167	-4.7549	-4.7549	-2891931.5595	0	0	-0.4074	1.2	0.7251
BPI_Challenge_2013_incidents	IMd	0.6257	1.0	1.0	1.0	1.0	0.0	0.0	0.0	0.6667	0.0316	0	1.0	0.0	1.0	-6.0	-6.0	1.5	5	-2.0	0.8	5	-8.0	1.2	1.6	1.5	-0.1042	0.6666	0.4	0.1556	1.1843	-0.2917	0.0	-0.1167	0.0	-6.8547	2.4416	-6.8547	2.4416	-0.1723	0.8849	0	-1	0	0.2074	0.4909	65533	4	7554	1511	20.0026	8.6753	7.12	88097.2829	0.7131	227641.4707	0.7637	17	0.8095	4	14	3.1429	5	1.5714	1.5714	1.0	1.0	1.0588	1.0588	2	3	1	1	2	2	0.2411	1.0	1.0	0.8529	0.6875	0.8726	0.0	0.3333	0.9999	1.0	1.0	0.9997	0.9998	0.9997	0.9997	0.6449	0.6005	0.6238	0.5321	0.3125	1.0	0.8444	0.2917	0.1167	-4.7549	-4.7549	-2891931.5595	0	0	-0.4074	1.07	1.0
BPI_Challenge_2013_incidents	ETM	-1.0	-1.0	0.0	0.9998	0.0	0.0	0.0	0.0387	0.0	0.6899	1	1.2	-0.5556	0.4444	-10.0	-10.0	0.3889	5	-2.0	0.8	6	-12.0	0.3111	-0.4	0.875	0.0446	1.1427	-0.4889	-0.5903	0.3009	0.1389	1.4762	0.0514	1.4404	-6.0	2.2619	-6.0	2.2619	0.6165	1.4119	0	-1	0	0.3684	0.0957	65533	4	7554	1511	20.0026	8.6753	7.12	88097.2829	0.7131	227641.4707	0.7637	14	0.5833	10	17	3.7647	11	1.8824	1.8824	1.0	1.0	1.5714	1.5714	6	5	1	1	3	3	0.0149	0.0	0.0						0.0	0.0	0.0	-1.0	-1.0	-1.0	-1.0	-1.0	-1.0	-1.0	-1.0	0.3125	1.0	0.8444	0.2917	0.1167	-4.7549	-4.7549	-2891931.5595	0	0	-0.4074	1.83	0.0
BPI Challenge 2017	IMf	0.3765	-1.0	0.863	0.9999	0.8406	0.0	0.0	0.0007	0.5051	-0.18	-6	0.6	0.22	1.3143	-14.8547	-14.8547	0.8662	15	-15.5098	0.2721	9	-30.3645	0.2357	-2.3598	0.6664	0.0707	1.5	-0.0364	0.0433	1.0901	0.2965	2.3855	0.0715	2.5543	-6.1648	1.1981	-6.1997	1.1981	-0.4431	0.8622	0	-1	0	-0.1528	-116.5385	1202267	26	31509	15930	50.557	38.1563	26.109	2579082.6938	0.735	7709263.7909	0.7375	34	0.6296	20	38	3.0526	6	1.5263	1.5263	1.0	1.0	1.1176	1.1176	4	4	1	1	3	3	0.2405	0.8441	0.2584	0.7101	0.4946	0.714	0.2222	0.7917				-1.0	-1.0	0.8617	0.832	0.3625	0.3726	0.3618	0.3715	0.1414	0.7	0.4808	0.214	0.046	-31.1194	-39.0196	-97570325.1979	0	0	0.0013	460.02	0.8493
BPI Challenge 2017	IMd	0.0998	-1.0	0.8612	1.0	0.8602	0.0	0.0	0.004	0.3476	-9.2297	11	1.7333	0.1454	1.2077	-49.7932	-49.7932	2.4395	15	-15.5098	0.2721	26	-65.303	0.6638	10.1852	2.4398	-0.0835	0.4095	0.3917	0.2471	1.5139	0.0891	1.4164	-0.0292	0.3652	-80.9197	3.6003	-73.0195	3.6003	-0.2919	0.9092	0	-1	0	-0.169	-129.0	1202267	26	31509	15930	50.557	38.1563	26.109	2579082.6938	0.735	7709263.7909	0.7375	31	0.5439	26	24	4.75	13	2.375	2.375	1.0	1.0	1.0	1.0	11	11	1	1	1	1	2.0276	0.8527	0.8371	0.4839	0.3326	0.5004	0.0	0.6727				-1.0	-1.0	0.8587	0.8598	0.0954	0.0988	0.0954	0.0961	0.1414	0.7	0.4808	0.214	0.046	-31.1194	-39.0196	-97570325.1979	0	0	0.0013	583.01	0.8612
BPI Challenge 2017	ETM	0.9033	-1.0	0.8318	0.9999	0.8286	0.0	0.0	0.0007	0.9231	0.8172	-9	0.4	0.1	1.1429	-26.0	-26.0	0.419	15	-15.5098	0.2721	6	-41.5098	0.114	-5.0215	0.2902	0.3458	3.4455	-0.1581	-0.3211	0.3322	0.42	2.9626	0.1626	4.5348	11.1194	0.6427	16.2647	0.6427	-0.51	0.8414	0	-1	0	0.0282	22.6923	1202267	26	31509	15930	50.557	38.1563	26.109	2579082.6938	0.735	7709263.7909	0.7375	27	0.4821	29	51	2.6275	11	1.3137	1.3137	1.0	1.0	1.4074	1.4074	6	5	1	1	3	3	0.3262	0.8343	0.1854	0.9365	0.925	0.9346	0.2963	0.8144	0.8289	0.8318	0.7722	-1.0	-1.0	-1.0	-1.0	0.8988	0.9006	0.8927	0.8963	0.1414	0.7	0.4808	0.214	0.046	-31.1194	-39.0196	-97570325.1979	0	0	0.0013	225.95	0.8289
BPI_Challenge_2020_DomesticDeclarations	IMf	0.6512	0.935	0.935	0.9997	0.9363	0.0	0.0	0.007	0.5	-0.3875	-1	0.9	0.0	1.0	7.6096	7.6096	2.4661	10	-25.1194	0.1536	9	-17.5098	0.3788	1.5556	1.5958	-0.143	0.6266	0.2252	0.156	1.4863	-0.2695	0.6278	0.0233	1.2716	-10.0	1.7143	-5.6355	1.7143	-0.6969	0.7655	0	-1	0	0.2081	0.4832	56437	17	10500	99	0.9429	5.375	1.6683	1595.6229	0.6736	4527.6325	0.7648	12	0.5217	11	13	3.5385	5	1.7692	1.7692	1.0	1.0	1.0	1.0	3	3	1	1	1	1	0.0137	0.9079	0.4872	0.4881	0.4872	0.4769	0.3333	0.6528	0.935	0.935	0.935	0.9384	0.9476	0.9403	0.9356	0.6329	0.5539	0.597	0.43	0.383	1.0	0.3208	0.724	0.0858	-14.0	-20.3645	-8257069.518	0	0	-0.4027	1.14	0.935
BPI_Challenge_2020_DomesticDeclarations	IMd	0.3376	0.9842	0.9867	0.9997	0.9742	0.0	0.0	0.007	0.3061	-3.3235	1	1.1	-0.1512	0.8488	0.713	0.713	4.8333	10	-25.1194	0.1536	11	-24.4064	0.7424	5.5556	3.1277	-0.2606	0.3196	0.5888	0.4865	2.5165	-0.3513	0.5148	-0.0547	0.3625	-24.0537	2.7181	-17.6892	2.7181	-0.7155	0.7592	0	-1	0	0.5201	-0.2915	56437	17	10500	99	0.9429	5.375	1.6683	1595.6229	0.6736	4527.6325	0.7648	18	0.6207	11	15	3.8667	6	1.9333	1.9333	1.0	1.0	1.0	1.0	3	3	1	1	1	1	0.122	0.963	0.5897	0.3773	0.3026	0.3406	0.3333	0.7391	0.9842	0.9842	0.9842	0.984	0.9778	0.9851	0.9929	0.3302	0.3315	0.3141	0.2319	0.383	1.0	0.3208	0.724	0.0858	-14.0	-20.3645	-8257069.518	0	0	-0.4027	0.37	0.9842
BPI_Challenge_2020_DomesticDeclarations	ETM	0.7056	0.9594	0.9606	0.9996	0.9699	0.0	0.0	0.007	0.5556	0.1448	-1	0.9	0.0	1.0	16.3645	16.3645	2.1309	10	-25.1194	0.1536	9	-8.7549	0.3273	0.6616	1.2534	-0.0774	0.7979	0.1737	0.2577	1.8033	-0.2629	0.6369	0.0304	1.3543	1.2451	0.9111	7.6096	0.9111	-0.9961	0.6648	0	-1	0	0.0906	0.775	56437	17	10500	99	0.9429	5.375	1.6683	1595.6229	0.6736	4527.6325	0.7648	27	0.6923	12	32	3.9375	11	1.9688	1.9688	1.0	1.0	1.8889	1.8889	6	5	1	1	3	3	0.0695	0.969	0.4615	0.6601	0.5405	0.7031	0.3889	0.6825	0.9594	0.9606	0.8362	0.9678	0.7785	0.9703	0.9088	0.7042	0.5701	0.6969	0.5404	0.383	1.0	0.3208	0.724	0.0858	-14.0	-20.3645	-8257069.518	0	0	-0.4027	0.51	0.9594
5a_VARA_CIVEL_-_TJMT	IMf	0.1946	0.6088	0.6738	0.8678	0.3798	43.2667	0.0343	0.013	0.5732	-0.3434	-9	0.55	0.0	1.0	48.8289	48.8289	3.9923	20	-57.5838	0.1556	11	-8.7549	0.6212	1.3889	1.2551	-0.0374	0.7964	0.4656	0.253	1.4804	-0.2462	0.2962	0.0084	1.2176	19.7744	0.3523	52.9085	0.3523	-1.565	0.6027	0	-1	0	0.0986	0.7283	1098	35	29	29	100.0	37.8621	41.3153	3161.2976	0.4424	7526.8751	0.9791	14	0.56	11	22	2.6364	4	1.3182	1.3182	1.3636	1.0	1.0	1.2857	2	2	5	1	1	4	1019.3096	0.3873	0.2419	0.7754	0.6	0.7544	0.6667	0.7965				0.3905	0.4685	0.4203	0.3487	0.0	0.16	0.0	0.1848	0.1837	1.0	0.5266	0.3498	0.0386	-30.5293	-69.1732	-90147.6301	0	0	-0.3629	16.77	0.6088
5a_VARA_CIVEL_-_TJMT	IMd	0.1508	0.5364	0.6379	0.8669	0.3886	43.2667	0.0343	0.013	0.5974	-0.2777	-12	0.4	-0.3	0.7	41.2193	41.2193	3.7487	20	-57.5838	0.1556	8	-16.3645	0.5833	0.9723	1.1786	-0.0279	0.8481	0.4277	0.127	1.2412	0.0047	1.0134	0.019	1.4922	8.2646	0.7293	46.9085	0.7293	-1.7533	0.5549	0	-1	0	0.3333	0.0816	1098	35	29	29	100.0	37.8621	41.3153	3161.2976	0.4424	7526.8751	0.9791	23	0.6765	11	21	3.3333	6	1.6667	1.6667	1.0	1.0	1.0435	1.0435	3	4	1	1	2	2	0.5874	0.3966	0.2366	0.7624	0.6471	0.7306	0.6667	0.7974	0.5383	0.6379	0.5317	0.3576	0.507	0.383	0.3597	0.0	0.1404	0.0	0.1405	0.1837	1.0	0.5266	0.3498	0.0386	-30.5293	-69.1732	-90147.6301	0	0	-0.3629	0.48	0.5383
5a_VARA_CIVEL_-_TJMT	ETM	0.963	0.4605	0.6281	0.8571	0.6007	43.2667	0.0343	0.013	0.9211	0.6034	-14	0.3	0.0	1.0	24.3645	24.3645	0.8978	20	-57.5838	0.1556	6	-33.2193	0.1397	-3.2091	0.4106	0.2637	2.4355	-0.0159	-0.2778	0.4725	0.0946	1.2704	0.0996	3.5803	12.5293	0.5896	49.1732	0.5896	-1.0672	0.7291	0	-1	0	0.2307	0.3643	1098	35	29	29	100.0	37.8621	41.3153	3161.2976	0.4424	7526.8751	0.9791	15	0.2	60	66	2.5152	11	1.2576	1.2576	1.0	1.0	1.5333	1.5333	6	5	1	1	3	3	0.2406	0.6024	0.1774	0.9416	0.9211	0.9379	0.5278	0.8241	0.4301	0.6281	0.4255	0.5026	0.5398	0.4529	0.5657	0.9286	0.9259	0.9231	0.8571	0.1837	1.0	0.5266	0.3498	0.0386	-30.5293	-69.1732	-90147.6301	0	0	-0.3629	1.44	0.4301
VARA_DE_SUCESSOES_E_REGISTROS_PUBLICOS_DA_COMARCA_DE_JABOATAO_DOS_GUARARAPES_-_TJPE	IMf	0.4592	0.6065	0.6065	0.973	0.6081	26.0	0.037	0.0113	0.7059	-0.3383	-11	0.3529	-0.2286	0.7142	32.3645	32.3645	2.763	17	-44.3645	0.1709	6	-12.0	0.4722	-0.6666	0.85	0.0397	1.1764	0.3013	0.0878	1.2164	-0.1503	0.7689	0.0944	2.873	37.7744	0.2093	46.1057	0.2093	-1.5898	0.5702	0	-1	0	-0.0813	1.2456	3534	26	28	28	100.0	126.2143	123.4947	10244.9502	0.3797	28340.9105	0.9803	31	0.7949	8	26	3.0	4	1.5	1.5	1.0	1.0	1.0	1.0	2	2	1	1	1	1	0.0212	0.6101	0.193	0.7248	0.6875	0.7456	0.6667	0.8154	0.6065	0.6065	0.6065	0.5903	0.6201	0.5625	0.6436	0.0	0.4565	0.0	0.359	0.225	0.8	0.4057	0.6503	0.0504	-47.7744	-56.1057	-246038.8945	0	0	-0.331	0.4	0.6065
VARA_DE_SUCESSOES_E_REGISTROS_PUBLICOS_DA_COMARCA_DE_JABOATAO_DOS_GUARARAPES_-_TJPE	IMd	0.0987	0.7063	0.7127	0.9787	0.6786	26.0	0.037	0.0036	0.3284	-3.7948	-5	0.7059	0.2	1.25	15.8352	15.8352	5.9403	17	-44.3645	0.1709	12	-28.5293	1.0152	6.7223	2.5125	-0.1354	0.3982	0.8443	0.5507	2.3574	-0.6094	0.0629	-0.0436	0.1349	12.5551	0.7372	20.8864	0.7372	-1.376	0.628	0	-1	0	0.2477	0.2517	3534	26	28	28	100.0	126.2143	123.4947	10244.9502	0.3797	28340.9105	0.9803	42	0.7925	11	33	3.2121	6	1.6061	1.6061	1.0	1.0	1.0	1.0	3	4	1	1	1	1	45.8911	0.6811	0.3509	0.4782	0.3571	0.4738	0.5556	0.7905				0.7109	0.7729	0.6824	0.7222	0.0	0.0927	0.0	0.1014	0.225	0.8	0.4057	0.6503	0.0504	-47.7744	-56.1057	-246038.8945	0	0	-0.331	0.55	0.7063
VARA_DE_SUCESSOES_E_REGISTROS_PUBLICOS_DA_COMARCA_DE_JABOATAO_DOS_GUARARAPES_-_TJPE	ETM	0.9955	-1.0	0.9093	0.9764	0.9304	26.0	0.037	0.0113	0.973	0.9792	-12	0.2941	-0.3	0.625	32.3645	32.3645	1.3879	17	-44.3645	0.1709	5	-12.0	0.2372	-1.5982	0.6404	0.1264	1.5618	0.0663	-0.2032	0.4991	-0.1427	0.7806	0.1116	3.2143	41.0195	0.1414	47.3508	0.1414	-1.0088	0.7273	0	-1	0	0.2553	0.2287	3534	26	28	28	100.0	126.2143	123.4947	10244.9502	0.3797	28340.9105	0.9803	13	0.0644	189	193	2.0933	3	1.0466	1.0466	1.0	1.0	1.0	1.0	2	2	1	1	1	1	2.7918	0.9307	0.2982	0.9697	0.9714	0.97	0.5185	0.7025	0.4778	0.9093	0.4698	-1.0	-1.0	-1.0	-1.0	0.9921	0.9889	0.9167	0.9857	0.225	0.8	0.4057	0.6503	0.0504	-47.7744	-56.1057	-246038.8945	0	0	-0.331	24.7	0.4778
